juego,concurso,fecha,bolsa,n1,n2,n3,n4,n5,n6,adicional
melate,1,1984-08-19,0,1,4,7,11,19,30,36
melate,2,1984-08-26,0,5,6,24,30,34,38,32
melate,3,1984-09-02,0,16,18,19,21,29,32,27
melate,4,1984-09-09,0,8,12,15,18,20,34,37
melate,5,1984-09-16,0,4,10,13,18,33,39,11
melate,6,1984-09-23,0,12,23,29,31,32,36,1
melate,7,1984-09-30,0,12,14,21,29,32,39,26
melate,8,1984-10-07,0,4,12,17,19,20,30,25
melate,9,1984-10-14,0,4,6,10,15,32,36,33
melate,10,1984-10-21,0,2,3,24,25,29,34,7
melate,11,1984-10-28,0,3,5,14,15,26,34,28
melate,12,1984-11-04,0,3,14,24,32,36,39,28
melate,13,1984-11-11,0,6,9,23,24,28,36,26
melate,14,1984-11-18,0,4,8,25,32,36,38,27
melate,15,1984-11-25,0,6,9,15,23,32,37,7
melate,16,1984-12-02,0,2,11,13,22,30,36,24
melate,17,1984-12-09,0,10,19,20,25,30,32,7
melate,18,1984-12-16,0,1,3,4,26,28,36,6
melate,19,1984-12-23,0,3,18,22,26,31,36,14
melate,20,1984-12-30,0,4,21,27,31,33,39,14
melate,21,1985-01-06,0,4,12,13,17,34,36,21
melate,22,1985-01-13,0,2,5,8,14,35,38,24
melate,23,1985-01-20,0,3,18,22,24,26,33,2
melate,24,1985-01-27,0,3,10,16,22,28,29,27
melate,25,1985-02-03,0,3,7,19,20,26,29,21
melate,26,1985-02-10,0,9,21,25,26,29,32,5
melate,27,1985-02-17,0,12,13,23,27,30,35,1
melate,28,1985-02-24,0,6,8,11,13,24,30,5
melate,29,1985-03-03,0,1,5,8,18,33,35,19
melate,30,1985-03-10,0,12,14,20,22,25,26,33
melate,31,1985-03-17,0,14,18,23,28,31,35,38
melate,32,1985-03-24,0,6,17,22,27,37,39,26
melate,33,1985-03-31,0,6,11,14,16,27,29,28
melate,34,1985-04-07,0,1,8,10,17,21,38,9
melate,35,1985-04-14,0,1,7,12,19,20,28,10
melate,36,1985-04-21,0,3,8,11,27,29,38,14
melate,37,1985-04-28,0,2,12,14,27,28,36,34
melate,38,1985-05-05,0,5,12,21,27,29,33,16
melate,39,1985-05-12,0,2,10,31,34,35,39,20
melate,40,1985-05-19,0,2,5,6,9,11,15,1
melate,41,1985-05-26,0,3,9,20,21,23,28,31
melate,42,1985-06-02,0,10,22,29,31,38,39,36
melate,43,1985-06-09,0,26,27,29,30,36,39,19
melate,44,1985-06-16,0,9,10,16,21,26,29,15
melate,45,1985-06-23,0,2,11,15,18,30,34,23
melate,46,1985-06-30,0,2,9,23,29,34,37,31
melate,47,1985-07-07,0,11,16,25,26,29,35,8
melate,48,1985-07-14,0,1,16,19,32,36,38,22
melate,49,1985-07-21,0,20,22,26,28,30,32,12
melate,50,1985-07-28,0,6,21,22,28,30,35,32
melate,51,1985-08-04,0,3,21,24,29,31,34,26
melate,52,1985-08-11,0,6,10,11,22,27,28,37
melate,53,1985-08-18,0,7,8,9,16,17,21,3
melate,54,1985-08-25,0,15,20,21,27,30,36,33
melate,55,1985-09-01,0,1,19,27,28,34,39,20
melate,56,1985-09-08,0,3,6,11,21,34,37,9
melate,57,1985-09-15,0,7,14,17,22,24,26,30
melate,58,1985-09-22,0,4,10,22,28,30,37,1
melate,59,1985-09-29,0,6,7,13,32,37,38,28
melate,60,1985-10-06,0,5,21,24,26,30,36,38
melate,61,1985-10-13,0,3,19,20,24,25,38,30
melate,62,1985-10-20,0,4,7,19,22,29,31,13
melate,63,1985-10-27,0,7,8,9,14,21,36,38
melate,64,1985-11-03,0,7,13,18,19,21,29,34
melate,65,1985-11-10,0,2,4,19,22,33,35,8
melate,66,1985-11-17,0,6,8,11,15,33,36,4
melate,67,1985-11-24,0,9,11,12,29,30,36,28
melate,68,1985-12-01,0,12,21,23,35,37,39,33
melate,69,1985-12-08,0,4,16,17,20,26,33,23
melate,70,1985-12-15,0,2,3,6,21,33,36,12
melate,71,1985-12-22,0,5,12,16,24,31,34,7
melate,72,1985-12-29,0,2,5,7,8,21,30,39
melate,73,1986-01-05,0,4,9,10,27,37,39,2
melate,74,1986-01-12,0,2,4,30,31,37,39,17
melate,75,1986-01-19,0,11,15,32,34,38,39,22
melate,76,1986-01-26,0,14,15,20,21,22,37,30
melate,77,1986-02-02,0,3,12,15,16,18,38,9
melate,78,1986-02-09,0,1,12,15,21,24,37,13
melate,79,1986-02-16,0,5,6,8,9,11,29,18
melate,80,1986-02-23,0,7,16,23,29,31,38,26
melate,81,1986-03-02,0,2,9,12,17,25,32,3
melate,82,1986-03-09,0,8,10,11,16,18,34,36
melate,83,1986-03-16,0,2,14,19,23,28,35,9
melate,84,1986-03-23,0,14,19,21,24,28,30,32
melate,85,1986-03-30,0,4,18,19,20,22,36,35
melate,86,1986-04-06,0,2,11,13,22,24,38,20
melate,87,1986-04-13,0,7,16,19,22,29,33,6
melate,88,1986-04-20,0,5,13,16,17,20,34,29
melate,89,1986-04-27,0,5,22,24,29,31,37,18
melate,90,1986-05-04,0,9,12,33,35,38,39,19
melate,91,1986-05-11,0,13,25,27,28,33,36,19
melate,92,1986-05-18,0,6,19,25,27,28,33,8
melate,93,1986-05-25,0,2,7,16,18,22,26,9
melate,94,1986-06-01,0,7,23,24,27,35,37,39
melate,95,1986-06-08,0,1,22,23,26,27,28,33
melate,96,1986-06-15,0,2,8,10,27,34,36,1
melate,97,1986-06-22,0,1,17,27,33,34,38,19
melate,98,1986-06-29,0,4,7,25,28,33,35,26
melate,99,1986-07-06,0,1,4,7,10,34,37,6
melate,100,1986-07-13,0,2,6,12,19,33,35,5
melate,101,1986-07-20,0,9,12,13,21,28,39,2
melate,102,1986-07-27,0,10,13,15,18,25,26,35
melate,103,1986-08-03,0,3,7,13,23,24,30,1
melate,104,1986-08-10,0,10,12,20,21,31,38,19
melate,105,1986-08-17,0,1,11,17,28,34,37,39
melate,106,1986-08-24,0,7,17,21,28,31,37,30
melate,107,1986-08-31,0,4,10,12,20,30,34,23
melate,108,1986-09-07,0,7,12,33,34,37,39,6
melate,109,1986-09-14,0,5,13,15,22,28,34,1
melate,110,1986-09-21,0,3,19,21,28,31,39,38
melate,111,1986-09-28,0,1,5,8,35,37,39,12
melate,112,1986-10-05,0,13,15,19,20,22,28,5
melate,113,1986-10-12,0,15,18,21,25,27,32,26
melate,114,1986-10-19,0,3,8,12,25,27,39,32
melate,115,1986-10-26,0,5,6,8,9,15,27,34
melate,116,1986-11-02,0,1,2,3,5,15,24,4
melate,117,1986-11-09,0,7,10,14,16,20,28,32
melate,118,1986-11-16,0,2,13,18,19,31,37,36
melate,119,1986-11-23,0,1,5,9,22,26,32,18
melate,120,1986-11-30,0,4,7,24,25,27,38,30
melate,121,1986-12-07,0,2,13,17,28,32,37,9
melate,122,1986-12-14,0,13,14,25,27,32,33,17
melate,123,1986-12-21,0,1,13,15,21,35,36,8
melate,124,1986-12-28,0,2,5,11,18,26,36,22
melate,125,1987-01-04,0,2,10,22,33,38,39,19
melate,126,1987-01-11,0,1,6,19,20,24,37,2
melate,127,1987-01-18,0,3,15,25,28,31,38,37
melate,128,1987-01-25,0,7,9,18,20,28,36,32
melate,129,1987-02-01,0,7,16,24,25,37,38,10
melate,130,1987-02-08,0,1,6,16,29,37,39,5
melate,131,1987-02-15,0,2,13,14,21,23,26,9
melate,132,1987-02-22,0,5,15,17,30,31,36,4
melate,133,1987-03-01,0,17,18,23,28,31,34,32
melate,134,1987-03-08,0,20,23,25,31,37,39,32
melate,135,1987-03-15,0,3,13,16,20,21,28,19
melate,136,1987-03-22,0,7,11,18,22,26,28,12
melate,137,1987-03-29,0,5,7,8,22,29,33,14
melate,138,1987-04-05,0,2,3,11,12,15,23,32
melate,139,1987-04-12,0,11,20,25,26,29,33,38
melate,140,1987-04-19,0,5,13,18,22,24,33,27
melate,141,1987-04-26,0,1,5,16,18,20,22,12
melate,142,1987-05-03,0,2,4,5,6,11,33,9
melate,143,1987-05-10,0,8,16,17,29,30,32,12
melate,144,1987-05-17,0,11,20,24,30,33,36,18
melate,145,1987-05-24,0,5,9,19,23,29,37,16
melate,146,1987-05-31,0,9,15,22,23,24,35,8
melate,147,1987-06-07,0,15,20,26,36,37,39,23
melate,148,1987-06-14,0,1,3,15,17,18,25,35
melate,149,1987-06-21,0,3,7,20,30,34,38,33
melate,150,1987-06-28,0,3,5,12,19,36,37,39
melate,151,1987-07-05,0,10,18,22,27,29,38,5
melate,152,1987-07-12,0,7,11,15,18,19,20,8
melate,153,1987-07-19,0,2,7,9,13,15,19,24
melate,154,1987-07-26,0,5,9,15,21,32,36,13
melate,155,1987-08-02,0,1,23,30,34,37,38,9
melate,156,1987-08-09,0,4,12,15,17,20,28,39
melate,157,1987-08-16,0,6,16,22,27,30,35,36
melate,158,1987-08-23,0,1,6,18,28,30,34,26
melate,159,1987-08-30,0,8,11,12,15,31,38,10
melate,160,1987-09-06,0,17,18,21,27,30,35,28
melate,161,1987-09-13,0,16,23,25,27,30,35,14
melate,162,1987-09-20,0,10,16,18,21,29,38,28
melate,163,1987-09-27,0,11,16,19,23,25,37,22
melate,164,1987-10-04,0,3,11,12,16,24,28,20
melate,165,1987-10-11,0,11,12,15,19,32,33,29
melate,166,1987-10-18,0,8,11,16,27,37,38,5
melate,167,1987-10-25,0,1,8,12,27,34,37,35
melate,168,1987-11-01,0,7,15,22,32,33,36,20
melate,169,1987-11-08,340000000,12,20,26,32,37,38,10
melate,170,1987-11-15,370000000,6,16,17,28,30,36,29
melate,171,1987-11-22,420000000,8,9,18,19,20,31,10
melate,172,1987-11-29,200000000,12,21,26,29,35,36,31
melate,173,1987-12-06,200000000,10,16,25,29,35,36,9
melate,174,1987-12-13,200000000,6,22,23,30,31,34,10
melate,175,1987-12-20,200000000,5,8,30,34,37,38,20
melate,176,1987-12-27,200000000,3,6,12,15,17,24,31
melate,177,1988-01-03,200000000,3,13,20,34,35,38,33
melate,178,1988-01-10,200000000,3,4,7,8,16,33,2
melate,179,1988-01-17,200000000,10,13,14,20,22,35,27
melate,180,1988-01-24,200000000,12,17,21,23,24,38,10
melate,181,1988-01-31,200000000,7,15,22,29,30,37,3
melate,182,1988-02-07,200000000,6,11,12,16,21,34,15
melate,183,1988-02-14,400000000,6,16,22,27,37,38,24
melate,184,1988-02-21,400000000,6,12,14,24,33,35,20
melate,185,1988-02-28,400000000,2,15,17,28,36,37,39
melate,186,1988-03-06,400000000,4,6,14,20,25,39,33
melate,187,1988-03-13,400000000,5,9,10,21,26,35,30
melate,188,1988-03-20,400000000,6,24,31,37,38,39,22
melate,189,1988-03-27,400000000,6,8,12,25,27,32,26
melate,190,1988-04-03,400000000,3,7,11,18,23,34,30
melate,191,1988-04-10,400000000,18,21,23,26,27,31,7
melate,192,1988-04-17,400000000,8,14,18,24,27,39,31
melate,193,1988-04-24,400000000,1,18,22,23,34,36,31
melate,194,1988-05-01,400000000,5,14,15,19,20,21,22
melate,195,1988-05-08,400000000,4,14,18,21,35,36,12
melate,196,1988-05-15,400000000,1,8,9,20,22,34,24
melate,197,1988-05-22,400000000,6,8,13,24,27,37,36
melate,198,1988-05-29,400000000,12,14,16,18,25,35,5
melate,199,1988-06-05,400000000,8,18,28,30,36,39,32
melate,200,1988-06-12,400000000,3,5,6,17,28,33,13
melate,201,1988-06-19,400000000,6,17,24,30,32,39,34
melate,202,1988-06-26,400000000,12,18,19,20,25,31,8
melate,203,1988-07-03,400000000,2,15,17,22,24,30,31
melate,204,1988-07-10,400000000,5,9,13,23,24,33,4
melate,205,1988-07-17,400000000,4,11,18,20,26,32,13
melate,206,1988-07-24,400000000,8,13,14,17,20,23,19
melate,207,1988-07-31,400000000,6,11,12,19,32,33,8
melate,208,1988-08-07,400000000,2,9,19,24,30,33,22
melate,209,1988-08-14,400000000,10,12,16,30,33,37,15
melate,210,1988-08-21,400000000,9,14,23,29,31,33,24
melate,211,1988-08-28,400000000,11,18,20,28,36,37,29
melate,212,1988-09-04,400000000,4,10,21,29,30,37,7
melate,213,1988-09-11,450000000,10,12,18,19,32,35,31
melate,214,1988-09-18,520000000,14,23,24,26,36,38,1
melate,215,1988-09-25,520000000,3,6,19,23,28,29,24
melate,216,1988-10-02,400000000,2,13,24,32,35,36,27
melate,217,1988-10-09,400000000,9,13,15,17,29,30,26
melate,218,1988-10-16,400000000,3,6,14,20,21,27,33
melate,219,1988-10-23,400000000,1,5,10,14,26,35,38
melate,220,1988-10-30,400000000,2,19,22,26,28,29,11
melate,221,1988-11-06,400000000,1,5,29,32,36,38,14
melate,222,1988-11-13,400000000,1,7,10,13,32,36,37
melate,223,1988-11-20,400000000,4,25,33,34,35,37,13
melate,224,1988-11-27,400000000,2,19,21,27,30,37,18
melate,225,1988-12-04,400000000,2,12,14,24,29,33,32
melate,226,1988-12-11,400000000,2,4,10,16,17,26,15
melate,227,1988-12-18,400000000,12,15,21,23,35,39,36
melate,228,1988-12-25,400000000,2,8,20,23,32,35,9
melate,229,1989-01-01,400000000,2,3,11,23,25,37,16
melate,230,1989-01-08,400000000,3,13,18,24,28,33,39
melate,231,1989-01-15,400000000,11,21,28,29,35,37,14
melate,232,1989-01-22,400000000,5,11,12,27,37,38,30
melate,233,1989-01-29,400000000,12,16,17,20,21,39,3
melate,234,1989-02-05,500000000,3,5,22,27,29,38,19
melate,235,1989-02-12,580000000,15,17,26,34,36,37,13
melate,236,1989-02-19,680000000,3,9,15,33,38,39,11
melate,237,1989-02-26,400000000,8,19,20,22,23,32,39
melate,238,1989-03-05,500000000,8,11,21,29,31,33,22
melate,239,1989-03-12,500000000,7,12,13,21,23,27,32
melate,240,1989-03-19,500000000,6,10,12,13,15,26,3
melate,241,1989-03-26,550000000,11,18,25,31,34,38,6
melate,242,1989-04-02,650000000,12,25,31,36,37,39,1
melate,243,1989-04-09,770000000,2,6,14,15,21,30,34
melate,244,1989-04-16,950000000,6,8,15,16,31,36,17
melate,245,1989-04-23,1100000000,1,11,14,19,28,34,8
melate,246,1989-04-30,1350000000,4,11,13,15,16,35,37
melate,247,1989-05-07,1500000000,8,13,15,18,23,39,27
melate,248,1989-05-14,1750000000,1,21,31,33,34,39,27
melate,249,1989-05-21,500000000,4,6,16,33,36,39,13
melate,250,1989-05-28,500000000,4,13,15,20,32,35,30
melate,251,1989-06-04,500000000,10,11,19,29,32,33,4
melate,252,1989-06-11,500000000,5,8,11,29,34,35,3
melate,253,1989-06-18,500000000,3,9,11,16,30,39,23
melate,254,1989-06-25,500000000,3,4,13,15,16,35,28
melate,255,1989-07-02,500000000,14,21,28,30,32,36,13
melate,256,1989-07-09,500000000,14,15,18,23,34,38,10
melate,257,1989-07-16,600000000,2,3,4,17,31,33,1
melate,258,1989-07-23,800000000,11,15,17,21,28,29,12
melate,259,1989-07-30,500000000,7,21,30,32,33,36,23
melate,260,1989-08-06,500000000,8,13,16,21,22,32,15
melate,261,1989-08-13,500000000,2,11,12,16,18,32,35
melate,262,1989-08-20,700000000,8,11,17,27,30,38,4
melate,263,1989-08-27,850000000,5,6,10,22,30,32,14
melate,264,1989-09-03,1050000000,4,18,19,23,25,27,20
melate,265,1989-09-10,500000000,2,10,22,28,29,37,12
melate,266,1989-09-17,500000000,2,17,18,19,28,29,12
melate,267,1989-09-24,500000000,2,12,20,24,28,33,29
melate,268,1989-10-01,500000000,9,10,11,13,20,24,8
melate,269,1989-10-08,500000000,2,7,8,14,26,31,11
melate,270,1989-10-15,500000000,10,14,18,21,27,36,6
melate,271,1989-10-22,500000000,1,18,21,22,32,33,16
melate,272,1989-10-29,500000000,5,14,16,22,31,33,39
melate,273,1989-11-05,750000000,7,9,13,22,27,35,14
melate,274,1989-11-12,500000000,15,17,23,24,26,37,18
melate,275,1989-11-19,500000000,5,6,15,17,24,31,3
melate,276,1989-11-26,600000000,1,5,7,21,35,38,23
melate,277,1989-12-03,800000000,2,10,14,16,17,32,1
melate,278,1989-12-10,1000000000,14,19,23,25,32,35,39
melate,279,1989-12-17,1000000000,1,2,4,29,34,35,30
melate,280,1989-12-24,1600000000,15,16,17,23,27,31,37
melate,281,1989-12-31,2000000000,2,7,12,14,23,35,22
melate,282,1990-01-07,2300000000,1,5,15,16,33,36,18
melate,283,1990-01-14,500000000,7,9,13,14,21,35,25
melate,284,1990-01-21,500000000,15,16,26,30,33,34,10
melate,285,1990-01-28,600000000,11,13,17,22,35,38,5
melate,286,1990-02-04,500000000,12,14,23,27,30,36,18
melate,287,1990-02-11,500000000,2,3,17,20,26,37,12
melate,288,1990-02-18,600000000,2,5,13,22,28,38,20
melate,289,1990-02-25,500000000,7,18,21,28,36,39,6
melate,290,1990-03-04,500000000,3,7,19,20,22,27,10
melate,291,1990-03-11,500000000,4,12,23,28,36,37,21
melate,292,1990-03-18,500000000,9,18,21,26,29,32,16
melate,293,1990-03-25,600000000,11,13,14,24,31,33,20
melate,294,1990-04-01,500000000,7,9,10,17,22,23,33
melate,295,1990-04-08,500000000,2,7,11,19,27,39,28
melate,296,1990-04-15,750000000,1,11,18,24,35,37,19
melate,297,1990-04-22,750000000,8,22,23,25,35,37,29
melate,298,1990-04-29,750000000,2,3,5,8,33,36,15
melate,299,1990-05-06,500000000,2,3,16,22,27,29,14
melate,300,1990-05-13,500000000,7,10,11,24,27,30,22
melate,301,1990-05-20,500000000,3,10,12,15,17,24,9
melate,302,1990-05-27,500000000,16,17,24,27,37,38,1
melate,303,1990-06-03,800000000,2,19,20,26,34,38,37
melate,304,1990-06-10,500000000,2,20,22,23,27,37,39
melate,305,1990-06-17,500000000,7,8,10,14,26,31,12
melate,306,1990-06-24,500000000,4,15,16,20,29,37,13
melate,307,1990-07-01,500000000,9,11,14,19,30,35,38
melate,308,1990-07-08,500000000,9,19,24,25,26,34,28
melate,309,1990-07-15,500000000,1,21,24,35,38,39,26
melate,310,1990-07-22,500000000,9,16,21,28,30,39,25
melate,311,1990-07-29,500000000,5,14,27,34,36,38,4
melate,312,1990-08-05,500000000,9,12,15,26,34,37,17
melate,313,1990-08-12,500000000,1,7,9,14,23,31,2
melate,314,1990-08-19,700000000,3,6,17,22,27,32,16
melate,315,1990-08-26,700000000,2,10,11,28,29,37,33
melate,316,1990-09-02,700000000,5,14,15,20,29,37,35
melate,317,1990-09-09,500000000,4,8,12,26,28,37,5
melate,318,1990-09-16,500000000,12,16,24,29,34,36,1
melate,319,1990-09-23,700000000,5,11,22,24,33,38,2
melate,320,1990-09-30,500000000,1,3,12,15,20,26,25
melate,321,1990-10-07,700000000,11,13,19,25,28,38,7
melate,322,1990-10-14,500000000,4,11,19,21,29,31,25
melate,323,1990-10-21,700000000,5,18,20,28,34,39,11
melate,324,1990-10-28,1000000000,8,9,11,21,32,37,38
melate,325,1990-11-04,1300000000,6,11,16,19,36,39,8
melate,326,1990-11-11,1800000000,15,17,28,29,30,39,8
melate,327,1990-11-18,2400000000,1,21,23,36,37,38,12
melate,328,1990-11-25,500000000,6,12,16,20,32,34,28
melate,329,1990-12-02,800000000,4,6,25,30,31,38,33
melate,330,1990-12-09,1200000000,3,5,6,9,12,39,30
melate,331,1990-12-16,500000000,1,6,10,11,36,38,28
melate,332,1990-12-23,500000000,4,5,6,18,34,36,32
melate,333,1990-12-30,800000000,8,16,20,27,31,33,10
melate,334,1991-01-06,500000000,6,17,22,27,28,33,29
melate,335,1991-01-13,700000000,1,5,6,29,36,39,13
melate,336,1991-01-20,500000000,4,8,25,34,35,39,19
melate,337,1991-01-27,800000000,7,17,29,32,33,37,34
melate,338,1991-02-03,1200000000,5,12,15,16,31,32,1
melate,339,1991-02-10,1200000000,3,21,27,30,35,37,15
melate,340,1991-02-17,500000000,1,7,18,27,34,37,14
melate,341,1991-02-24,500000000,4,7,15,33,35,37,26
melate,342,1991-03-03,800000000,1,7,15,22,27,38,17
melate,343,1991-03-10,500000000,1,2,13,22,27,39,24
melate,344,1991-03-17,800000000,4,5,9,13,19,22,32
melate,345,1991-03-24,1200000000,3,8,13,24,28,33,17
melate,346,1991-03-31,1600000000,15,18,25,27,29,36,14
melate,347,1991-04-03,2000000000,9,13,24,26,32,37,6
melate,348,1991-04-07,500000000,5,9,20,29,35,38,15
melate,349,1991-04-10,700000000,7,12,16,17,20,32,14
melate,350,1991-04-14,500000000,7,14,15,24,25,29,37
melate,351,1991-04-17,700000000,1,11,22,23,34,36,13
melate,352,1991-04-21,500000000,1,17,20,21,32,39,31
melate,353,1991-04-24,700000000,5,11,13,23,29,33,39
melate,354,1991-04-28,500000000,4,6,7,10,14,29,27
melate,355,1991-05-01,500000000,3,6,8,14,21,31,15
melate,356,1991-05-05,500000000,7,11,16,24,28,33,32
melate,357,1991-05-08,500000000,1,4,5,16,25,30,21
melate,358,1991-05-12,700000000,11,13,14,15,30,36,16
melate,359,1991-05-15,900000000,6,11,23,30,34,37,17
melate,360,1991-05-19,500000000,1,2,15,25,31,33,4
melate,361,1991-05-22,600000000,10,23,28,33,36,39,18
melate,362,1991-05-26,500000000,7,11,14,23,30,33,37
melate,363,1991-05-29,500000000,16,18,20,23,36,38,1
melate,364,1991-06-02,500000000,2,10,11,15,20,38,18
melate,365,1991-06-05,600000000,21,22,34,37,38,39,11
melate,366,1991-06-09,500000000,3,9,12,21,22,30,16
melate,367,1991-06-12,500000000,1,5,17,23,36,37,28
melate,368,1991-06-16,500000000,3,11,13,20,28,33,24
melate,369,1991-06-19,500000000,2,15,17,20,22,30,1
melate,370,1991-06-23,500000000,7,17,26,27,31,32,4
melate,371,1991-06-26,500000000,6,11,13,17,21,35,29
melate,372,1991-06-30,500000000,6,12,18,19,27,28,36
melate,373,1991-07-03,500000000,3,10,12,13,14,16,23
melate,374,1991-07-07,800000000,2,3,15,18,19,22,6
melate,375,1991-07-10,1000000000,18,22,28,31,35,36,33
melate,376,1991-07-14,500000000,6,9,13,14,19,30,7
melate,377,1991-07-17,500000000,5,9,16,17,27,35,7
melate,378,1991-07-21,800000000,1,2,11,12,20,39,7
melate,379,1991-07-24,1000000000,3,10,12,15,20,21,36
melate,380,1991-07-28,500000000,5,13,24,27,32,37,9
melate,381,1991-07-31,500000000,13,14,26,27,36,39,29
melate,382,1991-08-04,550000000,12,23,24,30,37,38,18
melate,383,1991-08-07,500000000,1,11,20,28,33,34,7
melate,384,1991-08-11,500000000,1,3,7,15,23,33,13
melate,385,1991-08-14,700000000,5,6,7,13,14,31,37
melate,386,1991-08-18,500000000,7,8,20,24,32,39,11
melate,387,1991-08-21,500000000,1,14,15,20,23,24,29
melate,388,1991-08-25,500000000,6,11,16,24,35,37,36
melate,389,1991-08-28,700000000,7,14,18,23,32,39,37
melate,390,1991-09-01,700000000,4,12,16,17,28,32,9
melate,391,1991-09-04,1300000000,5,9,12,23,27,35,33
melate,392,1991-09-08,500000000,1,22,31,34,36,37,8
melate,393,1991-09-11,500000000,5,9,12,19,22,35,32
melate,394,1991-09-15,800000000,6,9,13,14,32,37,26
melate,395,1991-09-18,500000000,2,7,19,25,28,32,38
melate,396,1991-09-22,500000000,2,6,8,27,33,37,21
melate,397,1991-09-25,500000000,8,23,27,32,35,38,24
melate,398,1991-09-29,800000000,8,12,18,26,36,37,17
melate,399,1991-10-02,1000000000,8,9,13,15,20,24,36
melate,400,1991-10-06,1350000000,4,11,16,22,33,34,24
melate,401,1991-10-09,500000000,4,8,20,25,27,38,13
melate,402,1991-10-13,500000000,9,13,25,34,37,39,12
melate,403,1991-10-16,500000000,4,22,25,30,32,33,12
melate,404,1991-10-20,500000000,2,3,19,22,34,39,30
melate,405,1991-10-23,500000000,9,13,16,24,26,27,17
melate,406,1991-10-27,750000000,1,8,12,27,32,38,30
melate,407,1991-10-30,500000000,1,6,15,23,27,29,32
melate,408,1991-11-03,500000000,6,7,14,27,30,36,11
melate,409,1991-11-06,500000000,3,9,12,19,26,38,13
melate,410,1991-11-10,500000000,8,10,14,18,19,38,22
melate,411,1991-11-13,500000000,10,12,17,19,31,34,4
melate,412,1991-11-17,750000000,17,19,24,27,28,38,37
melate,413,1991-11-20,950000000,5,10,13,17,19,36,26
melate,414,1991-11-24,1200000000,4,7,12,16,28,37,19
melate,415,1991-11-27,500000000,12,13,16,19,24,28,20
melate,416,1991-12-01,500000000,7,9,14,15,22,23,27
melate,417,1991-12-04,500000000,8,9,14,20,24,39,26
melate,418,1991-12-08,500000000,7,11,14,18,36,39,33
melate,419,1991-12-11,500000000,5,12,14,19,37,39,10
melate,420,1991-12-15,500000000,3,8,32,33,35,37,17
melate,421,1991-12-18,700000000,2,6,21,26,28,32,25
melate,422,1991-12-22,950000000,4,16,17,20,30,37,5
melate,423,1991-12-25,1200000000,1,3,5,24,30,34,7
melate,424,1991-12-29,1400000000,10,11,12,13,31,39,9
melate,425,1992-01-01,500000000,11,13,17,26,36,39,2
melate,426,1992-01-05,500000000,10,11,13,16,30,38,14
melate,427,1992-01-08,500000000,15,19,24,30,33,34,18
melate,428,1992-01-12,500000000,10,22,27,33,34,36,21
melate,429,1992-01-15,700000000,7,14,15,17,29,33,25
melate,430,1992-01-19,1000000000,1,5,11,19,26,33,14
melate,431,1992-01-22,500000000,1,2,3,4,30,37,39
melate,432,1992-01-26,500000000,2,19,21,27,28,29,22
melate,433,1992-01-29,500000000,2,3,9,23,25,26,8
melate,434,1992-02-02,1500000000,1,17,18,21,23,36,38
melate,435,1992-02-05,2000000000,2,3,11,16,25,34,20
melate,436,1992-02-09,2700000000,3,9,11,21,22,35,30
melate,437,1992-02-12,3500000000,17,20,21,22,23,29,34
melate,438,1992-02-16,5000000000,2,6,11,19,31,35,5
melate,439,1992-02-19,6500000000,3,6,21,28,30,36,7
melate,440,1992-02-23,8500000000,1,4,9,23,25,30,21
melate,441,1992-02-26,1000000000,9,12,15,17,29,38,39
melate,442,1992-03-01,1000000000,1,14,17,23,26,35,39
melate,443,1992-03-04,2500000000,3,16,18,25,26,32,33
melate,444,1992-03-08,3500000000,1,9,11,18,32,37,25
melate,445,1992-03-11,1000000000,8,18,19,22,35,38,3
melate,446,1992-03-15,1500000000,3,11,16,18,20,23,22
melate,447,1992-03-18,2200000000,4,20,22,28,31,37,32
melate,448,1992-03-22,3000000000,3,15,17,18,20,36,11
melate,449,1992-03-25,4000000000,6,17,29,32,33,38,21
melate,450,1992-03-29,5000000000,3,8,12,24,27,32,11
melate,451,1992-04-01,6000000000,1,8,10,14,15,34,39
melate,452,1992-04-05,7500000000,13,16,27,36,37,39,31
melate,453,1992-04-08,8800000000,13,15,16,22,37,38,1
melate,454,1992-04-12,10500000000,1,8,10,22,29,36,38
melate,455,1992-04-15,12000000000,6,8,9,11,25,29,3
melate,456,1992-04-19,1000000000,1,6,7,23,25,35,37
melate,457,1992-04-22,1000000000,1,6,10,13,28,30,24
melate,458,1992-04-26,1000000000,2,6,13,14,32,33,11
melate,459,1992-04-29,1500000000,1,6,27,28,31,32,18
melate,460,1992-05-03,1000000000,7,13,21,29,30,34,11
melate,461,1992-05-06,1000000000,1,4,25,27,37,39,11
melate,462,1992-05-10,1000000000,3,8,14,19,32,35,22
melate,463,1992-05-13,1000000000,5,22,27,31,33,39,11
melate,464,1992-05-17,1000000000,3,6,30,36,37,38,11
melate,465,1992-05-20,2000000000,16,18,20,29,30,35,1
melate,466,1992-05-24,3000000000,1,10,19,25,32,33,26
melate,467,1992-05-27,4000000000,1,4,12,14,24,29,26
melate,468,1992-05-31,5000000000,1,2,13,19,29,38,6
melate,469,1992-06-03,6000000000,4,13,20,21,24,29,36
melate,470,1992-06-07,1000000000,2,6,8,9,10,14,32
melate,471,1992-06-10,1500000000,4,7,14,20,27,34,31
melate,472,1992-06-14,2200000000,2,9,11,27,30,32,31
melate,473,1992-06-17,3000000000,5,8,16,17,24,25,39
melate,474,1992-06-21,4000000000,1,4,14,18,20,26,21
melate,475,1992-06-24,1000000000,9,15,21,28,32,38,27
melate,476,1992-06-28,1500000000,4,6,7,9,13,39,37
melate,477,1992-07-01,2000000000,7,8,19,20,24,32,16
melate,478,1992-07-05,3000000000,7,10,14,18,21,27,31
melate,479,1992-07-08,1000000000,2,8,21,28,32,38,17
melate,480,1992-07-12,1500000000,1,14,17,20,30,33,39
melate,481,1992-07-15,2000000000,1,3,16,24,34,38,27
melate,482,1992-07-19,3000000000,9,11,12,28,32,35,13
melate,483,1992-07-22,1000000000,4,12,13,18,24,35,27
melate,484,1992-07-26,1500000000,1,15,18,29,33,34,31
melate,485,1992-07-29,2000000000,2,13,18,30,33,38,31
melate,486,1992-08-02,1000000000,2,15,16,33,35,38,19
melate,487,1992-08-05,1500000000,11,14,15,19,21,27,10
melate,488,1992-08-09,1000000000,3,9,28,30,32,37,13
melate,489,1992-08-12,1000000000,5,7,12,13,19,21,2
melate,490,1992-08-16,1500000000,2,4,7,15,30,36,34
melate,491,1992-08-19,2000000000,7,10,13,14,17,29,28
melate,492,1992-08-23,2700000000,1,5,13,15,18,30,3
melate,493,1992-08-26,3300000000,7,11,20,26,29,34,19
melate,494,1992-08-30,1000000000,2,5,7,8,17,26,23
melate,495,1992-09-02,1500000000,2,7,12,21,24,26,29
melate,496,1992-09-06,1000000000,8,19,22,33,36,38,21
melate,497,1992-09-09,1300000000,1,8,18,25,29,30,37
melate,498,1992-09-13,2000000000,2,5,9,18,26,31,29
melate,499,1992-09-16,2600000000,7,12,14,16,22,35,11
melate,500,1992-09-20,3300000000,1,17,24,29,37,38,31
melate,501,1992-09-23,4000000000,6,9,10,20,33,35,7
melate,502,1992-09-27,5200000000,17,20,21,24,31,39,10
melate,503,1992-09-30,6300000000,8,17,21,23,27,29,11
melate,504,1992-10-04,8000000000,8,21,26,28,33,35,18
melate,505,1992-10-07,1000000000,4,5,10,19,25,31,13
melate,506,1992-10-11,1500000000,6,10,23,24,35,36,11
melate,507,1992-10-14,2200000000,3,4,7,8,14,22,20
melate,508,1992-10-18,1000000000,2,8,17,19,29,32,34
melate,509,1992-10-21,1500000000,8,19,24,29,33,38,30
melate,510,1992-10-25,2200000000,1,4,11,18,32,39,13
melate,511,1992-10-28,1000000000,6,20,30,32,34,38,2
melate,512,1992-11-01,1300000000,1,10,12,23,33,34,38
melate,513,1992-11-04,2000000000,2,15,28,31,32,33,22
melate,514,1992-11-08,2800000000,8,13,18,22,28,36,26
melate,515,1992-11-11,3500000000,20,26,30,31,36,39,6
melate,516,1992-11-15,1000000000,7,9,23,24,30,32,26
melate,517,1992-11-18,1300000000,9,13,14,22,25,26,29
melate,518,1992-11-22,2000000000,4,10,13,27,36,37,30
melate,519,1992-11-25,2700000000,9,14,17,23,30,36,4
melate,520,1992-11-29,3500000000,3,6,7,26,27,35,4
melate,521,1992-12-02,4400000000,6,8,17,26,34,35,9
melate,522,1992-12-06,1000000000,12,17,18,25,26,36,15
melate,523,1992-12-09,1300000000,12,21,24,28,37,38,2
melate,524,1992-12-13,1000000000,2,13,14,23,29,35,15
melate,525,1992-12-16,1300000000,8,20,27,28,35,39,9
melate,526,1992-12-20,2000000000,4,7,18,25,32,34,27
melate,527,1992-12-23,2700000000,12,15,27,34,35,39,31
melate,528,1992-12-27,3500000000,1,24,28,33,35,36,37
melate,529,1992-12-30,1000000,5,8,12,16,19,22,10
melate,530,1993-01-03,1300000,13,14,22,29,31,34,30
melate,531,1993-01-06,1900000,1,2,8,25,27,37,36
melate,532,1993-01-10,2500000,9,13,14,27,34,36,35
melate,533,1993-01-13,1000000,16,18,23,33,36,39,7
melate,534,1993-01-17,1300000,6,8,10,12,17,21,36
melate,535,1993-01-21,1000000,4,5,14,15,17,19,34
melate,536,1993-01-24,1300000,15,16,22,26,33,39,34
melate,537,1993-01-27,2000000,2,5,13,27,32,34,29
melate,538,1993-01-31,1000000,2,6,9,17,22,31,29
melate,539,1993-02-03,1300000,10,16,17,24,32,33,20
melate,540,1993-02-07,1000000,3,11,14,26,28,32,25
melate,541,1993-02-10,1000000,4,5,13,18,22,30,38
melate,542,1993-02-14,1300000,2,8,9,14,25,26,18
melate,543,1993-02-17,1000000,4,9,13,14,21,23,36
melate,544,1993-02-21,1300000,15,18,20,23,24,36,9
melate,545,1993-02-24,2000000,3,5,7,11,12,33,10
melate,546,1993-02-28,1000000,6,8,18,20,36,37,31
melate,547,1993-03-03,1200000,1,2,4,10,34,38,26
melate,548,1993-03-07,1000000,2,15,20,21,24,25,34
melate,549,1993-03-10,1000000,4,13,17,28,38,39,15
melate,550,1993-03-14,1200000,3,10,13,14,30,37,27
melate,551,1993-03-17,2000000,4,15,22,24,34,38,2
melate,552,1993-03-21,2700000,4,5,19,23,31,36,9
melate,553,1993-03-24,3400000,9,13,14,19,20,29,6
melate,554,1993-03-28,4600000,5,6,20,25,35,39,38
melate,555,1993-03-31,5500000,1,5,8,10,35,39,6
melate,556,1993-04-04,2000000,2,9,22,27,33,35,11
melate,557,1993-04-07,2000000,14,15,27,31,35,42,13
melate,558,1993-04-11,2200000,5,17,28,32,37,42,38
melate,559,1993-04-14,2800000,2,6,8,9,34,36,39
melate,560,1993-04-18,3800000,1,5,20,25,28,42,22
melate,561,1993-04-21,4500000,7,14,20,25,33,38,9
melate,562,1993-04-25,2000000,4,5,10,14,19,21,12
melate,563,1993-04-28,2000000,10,26,30,35,41,44,29
melate,564,1993-05-02,2200000,3,9,24,30,35,38,33
melate,565,1993-05-05,2800000,6,12,16,26,33,35,9
melate,566,1993-05-09,2800000,6,11,13,16,26,43,21
melate,567,1993-05-12,4200000,1,10,28,33,41,44,31
melate,568,1993-05-16,5200000,5,23,26,27,37,39,11
melate,569,1993-05-19,6400000,3,11,15,20,22,27,29
melate,570,1993-05-23,7800000,2,7,23,36,37,38,11
melate,571,1993-05-26,9300000,17,18,25,30,31,40,28
melate,572,1993-05-30,11000000,1,15,25,29,30,38,42
melate,573,1993-06-02,13500000,5,15,16,17,36,38,1
melate,574,1993-06-06,16000000,1,6,16,20,23,27,34
melate,575,1993-06-09,2000000,8,16,18,20,23,30,17
melate,576,1993-06-13,2200000,2,3,18,26,29,33,4
melate,577,1993-06-16,2800000,5,31,36,38,43,44,3
melate,578,1993-06-20,38000000,20,25,29,31,32,37,43
melate,579,1993-06-23,4800000,1,6,22,25,28,35,10
melate,580,1993-06-27,60000000,9,22,26,34,40,41,21
melate,581,1993-06-30,7200000,4,10,12,30,33,39,9
melate,582,1993-07-04,8200000,8,23,35,37,38,39,31
melate,583,1993-07-07,9400000,3,8,9,17,31,39,41
melate,584,1993-07-11,10700000,1,9,24,28,39,40,21
melate,585,1993-07-14,2000000,7,13,17,36,37,40,6
melate,586,1993-07-18,2200000,3,9,11,26,38,44,4
melate,587,1993-07-21,2400000,1,5,9,23,24,36,21
melate,588,1993-07-25,2000000,6,12,14,16,30,42,5
melate,589,1993-07-28,2200000,15,20,28,32,33,39,16
melate,590,1993-08-01,2000000,7,12,21,30,31,40,24
melate,591,1993-08-04,2200000,4,15,26,35,36,38,25
melate,592,1993-08-08,2400000,20,26,29,38,43,44,17
melate,593,1993-08-11,3000000,5,15,31,32,38,42,27
melate,594,1993-08-15,3800000,9,24,30,31,38,39,17
melate,595,1993-08-18,4700000,9,23,25,30,37,43,40
melate,596,1993-08-22,5700000,1,10,17,23,31,33,13
melate,597,1993-08-25,6700000,4,9,18,20,31,38,29
melate,598,1993-08-29,7700000,3,17,24,27,32,43,44
melate,599,1993-09-01,2000000,8,13,17,23,30,37,16
melate,600,1993-09-05,2200000,4,15,19,29,42,44,27
melate,601,1993-09-08,2400000,1,22,34,36,38,41,20
melate,602,1993-09-12,3000000,1,17,19,20,27,29,4
melate,603,1993-09-15,3800000,3,4,6,8,25,43,28
melate,604,1993-09-19,4700000,6,10,16,24,26,44,21
melate,605,1993-09-22,5600000,15,16,17,19,35,37,29
melate,606,1993-09-26,6500000,6,9,19,28,32,33,11
melate,607,1993-09-29,7600000,5,13,16,20,28,38,40
melate,608,1993-10-03,2000000,7,9,11,20,28,31,1
melate,609,1993-10-06,2200000,3,6,10,26,29,40,27
melate,610,1993-10-10,2400000,2,5,11,17,31,43,28
melate,611,1993-10-13,2000000,7,13,22,23,27,43,17
melate,612,1993-10-17,2200000,4,8,20,24,27,41,26
melate,613,1993-10-20,2200000,15,19,20,28,29,31,9
melate,614,1993-10-24,2200000,11,15,26,28,34,43,24
melate,615,1993-10-27,2400000,7,22,29,34,37,42,44
melate,616,1993-10-31,2800000,5,16,20,21,25,43,36
melate,617,1993-11-03,3400000,11,13,24,32,34,38,37
melate,618,1993-11-07,4200000,18,27,32,35,38,39,12
melate,619,1993-11-10,5000000,11,15,25,26,32,43,39
melate,620,1993-11-14,6000000,3,21,39,40,41,44,32
melate,621,1993-11-17,2000000,7,12,18,27,32,38,23
melate,622,1993-11-21,2200000,10,20,25,39,41,42,6
melate,623,1993-11-24,2400000,17,25,31,33,35,38,42
melate,624,1993-11-28,3000000,18,19,20,31,37,41,2
melate,625,1993-12-01,3600000,1,5,7,10,16,41,20
melate,626,1993-12-05,4300000,6,10,12,15,23,36,44
melate,627,1993-12-08,5200000,5,15,17,36,38,44,35
melate,628,1993-12-12,6300000,5,12,22,24,30,38,31
melate,629,1993-12-15,7200000,1,4,7,24,25,38,12
melate,630,1993-12-19,8300000,4,12,13,26,33,40,37
melate,631,1993-12-22,9600000,2,14,15,20,36,37,13
melate,632,1993-12-26,11000000,2,8,9,11,12,28,32
melate,633,1993-12-29,12400000,1,5,6,9,23,24,15
melate,634,1994-01-02,2000000,7,13,18,21,36,40,12
melate,635,1994-01-05,2000000,25,29,36,37,39,41,32
melate,636,1994-01-09,2200000,3,11,16,23,34,43,35
melate,637,1994-01-12,2000000,12,24,28,36,38,42,23
melate,638,1994-01-16,2200000,1,19,26,33,35,38,8
melate,639,1994-01-19,2400000,2,11,17,20,35,43,25
melate,640,1994-01-23,3000000,3,5,18,25,34,42,35
melate,641,1994-01-26,4000000,16,23,27,28,32,40,33
melate,642,1994-01-30,5000000,12,13,14,22,32,38,37
melate,643,1994-02-02,6000000,7,8,11,27,34,44,10
melate,644,1994-02-06,7000000,16,21,35,36,39,40,44
melate,645,1994-02-09,8200000,23,25,29,36,43,44,42
melate,646,1994-02-13,9500000,16,17,22,27,37,41,34
melate,647,1994-02-16,11000000,7,20,24,34,37,44,33
melate,648,1994-02-20,12800000,14,15,30,35,41,42,7
melate,649,1994-02-23,14600000,5,8,22,31,33,44,11
melate,650,1994-02-27,16600000,20,28,30,40,41,43,25
melate,651,1994-03-02,19500000,3,6,22,26,31,36,2
melate,652,1994-03-06,2000000,9,15,20,22,23,36,35
melate,653,1994-03-09,2200000,6,9,16,23,33,35,37
melate,654,1994-03-13,2000000,5,12,22,32,39,42,18
melate,655,1994-03-16,2000000,2,6,12,22,33,36,9
melate,656,1994-03-20,2200000,1,7,16,31,36,42,5
melate,657,1994-03-23,2600000,7,11,14,17,25,43,26
melate,658,1994-03-27,3400000,3,8,10,12,13,16,41
melate,659,1994-03-30,4200000,13,25,30,35,42,43,16
melate,660,1994-04-03,5200000,4,12,15,36,42,44,7
melate,661,1994-04-06,6200000,6,14,19,24,30,31,5
melate,662,1994-04-10,7500000,5,11,17,26,34,36,3
melate,663,1994-04-13,2000000,4,5,20,21,33,40,31
melate,664,1994-04-17,2200000,6,11,23,32,34,42,33
melate,665,1994-04-20,2500000,2,10,11,12,31,37,40
melate,666,1994-04-24,3500000,1,6,13,29,30,43,25
melate,667,1994-04-27,4500000,4,8,31,36,37,41,19
melate,668,1994-05-01,5500000,1,14,17,30,31,41,4
melate,669,1994-05-04,6500000,6,8,29,31,35,36,33
melate,670,1994-05-08,2000000,1,3,8,26,37,43,23
melate,671,1994-05-11,2200000,1,4,14,20,30,38,11
melate,672,1994-05-15,2000000,5,17,21,39,42,44,16
melate,673,1994-05-18,2200000,3,6,8,18,19,43,32
melate,674,1994-05-22,2400000,9,11,12,21,25,30,40
melate,675,1994-05-25,2000000,6,21,25,35,38,41,32
melate,676,1994-05-29,2200000,3,6,8,11,31,38,4
melate,677,1994-06-01,2400000,1,14,25,31,38,42,15
melate,678,1994-06-05,2000000,2,4,6,9,23,33,12
melate,679,1994-06-08,2000000,3,8,15,22,24,26,34
melate,680,1994-06-12,2200000,3,6,13,24,29,42,21
melate,681,1994-06-15,2400000,5,15,20,28,29,44,40
melate,682,1994-06-19,2000000,9,18,20,33,34,37,19
melate,683,1994-06-22,2200000,6,14,17,22,25,38,23
melate,684,1994-06-26,2400000,7,9,14,16,27,42,10
melate,685,1994-06-29,3000000,15,20,27,32,38,42,30
melate,686,1994-07-03,3700000,16,26,27,33,38,44,37
melate,687,1994-07-06,4500000,3,16,17,22,28,42,13
melate,688,1994-07-10,5500000,14,15,20,26,27,39,6
melate,689,1994-07-13,6500000,2,6,23,29,40,41,1
melate,690,1994-07-17,7500000,1,3,20,30,31,43,28
melate,691,1994-07-20,8800000,7,15,20,29,31,35,11
melate,692,1994-07-24,2000000,8,14,24,34,38,43,27
melate,693,1994-07-27,2200000,9,10,11,12,16,37,22
melate,694,1994-07-31,2400000,4,5,10,17,18,42,25
melate,695,1994-08-03,3000000,8,9,11,32,37,38,1
melate,696,1994-08-07,2000000,16,25,29,30,32,34,7
melate,697,1994-08-10,2200000,9,13,19,24,25,28,44
melate,698,1994-08-14,2400000,2,20,24,27,37,40,6
melate,699,1994-08-17,3000000,2,4,6,11,30,42,5
melate,700,1994-08-21,4000000,3,4,12,14,31,41,36
melate,701,1994-08-24,5000000,9,11,25,26,34,39,31
melate,702,1994-08-28,6000000,1,2,25,32,38,39,3
melate,703,1994-08-31,7000000,7,13,21,23,32,35,20
melate,704,1994-09-04,2000000,8,12,13,22,24,35,33
melate,705,1994-09-07,2200000,17,24,25,28,37,44,29
melate,706,1994-09-11,2400000,7,17,18,24,32,42,14
melate,707,1994-09-14,3200000,1,19,21,28,39,40,16
melate,708,1994-09-18,4000000,13,20,28,29,38,44,32
melate,709,1994-09-21,5000000,20,27,30,34,38,40,32
melate,710,1994-09-25,6000000,2,10,19,25,33,37,5
melate,711,1994-09-28,7000000,6,14,16,28,29,41,22
melate,712,1994-10-02,8200000,6,14,26,33,38,39,43
melate,713,1994-10-05,9700000,3,7,8,18,22,44,6
melate,714,1994-10-09,11500000,8,27,33,38,39,43,20
melate,715,1994-10-12,2000000,2,11,13,24,29,31,36
melate,716,1994-10-16,2200000,4,5,7,17,22,31,44
melate,717,1994-10-19,2400000,13,25,33,37,40,43,30
melate,718,1994-10-23,3400000,8,12,13,16,26,43,5
melate,719,1994-10-26,4400000,10,14,17,22,33,44,39
melate,720,1994-10-30,5500000,6,12,13,18,25,29,16
melate,721,1994-11-02,6600000,2,3,16,17,29,36,8
melate,722,1994-11-06,7700000,4,5,13,18,19,38,39
melate,723,1994-11-09,9000000,4,5,6,19,35,36,31
melate,724,1994-11-13,10500000,8,10,13,35,39,41,24
melate,725,1994-11-16,2000000,10,21,23,24,39,42,19
melate,726,1994-11-20,2200000,14,15,20,24,26,42,22
melate,727,1994-11-23,2600000,2,3,14,18,19,23,42
melate,728,1994-11-27,3500000,7,8,11,19,24,29,17
melate,729,1994-11-30,2000000,5,24,33,34,39,41,9
melate,730,1994-12-04,2200000,2,10,12,22,29,39,1
melate,731,1994-12-07,2500000,3,4,13,27,30,35,38
melate,732,1994-12-11,3400000,3,5,20,22,35,44,31
melate,733,1994-12-14,4400000,3,7,16,23,37,44,4
melate,734,1994-12-18,5500000,7,12,22,25,33,42,14
melate,735,1994-12-21,2000000,10,12,16,18,43,44,3
melate,736,1994-12-25,2200000,6,16,17,20,24,29,4
melate,737,1994-12-28,2400000,11,16,23,34,41,44,14
melate,738,1995-01-01,3000000,6,11,24,26,28,35,15
melate,739,1995-01-04,3800000,1,2,16,18,30,38,27
melate,740,1995-01-08,2000000,4,18,19,21,22,32,11
melate,741,1995-01-11,2200000,5,17,27,28,29,32,23
melate,742,1995-01-15,2500000,4,8,11,25,32,37,34
melate,743,1995-01-18,3400000,1,4,15,21,31,39,5
melate,744,1995-01-22,4400000,1,11,13,14,20,30,21
melate,745,1995-01-25,5500000,11,12,19,36,37,43,24
melate,746,1995-01-29,6700000,2,6,8,30,32,42,11
melate,747,1995-02-01,8200000,2,14,15,37,41,43,29
melate,748,1995-02-05,10000000,2,5,26,35,37,40,17
melate,749,1995-02-08,2000000,2,12,18,20,28,30,15
melate,750,1995-02-12,2000000,3,9,10,14,16,36,18
melate,751,1995-02-15,2200000,6,28,29,30,32,44,11
melate,752,1995-02-19,2600000,2,21,30,38,40,42,15
melate,753,1995-02-22,3700000,7,8,11,27,38,39,16
melate,754,1995-02-26,4800000,2,12,16,22,23,40,9
melate,755,1995-03-01,6000000,4,8,11,14,33,39,34
melate,756,1995-03-05,7300000,4,8,17,27,29,43,34
melate,757,1995-03-08,9000000,1,7,10,15,25,42,35
melate,758,1995-03-12,10800000,8,9,15,16,20,36,7
melate,759,1995-03-15,13000000,10,15,16,22,35,37,34
melate,760,1995-03-19,15500000,1,5,15,16,26,28,25
melate,761,1995-03-22,18500000,4,14,21,22,40,41,19
melate,762,1995-03-26,22000000,14,20,21,27,36,43,8
melate,763,1995-03-29,27000000,6,7,18,20,28,37,34
melate,764,1995-04-02,2000000,5,15,18,37,38,39,34
melate,765,1995-04-05,2000000,12,14,19,24,34,37,9
melate,766,1995-04-09,2300000,1,5,6,10,13,19,38
melate,767,1995-04-12,3300000,2,5,21,23,35,41,38
melate,768,1995-04-16,2000000,1,8,14,15,16,33,5
melate,769,1995-04-19,2300000,1,3,5,6,10,17,37
melate,770,1995-04-23,3000000,21,26,27,28,31,43,42
melate,771,1995-04-26,4000000,5,12,19,25,30,42,29
melate,772,1995-04-30,2000000,1,2,3,17,28,41,34
melate,773,1995-05-03,2300000,1,2,24,25,27,42,19
melate,774,1995-05-07,3000000,14,16,26,29,36,37,5
melate,775,1995-05-10,4000000,4,8,22,24,41,43,42
melate,776,1995-05-14,5000000,2,15,25,27,32,37,4
melate,777,1995-05-17,2000000,2,9,14,16,25,40,6
melate,778,1995-05-21,2300000,1,10,23,26,42,44,3
melate,779,1995-05-24,2800000,13,15,34,35,37,43,32
melate,780,1995-05-28,4000000,9,10,22,23,33,41,25
melate,781,1995-05-31,5200000,2,5,11,38,42,43,7
melate,782,1995-06-04,6400000,2,6,17,18,29,40,33
melate,783,1995-06-07,7800000,1,12,22,23,41,43,30
melate,784,1995-06-11,2000000,7,16,23,31,36,44,29
melate,785,1995-06-14,2300000,5,7,14,20,29,33,10
melate,786,1995-06-18,3000000,9,13,32,33,39,41,21
melate,787,1995-06-21,4200000,2,7,21,23,32,39,25
melate,788,1995-06-25,5500000,4,19,20,28,33,40,39
melate,789,1995-06-28,6800000,6,19,29,33,37,43,36
melate,790,1995-07-02,8500000,8,10,17,21,37,41,31
melate,791,1995-07-05,10500000,13,17,22,26,36,37,25
melate,792,1995-07-09,13000000,1,2,4,7,19,43,31
melate,793,1995-07-12,15500000,5,20,26,33,34,40,31
melate,794,1995-07-16,19000000,4,7,16,25,27,44,2
melate,795,1995-07-19,2000000,8,24,25,26,35,42,3
melate,796,1995-07-23,2000000,14,20,31,34,38,39,32
melate,797,1995-07-26,2500000,1,20,21,32,40,43,39
melate,798,1995-07-30,3500000,15,16,22,25,32,37,20
melate,799,1995-08-02,5000000,6,13,22,27,39,40,32
melate,800,1995-08-06,2000000,3,16,20,31,35,39,6
melate,801,1995-08-09,2000000,12,23,29,34,36,41,33
melate,802,1995-08-13,2500000,5,7,11,14,18,44,38
melate,803,1995-08-16,3500000,8,17,24,30,37,40,3
melate,804,1995-08-20,2000000,3,5,11,13,35,38,18
melate,805,1995-08-23,2500000,3,11,21,28,31,39,25
melate,806,1995-08-27,3500000,7,16,18,24,36,42,12
melate,807,1995-08-30,2000000,7,20,25,36,37,43,2
melate,808,1995-09-03,2500000,2,4,7,9,10,24,28
melate,809,1995-09-06,3500000,5,12,23,30,34,41,13
melate,810,1995-09-10,4500000,13,16,21,35,36,44,25
melate,811,1995-09-13,6000000,7,13,36,37,40,43,15
melate,812,1995-09-17,2000000,4,8,10,36,38,42,19
melate,813,1995-09-20,2500000,6,15,19,27,29,41,26
melate,814,1995-09-24,3500000,3,9,10,15,40,44,2
melate,815,1995-09-27,4500000,6,13,32,33,40,41,19
melate,816,1995-10-01,6000000,1,3,14,18,24,35,13
melate,817,1995-10-04,7500000,3,10,15,25,34,43,21
melate,818,1995-10-08,9500000,7,8,26,31,34,39,19
melate,819,1995-10-11,12000000,17,24,28,36,42,43,26
melate,820,1995-10-15,15000000,10,14,30,32,33,44,4
melate,821,1995-10-18,18000000,3,6,18,24,29,35,16
melate,822,1995-10-22,2000000,8,11,24,29,35,44,15
melate,823,1995-10-25,2500000,1,2,11,18,36,40,10
melate,824,1995-10-29,4000000,10,11,17,25,36,37,20
melate,825,1995-11-01,5500000,7,17,23,26,32,35,12
melate,826,1995-11-05,7000000,7,8,11,12,26,39,4
melate,827,1995-11-08,2000000,9,15,16,18,35,44,2
melate,828,1995-11-12,2500000,8,16,22,27,29,42,34
melate,829,1995-11-15,3500000,1,3,14,20,35,36,25
melate,830,1995-11-19,2000000,6,10,14,33,36,40,15
melate,831,1995-11-22,2000000,1,2,6,20,37,40,8
melate,832,1995-11-26,2500000,7,13,17,33,37,41,40
melate,833,1995-11-29,3500000,6,7,11,30,31,37,14
melate,834,1995-12-03,5000000,2,9,15,17,31,39,32
melate,835,1995-12-06,6500000,2,8,18,29,30,37,21
melate,836,1995-12-10,8000000,1,2,9,11,15,41,38
melate,837,1995-12-13,10000000,2,9,11,15,20,21,43
melate,838,1995-12-17,2000000,4,10,12,22,32,36,38
melate,839,1995-12-20,2500000,2,10,15,18,31,42,6
melate,840,1995-12-24,3500000,7,19,23,24,25,28,20
melate,841,1995-12-27,2000000,5,6,9,17,36,40,2
melate,842,1995-12-31,2500000,6,7,12,14,18,44,20
melate,843,1996-01-03,3500000,7,19,26,33,36,44,42
melate,844,1996-01-07,4500000,4,11,13,19,25,32,36
melate,845,1996-01-10,2000000,19,24,26,28,33,35,39
melate,846,1996-01-14,2500000,13,14,21,24,28,41,42
melate,847,1996-01-17,3500000,4,5,7,24,27,40,11
melate,848,1996-01-21,5000000,6,8,32,35,41,42,3
melate,849,1996-01-24,7000000,5,21,31,33,38,40,28
melate,850,1996-01-28,9000000,7,8,12,29,36,40,19
melate,851,1996-01-31,2000000,5,12,26,28,31,32,42
melate,852,1996-02-04,2000000,2,11,15,30,34,35,9
melate,853,1996-02-07,2500000,1,22,25,32,33,40,34
melate,854,1996-02-11,3500000,1,7,8,38,39,43,34
melate,855,1996-02-14,5000000,7,8,13,17,28,43,20
melate,856,1996-02-18,7000000,10,18,20,33,34,44,11
melate,857,1996-02-21,2000000,4,5,12,18,32,43,1
melate,858,1996-02-25,2500000,12,13,16,17,35,44,32
melate,859,1996-02-28,3500000,12,15,18,20,40,42,2
melate,860,1996-03-03,5000000,8,11,14,27,40,43,34
melate,861,1996-03-06,2000000,2,11,17,27,30,31,9
melate,862,1996-03-10,2500000,5,6,14,36,37,41,3
melate,863,1996-03-13,2000000,5,14,28,36,37,43,32
melate,864,1996-03-17,2500000,13,24,28,30,32,37,27
melate,865,1996-03-20,3500000,1,3,12,19,24,40,21
melate,866,1996-03-24,5000000,1,12,18,22,30,40,14
melate,867,1996-03-27,7000000,4,8,20,23,31,36,2
melate,868,1996-03-31,9000000,5,7,12,30,37,44,3
melate,869,1996-04-03,11500000,4,5,13,26,28,34,24
melate,870,1996-04-07,2000000,1,3,8,10,23,30,20
melate,871,1996-04-10,2000000,4,6,10,15,22,35,30
melate,872,1996-04-14,2500000,12,20,23,24,33,36,37
melate,873,1996-04-17,3500000,9,15,18,21,32,38,29
melate,874,1996-04-21,4000000,13,15,20,25,34,43,41
melate,875,1996-04-24,4000000,3,9,13,15,36,41,28
melate,876,1996-04-28,6000000,7,12,16,20,30,38,29
melate,877,1996-05-01,7000000,10,16,26,30,35,37,40
melate,878,1996-05-05,10000000,2,10,17,25,36,43,14
melate,879,1996-05-08,4000000,18,24,31,34,43,44,39
melate,880,1996-05-12,5000000,5,13,23,30,33,39,11
melate,881,1996-05-15,6000000,11,14,16,19,24,28,13
melate,882,1996-05-19,8000000,1,3,24,30,38,41,16
melate,883,1996-05-22,9500000,6,13,20,30,36,43,15
melate,884,1996-05-26,12000000,15,23,31,32,36,42,27
melate,885,1996-05-29,14500000,1,6,12,13,27,43,11
melate,886,1996-06-02,4000000,2,5,13,17,23,26,30
melate,887,1996-06-05,5000000,5,9,23,35,37,43,19
melate,888,1996-06-09,6000000,2,3,16,19,20,38,31
melate,889,1996-06-12,4000000,13,14,15,16,17,18,19
melate,890,1996-06-16,5000000,9,27,32,38,40,41,29
melate,891,1996-06-19,6000000,2,4,5,7,23,42,28
melate,892,1996-06-23,7000000,6,11,33,34,38,40,9
melate,893,1996-06-26,9000000,8,18,21,31,34,43,15
melate,894,1996-06-30,12000000,1,4,20,30,31,39,43
melate,895,1996-07-03,15000000,3,9,16,29,35,42,33
melate,896,1996-07-07,4000000,8,21,24,27,28,31,12
melate,897,1996-07-10,5000000,4,25,28,29,30,32,7
melate,898,1996-07-14,6000000,12,20,27,34,36,41,11
melate,899,1996-07-17,7000000,1,2,4,17,26,41,21
melate,900,1996-07-21,10000000,3,7,18,26,34,38,33
melate,901,1996-07-24,14000000,4,7,9,12,14,44,2
melate,902,1996-07-28,4000000,2,6,10,23,39,42,15
melate,903,1996-07-31,5000000,1,10,11,21,34,40,12
melate,904,1996-08-04,6000000,2,10,11,13,16,19,31
melate,905,1996-08-07,7000000,5,9,13,22,29,35,39
melate,906,1996-08-11,4000000,2,5,10,18,37,41,16
melate,907,1996-08-14,5000000,15,17,21,23,25,30,35
melate,908,1996-08-18,6000000,7,18,22,30,31,44,29
melate,909,1996-08-21,9000000,16,30,31,35,36,42,27
melate,910,1996-08-25,12000000,17,28,31,36,37,41,4
melate,911,1996-08-28,16000000,17,18,20,31,34,43,32
melate,912,1996-09-01,20000000,1,2,12,13,15,29,5
melate,913,1996-09-04,26000000,7,18,30,36,37,43,23
melate,914,1996-09-08,35000000,6,17,26,27,33,40,44
melate,915,1996-09-11,4000000,3,7,12,14,27,32,38
melate,916,1996-09-15,4000000,5,7,21,33,36,41,3
melate,917,1996-09-18,6000000,4,5,19,38,39,42,12
melate,918,1996-09-22,9000000,2,7,8,33,35,44,37
melate,919,1996-09-25,13000000,18,24,29,32,35,42,31
melate,920,1996-09-29,18000000,7,9,15,20,24,41,22
melate,921,1996-10-02,24000000,5,20,22,26,40,42,16
melate,922,1996-10-06,30000000,1,10,12,27,33,34,32
melate,923,1996-10-09,4000000,1,4,11,15,40,42,20
melate,924,1996-10-13,6000000,4,9,12,15,28,30,11
melate,925,1996-10-16,10000000,5,16,26,28,31,34,30
melate,926,1996-10-20,15000000,3,4,25,32,34,35,11
melate,927,1996-10-23,20000000,2,7,12,16,28,42,19
melate,928,1996-10-27,4000000,7,11,18,26,33,38,6
melate,929,1996-10-30,6000000,7,10,24,29,35,41,40
melate,930,1996-11-03,10000000,3,4,16,18,25,26,15
melate,931,1996-11-06,14000000,2,4,11,27,29,41,1
melate,932,1996-11-10,18000000,1,5,8,9,22,25,20
melate,933,1996-11-13,4000000,2,12,14,18,34,39,23
melate,934,1996-11-17,6000000,4,5,26,28,33,35,39
melate,935,1996-11-20,8000000,8,13,20,23,30,33,5
melate,936,1996-11-24,13000000,5,11,22,27,43,44,18
melate,937,1996-11-27,20000000,1,3,9,34,39,44,2
melate,938,1996-12-01,30000000,2,3,14,22,29,37,41
melate,939,1996-12-04,4000000,9,10,20,24,35,40,37
melate,940,1996-12-08,4000000,1,5,8,10,13,40,17
melate,941,1996-12-11,8000000,2,11,16,17,35,36,25
melate,942,1996-12-15,15000000,10,11,33,36,41,43,25
melate,943,1996-12-18,20000000,1,9,17,23,24,44,34
melate,944,1996-12-22,4000000,8,9,12,14,17,38,21
melate,945,1996-12-25,10000000,12,15,16,21,37,43,24
melate,946,1996-12-29,16000000,12,22,31,35,36,44,40
melate,947,1997-01-01,4000000,4,6,7,10,18,43,44
melate,948,1997-01-05,6000000,1,2,6,11,24,41,28
melate,949,1997-01-08,8000000,3,15,16,33,35,41,43
melate,950,1997-01-12,10000000,8,12,25,30,32,34,33
melate,951,1997-01-15,13000000,1,9,15,27,34,44,25
melate,952,1997-01-19,16000000,22,24,26,27,37,39,25
melate,953,1997-01-26,20000000,1,3,8,13,14,21,26
melate,954,1997-01-26,24000000,1,12,15,21,27,38,8
melate,955,1997-01-29,4000000,5,21,22,31,32,37,11
melate,956,1997-02-02,6000000,4,12,18,22,23,31,8
melate,957,1997-02-05,8000000,1,5,15,17,41,44,20
melate,958,1997-02-09,4000000,5,15,21,34,40,42,11
melate,959,1997-02-12,6000000,6,19,21,29,37,44,36
melate,960,1997-02-16,8000000,23,29,32,40,41,44,7
melate,961,1997-02-19,10000000,7,8,10,13,15,29,40
melate,962,1997-02-23,4000000,11,12,14,40,41,43,26
melate,963,1997-02-26,6000000,4,10,24,37,38,42,25
melate,964,1997-03-02,8000000,1,5,16,21,25,37,20
melate,965,1997-03-05,10000000,6,18,23,31,40,41,38
melate,966,1997-03-09,8000000,1,8,14,33,42,44,30
melate,967,1997-03-12,6000000,13,14,21,34,38,39,32
melate,968,1997-03-16,4000000,9,20,24,34,37,40,5
melate,969,1997-03-19,7000000,12,18,23,29,33,36,10
melate,970,1997-03-23,10000000,13,19,23,29,30,44,25
melate,971,1997-03-26,15000000,13,19,23,31,38,43,9
melate,972,1997-03-30,18000000,26,29,33,34,39,42,16
melate,973,1997-04-02,20000000,8,13,17,21,28,31,3
melate,974,1997-04-06,25000000,6,14,18,23,31,35,8
melate,975,1997-04-09,4000000,2,5,10,15,23,37,13
melate,976,1997-04-13,4000000,2,4,14,24,30,38,40
melate,977,1997-04-16,6000000,13,15,21,26,33,34,24
melate,978,1997-04-20,9000000,4,5,7,10,28,44,32
melate,979,1997-04-23,4000000,2,17,26,28,39,44,12
melate,980,1997-04-27,6000000,5,12,15,18,37,41,17
melate,981,1997-04-30,4000000,6,13,16,30,31,36,9
melate,982,1997-05-04,6000000,2,16,18,24,39,41,30
melate,983,1997-05-07,4000000,9,10,19,20,28,32,39
melate,984,1997-05-11,7000000,13,17,18,32,35,38,19
melate,985,1997-05-14,4000000,7,20,29,32,33,41,43
melate,986,1997-05-18,6000000,3,11,15,19,28,37,4
melate,987,1997-05-21,8000000,8,9,22,31,39,40,6
melate,988,1997-05-25,10000000,4,19,23,24,32,39,42
melate,989,1997-05-28,12000000,1,8,11,25,27,36,26
melate,990,1997-06-01,15000000,3,5,9,13,23,33,20
melate,991,1997-06-04,4000000,8,24,30,35,37,44,31
melate,992,1997-06-08,6000000,2,6,8,9,14,29,30
melate,993,1997-06-11,4000000,9,16,22,27,30,42,13
melate,994,1997-06-15,6000000,2,7,16,22,23,34,28
melate,995,1997-06-18,8000000,4,7,8,13,31,41,19
melate,996,1997-06-22,4000000,12,14,31,40,43,44,7
melate,997,1997-06-25,6000000,3,11,17,20,26,35,37
melate,998,1997-06-29,4000000,4,10,14,26,31,40,5
melate,999,1997-07-02,6000000,14,18,20,24,26,36,2
melate,1000,1997-07-06,8000000,2,7,12,13,20,29,21
melate,1001,1997-07-09,4000000,2,7,10,16,21,36,19
melate,1002,1997-07-13,6000000,3,13,16,20,33,41,37
melate,1003,1997-07-16,9000000,3,4,12,19,32,33,40
melate,1004,1997-07-20,4000000,7,8,10,31,39,41,35
melate,1005,1997-07-23,5000000,19,28,35,36,37,38,4
melate,1006,1997-07-27,7000000,11,12,17,18,35,37,1
melate,1007,1997-07-30,10000000,9,17,18,26,27,38,33
melate,1008,1997-08-03,13000000,14,24,28,32,35,36,15
melate,1009,1997-08-06,17000000,7,8,29,30,32,33,4
melate,1010,1997-08-10,21000000,3,17,20,28,38,41,25
melate,1011,1997-08-13,4000000,2,16,26,36,37,39,22
melate,1012,1997-08-17,6000000,8,25,33,34,36,43,2
melate,1013,1997-08-20,8000000,12,17,32,33,38,40,5
melate,1014,1997-08-24,10000000,5,7,10,27,30,44,40
melate,1015,1997-08-27,4000000,2,14,29,34,37,41,23
melate,1016,1997-08-31,6000000,5,11,25,28,43,44,31
melate,1017,1997-09-03,8000000,1,8,17,32,43,44,31
melate,1018,1997-09-07,10000000,3,23,34,37,40,41,17
melate,1019,1997-09-10,4000000,14,27,30,31,35,37,24
melate,1020,1997-09-14,6000000,1,17,19,26,36,38,21
melate,1021,1997-09-17,8000000,11,19,24,27,32,41,28
melate,1022,1997-09-21,10000000,9,16,28,30,32,34,10
melate,1023,1997-09-24,12000000,2,14,17,20,25,26,30
melate,1024,1997-09-28,15000000,1,4,27,29,30,35,40
melate,1025,1997-10-01,17000000,1,5,14,19,30,31,41
melate,1026,1997-10-05,19000000,4,6,10,17,33,38,39
melate,1027,1997-10-08,23000000,11,13,25,35,40,43,9
melate,1028,1997-10-12,28000000,9,21,27,28,30,37,18
melate,1029,1997-10-15,37000000,8,14,15,36,37,38,29
melate,1030,1997-10-22,45000000,18,29,37,39,42,44,5
melate,1031,1997-10-22,4000000,5,8,22,31,38,44,30
melate,1032,1997-10-26,4000000,6,13,14,17,31,42,29
melate,1033,1997-10-29,4000000,4,18,31,37,41,43,40
melate,1034,1997-11-02,6000000,1,12,19,24,25,35,9
melate,1035,1997-11-05,8000000,6,12,21,24,31,40,38
melate,1036,1997-11-09,4000000,2,6,17,18,28,44,34
melate,1037,1997-11-12,7000000,2,7,18,27,37,43,5
melate,1038,1997-11-16,8000000,8,13,15,26,32,42,20
melate,1039,1997-11-19,10000000,7,9,12,20,22,41,18
melate,1040,1997-11-23,13000000,9,13,17,21,33,37,15
melate,1041,1997-11-26,4000000,9,10,12,17,28,38,3
melate,1042,1997-11-30,6000000,3,8,17,32,36,43,7
melate,1043,1997-12-03,8000000,1,18,20,24,30,32,15
melate,1044,1997-12-07,10000000,7,15,17,19,33,37,23
melate,1045,1997-12-10,4000000,9,36,37,41,42,44,25
melate,1046,1997-12-14,6000000,2,11,24,27,29,40,16
melate,1047,1997-12-17,4000000,11,12,23,30,40,42,26
melate,1048,1997-12-21,6000000,1,2,6,24,27,30,43
melate,1049,1997-12-24,8000000,8,11,22,32,42,43,17
melate,1050,1997-12-28,10000000,9,17,34,35,36,43,40
melate,1051,1997-12-31,12000000,2,11,25,31,32,33,4
melate,1052,1998-01-04,14000000,3,7,10,12,30,34,41
melate,1053,1998-01-07,17000000,2,3,6,14,18,43,22
melate,1054,1998-01-11,4000000,6,12,13,24,28,38,43
melate,1055,1998-01-14,6000000,16,22,31,33,34,36,2
melate,1056,1998-01-18,8000000,17,24,27,29,33,35,22
melate,1057,1998-01-21,10000000,4,12,13,27,37,44,1
melate,1058,1998-01-25,4000000,4,7,14,39,40,42,24
melate,1059,1998-01-28,6000000,7,9,10,19,22,30,11
melate,1060,1998-02-01,8000000,9,20,33,37,39,41,28
melate,1061,1998-02-04,10000000,12,20,21,27,39,42,8
melate,1062,1998-02-08,12000000,9,18,19,25,29,33,32
melate,1063,1998-02-11,14000000,2,19,27,36,41,43,6
melate,1064,1998-02-15,17000000,2,11,23,25,32,34,36
melate,1065,1998-02-18,21000000,18,20,23,24,28,35,44
melate,1066,1998-02-22,6000000,5,6,7,8,33,39,3
melate,1067,1998-02-25,8000000,15,23,41,42,43,44,21
melate,1068,1998-03-01,10000000,13,14,16,21,27,36,26
melate,1069,1998-03-04,12000000,9,12,26,32,39,42,1
melate,1070,1998-03-08,14000000,1,14,20,34,37,41,7
melate,1071,1998-03-11,16000000,8,10,28,30,33,43,6
melate,1072,1998-03-15,19000000,2,8,12,21,34,43,13
melate,1073,1998-03-18,6000000,1,18,29,32,34,39,33
melate,1074,1998-03-22,8000000,18,21,23,28,39,41,22
melate,1075,1998-03-25,10000000,6,7,9,13,31,44,27
melate,1076,1998-03-29,12000000,2,9,12,16,27,29,7
melate,1077,1998-04-01,14000000,1,7,20,29,37,40,21
melate,1078,1998-04-05,16000000,3,5,22,29,35,38,6
melate,1079,1998-04-08,18000000,1,5,11,13,16,28,29
melate,1080,1998-04-12,20000000,9,22,24,25,30,31,39
melate,1081,1998-04-15,23000000,1,3,8,27,34,44,21
melate,1082,1998-04-19,27000000,1,2,7,11,20,39,6
melate,1083,1998-04-22,32000000,3,11,21,25,33,35,4
melate,1084,1998-04-26,40000000,1,9,19,28,40,42,37
melate,1085,1998-04-29,50000000,3,8,10,11,27,42,4
melate,1086,1998-05-03,6000000,1,5,6,13,15,17,22
melate,1087,1998-05-06,8000000,5,7,16,18,29,34,11
melate,1088,1998-05-10,10000000,3,18,19,29,30,41,20
melate,1089,1998-05-13,12000000,1,4,10,16,18,39,40
melate,1090,1998-05-17,14000000,6,10,15,17,24,32,21
melate,1091,1998-05-20,16000000,1,10,25,33,40,44,37
melate,1092,1998-05-24,6000000,1,5,9,14,19,44,41
melate,1093,1998-05-27,8000000,1,8,18,19,24,31,32
melate,1094,1998-05-31,10000000,7,14,17,25,27,38,18
melate,1095,1998-06-03,6000000,5,6,9,19,28,42,44
melate,1096,1998-06-07,8000000,1,18,20,22,25,43,9
melate,1097,1998-06-10,10000000,2,15,24,37,40,42,43
melate,1098,1998-06-14,12000000,3,11,16,19,23,40,2
melate,1099,1998-06-17,6000000,5,6,11,21,26,37,7
melate,1100,1998-06-21,8000000,3,9,13,34,35,44,7
melate,1101,1998-06-24,10000000,3,4,24,33,39,42,43
melate,1102,1998-06-28,12000000,1,23,24,29,30,32,40
melate,1103,1998-07-01,14000000,1,27,36,37,43,44,18
melate,1104,1998-07-05,16000000,9,12,21,24,26,37,1
melate,1105,1998-07-08,18000000,6,23,29,37,40,44,25
melate,1106,1998-07-12,20000000,3,10,24,29,37,41,40
melate,1107,1998-07-15,6000000,13,18,24,27,31,44,36
melate,1108,1998-07-19,8000000,13,19,22,27,29,33,40
melate,1109,1998-07-22,10000000,5,12,13,22,38,42,9
melate,1110,1998-07-26,12000000,2,6,18,26,41,44,19
melate,1111,1998-07-29,14000000,20,25,27,29,37,44,24
melate,1112,1998-08-02,16000000,2,5,11,21,23,27,32
melate,1113,1998-08-05,18000000,4,10,25,31,37,41,20
melate,1114,1998-08-09,22000000,16,18,20,29,38,42,6
melate,1115,1998-08-12,26000000,7,13,27,31,38,39,37
melate,1116,1998-08-16,30000000,24,31,32,33,34,37,13
melate,1117,1998-08-19,35000000,13,14,19,28,31,40,20
melate,1118,1998-08-23,42000000,15,23,27,32,33,41,39
melate,1119,1998-08-26,6000000,3,5,23,26,27,40,33
melate,1120,1998-08-30,8000000,10,12,17,19,24,26,32
melate,1121,1998-09-02,6000000,1,3,15,16,36,44,9
melate,1122,1998-09-06,8000000,19,24,35,38,40,41,14
melate,1123,1998-09-09,10000000,3,7,13,15,24,25,34
melate,1124,1998-09-13,12000000,1,11,16,18,26,33,14
melate,1125,1998-09-16,14000000,8,35,37,40,42,44,21
melate,1126,1998-09-20,16000000,3,7,20,28,30,36,44
melate,1127,1998-09-23,18000000,5,7,11,14,25,30,12
melate,1128,1998-09-27,6000000,1,8,21,26,27,42,17
melate,1129,1998-09-30,8000000,9,18,20,23,25,41,24
melate,1130,1998-10-04,6000000,1,11,19,36,41,43,34
melate,1131,1998-10-07,8000000,7,10,27,32,33,42,35
melate,1132,1998-10-11,10000000,11,19,20,37,40,44,14
melate,1133,1998-10-14,13000000,6,9,17,31,34,43,27
melate,1134,1998-10-18,6000000,4,6,10,15,20,42,37
melate,1135,1998-10-21,8000000,6,17,23,30,41,44,31
melate,1136,1998-10-25,10000000,2,13,24,26,28,36,31
melate,1137,1998-10-28,13000000,3,14,15,18,29,35,27
melate,1138,1998-11-01,16000000,3,4,13,29,38,40,43
melate,1139,1998-11-04,19000000,8,12,24,25,28,31,19
melate,1140,1998-11-08,6000000,5,16,25,31,32,41,15
melate,1141,1998-11-11,8000000,5,11,14,38,40,41,27
melate,1142,1998-11-15,10000000,2,4,5,10,22,23,39
melate,1143,1998-11-18,13000000,6,11,27,37,40,43,31
melate,1144,1998-11-22,16000000,17,26,31,34,42,44,7
melate,1145,1998-11-25,19000000,6,9,19,29,32,37,43
melate,1146,1998-11-29,22000000,8,16,22,34,36,41,6
melate,1147,1998-12-02,25000000,2,4,10,26,27,41,22
melate,1148,1998-12-06,28000000,24,26,27,29,31,36,20
melate,1149,1998-12-09,31000000,9,12,29,39,42,43,13
melate,1150,1998-12-13,34000000,17,20,26,35,43,44,6
melate,1151,1998-12-16,38000000,15,18,20,25,31,32,13
melate,1152,1998-12-20,42000000,5,19,23,24,26,40,43
melate,1153,1998-12-23,46000000,2,6,14,20,38,41,9
melate,1154,1998-12-27,6000000,1,2,25,37,38,44,21
melate,1155,1998-12-30,8000000,10,21,24,31,38,42,9
melate,1156,1999-01-03,10000000,2,8,9,24,38,39,34
melate,1157,1999-01-06,6000000,7,28,35,36,39,42,31
melate,1158,1999-01-10,8000000,7,23,27,39,42,44,17
melate,1159,1999-01-13,10000000,1,5,22,31,33,44,36
melate,1160,1999-01-17,12000000,8,19,30,34,41,44,22
melate,1161,1999-01-20,14000000,3,10,15,18,33,41,43
melate,1162,1999-01-24,6000000,20,23,35,37,38,44,39
melate,1163,1999-01-27,8000000,5,10,26,27,30,37,42
melate,1164,1999-01-31,10000000,3,6,17,28,33,42,39
melate,1165,1999-02-03,6000000,3,5,18,27,38,44,13
melate,1166,1999-02-07,8000000,2,15,18,23,38,42,37
melate,1167,1999-02-10,6000000,1,3,10,16,32,43,8
melate,1168,1999-02-14,8000000,13,21,32,33,35,40,8
melate,1169,1999-02-17,9000000,4,7,9,19,32,36,44
melate,1170,1999-02-21,11000000,5,14,21,33,34,38,37
melate,1171,1999-02-24,13000000,2,12,18,23,27,43,40
melate,1172,1999-02-28,14000000,18,20,32,33,36,38,2
melate,1173,1999-03-03,16000000,14,18,26,29,32,33,12
melate,1174,1999-03-07,18000000,6,14,25,27,40,42,18
melate,1175,1999-03-10,21000000,10,14,20,32,33,44,23
melate,1176,1999-03-14,6000000,2,12,19,24,38,43,42
melate,1177,1999-03-17,8000000,8,11,25,39,40,41,28
melate,1178,1999-03-21,10000000,7,25,29,32,38,41,28
melate,1179,1999-03-24,12000000,2,17,21,25,31,44,14
melate,1180,1999-03-28,13000000,5,8,13,14,28,44,21
melate,1181,1999-03-31,6000000,2,5,13,16,24,40,7
melate,1182,1999-04-04,8000000,1,3,6,7,37,44,35
melate,1183,1999-04-07,9000000,10,25,26,34,36,44,37
melate,1184,1999-04-11,11000000,8,13,24,29,30,32,2
melate,1185,1999-04-14,13000000,5,15,34,39,40,42,7
melate,1186,1999-04-18,16000000,8,9,10,17,37,39,33
melate,1187,1999-04-21,20000000,2,8,20,32,38,42,19
melate,1188,1999-04-25,6000000,4,10,14,16,26,35,37
melate,1189,1999-04-28,8000000,5,12,15,36,37,38,31
melate,1190,1999-05-02,9000000,7,12,16,17,42,43,34
melate,1191,1999-05-05,10000000,3,7,15,25,32,33,22
melate,1192,1999-05-09,6000000,11,13,18,28,39,44,37
melate,1193,1999-05-12,8000000,16,18,21,34,35,44,17
melate,1194,1999-05-16,9000000,4,9,15,24,32,42,26
melate,1195,1999-05-19,6000000,8,12,18,35,39,40,27
melate,1196,1999-05-23,7000000,12,20,23,36,40,44,26
melate,1197,1999-05-26,8000000,9,10,17,28,38,39,35
melate,1198,1999-05-30,9000000,1,2,19,20,36,41,39
melate,1199,1999-06-02,6000000,9,16,25,36,41,42,40
melate,1200,1999-06-06,8000000,1,25,27,29,38,40,19
melate,1201,1999-06-09,9000000,3,8,11,22,28,42,24
melate,1202,1999-06-13,11000000,12,18,24,30,35,44,6
melate,1203,1999-06-16,13000000,2,27,32,40,41,43,11
melate,1204,1999-06-20,15000000,17,18,23,27,29,40,6
melate,1205,1999-06-23,17000000,6,13,14,31,34,41,3
melate,1206,1999-06-27,20000000,2,4,10,18,30,40,23
melate,1207,1999-06-30,23000000,8,10,13,24,39,40,44
melate,1208,1999-07-04,25000000,2,20,25,28,30,38,5
melate,1209,1999-07-07,28000000,3,13,21,26,33,35,34
melate,1210,1999-07-11,31000000,7,9,11,24,35,43,13
melate,1211,1999-07-14,6000000,2,6,8,15,30,39,34
melate,1212,1999-07-18,6000000,4,10,15,18,20,27,40
melate,1213,1999-07-21,8000000,7,27,29,30,36,42,13
melate,1214,1999-07-25,10000000,10,12,15,22,43,44,1
melate,1215,1999-07-28,12000000,1,7,26,33,38,40,31
melate,1216,1999-08-01,14000000,4,15,21,30,34,38,33
melate,1217,1999-08-04,15000000,8,9,22,27,28,31,15
melate,1218,1999-08-08,18000000,1,5,10,15,16,22,4
melate,1219,1999-08-11,22000000,13,14,15,30,36,41,26
melate,1220,1999-08-15,25000000,9,15,16,17,28,43,11
melate,1221,1999-08-18,28000000,2,6,10,13,20,37,15
melate,1222,1999-08-22,6000000,1,8,9,13,32,36,34
melate,1223,1999-08-25,8000000,4,10,25,26,27,39,14
melate,1224,1999-08-29,10000000,3,7,10,11,21,24,17
melate,1225,1999-09-01,12000000,3,6,8,16,17,37,25
melate,1226,1999-09-05,14000000,12,22,26,31,36,39,38
melate,1227,1999-09-08,16000000,7,23,26,28,31,35,41
melate,1228,1999-09-12,18000000,5,12,13,29,35,43,30
melate,1229,1999-09-15,21000000,4,11,17,21,31,42,6
melate,1230,1999-09-19,24000000,4,9,16,22,40,43,1
melate,1231,1999-09-22,27000000,1,28,33,36,40,44,43
melate,1232,1999-09-26,30000000,10,12,23,25,30,34,21
melate,1233,1999-09-29,34000000,3,6,29,32,33,34,21
melate,1234,1999-10-03,38000000,5,8,13,19,30,35,37
melate,1235,1999-10-06,6000000,8,10,12,26,33,36,23
melate,1236,1999-10-10,8000000,3,23,26,39,40,43,28
melate,1237,1999-10-13,9000000,2,3,19,32,37,40,27
melate,1238,1999-10-17,11000000,2,11,23,27,38,42,19
melate,1239,1999-10-20,13000000,7,9,24,28,38,43,3
melate,1240,1999-10-24,15000000,10,15,20,22,25,40,16
melate,1241,1999-10-27,18000000,7,25,28,30,38,40,3
melate,1242,1999-10-31,22000000,4,10,15,20,21,30,27
melate,1243,1999-11-03,25000000,3,15,25,34,36,41,1
melate,1244,1999-11-07,28000000,1,4,7,15,35,40,8
melate,1245,1999-11-10,6000000,9,20,24,27,31,35,44
melate,1246,1999-11-14,8000000,10,12,23,31,37,42,13
melate,1247,1999-11-17,10000000,7,12,19,20,41,44,36
melate,1248,1999-11-21,11000000,9,15,19,23,24,30,25
melate,1249,1999-11-24,13000000,3,7,10,18,25,39,35
melate,1250,1999-11-28,15000000,6,20,25,29,37,41,14
melate,1251,1999-12-01,18000000,9,12,25,32,35,44,28
melate,1252,1999-12-05,20000000,4,5,18,37,38,39,29
melate,1253,1999-12-08,22000000,5,10,17,26,38,42,8
melate,1254,1999-12-12,26000000,4,7,18,21,34,38,8
melate,1255,1999-12-15,30000000,7,9,10,12,19,25,38
melate,1256,1999-12-19,6000000,3,6,7,9,10,14,13
melate,1257,1999-12-22,8000000,6,10,18,31,34,38,37
melate,1258,1999-12-26,9000000,1,11,14,28,40,43,5
melate,1259,1999-12-29,6000000,6,7,19,29,39,40,10
melate,1260,2000-01-02,7000000,11,22,28,34,41,43,38
melate,1261,2000-01-05,9000000,6,14,34,36,37,44,35
melate,1262,2000-01-09,11000000,7,14,24,33,38,39,35
melate,1263,2000-01-12,6000000,18,23,25,36,37,43,9
melate,1264,2000-01-16,15000000,14,23,29,35,36,38,39
melate,1265,2000-01-19,17000000,16,28,30,31,34,44,27
melate,1266,2000-01-23,19000000,16,21,23,25,34,37,27
melate,1267,2000-01-26,23000000,3,11,30,31,37,40,15
melate,1268,2000-01-30,26000000,2,6,7,18,25,29,26
melate,1269,2000-02-02,30000000,1,4,10,13,26,29,34
melate,1270,2000-02-06,33000000,5,10,14,25,34,41,42
melate,1271,2000-02-09,37000000,1,10,18,25,40,44,29
melate,1272,2000-02-13,6000000,16,21,23,30,38,42,28
melate,1273,2000-02-16,6000000,5,16,18,22,26,27,37
melate,1274,2000-02-20,7000000,19,20,26,27,30,39,23
melate,1275,2000-02-23,9000000,10,25,27,34,35,42,3
melate,1276,2000-02-27,11000000,1,4,24,28,35,40,12
melate,1277,2000-03-01,13000000,9,11,17,20,28,39,38
melate,1278,2000-03-05,15000000,5,7,16,21,36,42,39
melate,1279,2000-03-08,18000000,5,7,17,27,29,34,10
melate,1280,2000-03-12,6000000,21,22,24,29,39,44,7
melate,1281,2000-03-15,8000000,4,5,17,35,40,41,25
melate,1282,2000-03-19,10000000,7,14,30,33,39,43,3
melate,1283,2000-03-22,11000000,3,27,34,35,37,38,24
melate,1284,2000-03-26,13000000,17,23,26,29,35,42,20
melate,1285,2000-03-29,6000000,7,10,16,22,37,39,40
melate,1286,2000-04-02,7000000,6,11,15,37,40,42,16
melate,1287,2000-04-05,8000000,3,18,23,33,40,42,10
melate,1288,2000-04-09,10000000,5,7,13,16,31,32,2
melate,1289,2000-04-12,12000000,22,25,26,31,32,41,40
melate,1290,2000-04-16,14000000,1,9,12,29,39,42,36
melate,1291,2000-04-19,16000000,6,8,20,23,24,25,33
melate,1292,2000-04-23,18000000,6,13,16,19,20,32,37
melate,1293,2000-04-26,20000000,11,20,30,31,32,44,37
melate,1294,2000-04-30,24000000,4,6,7,33,38,39,43
melate,1295,2000-05-03,27000000,1,4,5,10,12,42,35
melate,1296,2000-05-07,31000000,7,21,25,33,34,37,41
melate,1297,2000-05-10,6000000,6,9,14,22,24,29,4
melate,1298,2000-05-14,7000000,5,21,25,27,30,39,3
melate,1299,2000-05-17,8000000,2,11,17,24,25,26,12
melate,1300,2000-05-21,10000000,2,3,12,25,35,43,34
melate,1301,2000-05-24,12000000,1,5,18,25,32,37,26
melate,1302,2000-05-28,15000000,1,7,12,13,22,39,28
melate,1303,2000-05-31,17000000,8,10,15,16,31,35,4
melate,1304,2000-06-04,20000000,1,15,16,25,29,31,23
melate,1305,2000-06-07,23000000,1,3,8,11,15,44,36
melate,1306,2000-06-11,6000000,5,16,32,34,42,44,9
melate,1307,2000-06-14,7000000,23,25,32,33,37,38,20
melate,1308,2000-06-18,9000000,4,15,17,19,21,33,40
melate,1309,2000-06-21,11000000,3,6,14,21,27,36,33
melate,1310,2000-06-25,13000000,11,13,15,21,25,30,31
melate,1311,2000-06-28,15000000,4,8,17,19,27,39,1
melate,1312,2000-07-02,18000000,2,6,17,25,34,39,7
melate,1313,2000-07-05,20000000,2,14,28,40,41,43,17
melate,1314,2000-07-09,23000000,8,11,13,26,37,41,6
melate,1315,2000-07-12,26000000,6,17,19,23,25,43,32
melate,1316,2000-07-16,30000000,4,22,34,38,42,44,23
melate,1317,2000-07-19,34000000,7,16,24,28,31,33,18
melate,1318,2000-07-23,39000000,6,7,15,17,21,24,1
melate,1319,2000-07-26,44000000,2,4,6,32,39,40,18
melate,1320,2000-07-30,6000000,1,12,14,15,34,43,5
melate,1321,2000-08-02,7000000,9,16,18,28,30,36,2
melate,1322,2000-08-06,8000000,3,13,16,18,22,34,21
melate,1323,2000-08-09,10000000,1,7,8,14,25,44,19
melate,1324,2000-08-13,12000000,14,20,25,26,30,41,18
melate,1325,2000-08-16,15000000,3,15,33,35,40,42,20
melate,1326,2000-08-20,6000000,1,8,14,17,18,22,2
melate,1327,2000-08-23,7000000,2,8,28,31,34,39,17
melate,1328,2000-08-27,80000000,5,11,21,30,31,32,39
melate,1329,2000-08-30,10000000,3,11,14,26,31,32,8
melate,1330,2000-09-03,12000000,6,11,12,22,29,44,1
melate,1331,2000-09-06,15000000,5,12,18,23,26,39,13
melate,1332,2000-09-10,18000000,14,15,17,38,40,43,1
melate,1333,2000-09-13,21000000,16,17,20,28,29,43,22
melate,1334,2000-09-17,25000000,7,10,20,22,26,40,41
melate,1335,2000-09-20,28000000,3,6,27,32,38,40,14
melate,1336,2000-09-24,33000000,5,8,9,14,42,44,36
melate,1337,2000-09-27,38000000,9,15,31,36,39,43,6
melate,1338,2000-10-01,6000000,5,13,15,20,30,44,14
melate,1339,2000-10-04,6000000,6,7,13,27,32,40,35
melate,1340,2000-10-08,8000000,1,3,7,15,29,42,30
melate,1341,2000-10-11,10000000,2,3,8,12,17,23,28
melate,1342,2000-10-15,13000000,18,19,22,35,36,43,3
melate,1343,2000-10-18,14000000,2,18,23,26,29,32,10
melate,1344,2000-10-22,16000000,13,27,29,30,37,43,22
melate,1345,2000-10-25,19000000,8,12,16,21,34,44,6
melate,1346,2000-10-29,21000000,6,16,21,26,33,37,34
melate,1347,2000-11-01,25000000,2,13,19,24,30,37,39
melate,1348,2000-11-05,27000000,3,5,6,12,27,43,41
melate,1349,2000-11-08,31000000,2,5,13,16,19,38,34
melate,1350,2000-11-12,36000000,6,17,22,25,29,40,27
melate,1351,2000-11-15,6000000,13,32,33,36,39,40,15
melate,1352,2000-11-19,7000000,18,21,25,28,33,35,30
melate,1353,2000-11-22,8000000,4,11,18,22,28,30,21
melate,1354,2000-11-26,9000000,12,14,17,28,31,34,32
melate,1355,2000-11-29,6000000,5,18,25,36,42,44,3
melate,1356,2000-12-03,7000000,5,17,23,25,38,40,20
melate,1357,2000-12-06,8000000,1,4,11,13,16,20,36
melate,1358,2000-12-10,6000000,21,24,26,34,38,44,39
melate,1359,2000-12-13,7000000,8,24,29,32,33,44,18
melate,1360,2000-12-17,8000000,3,15,25,30,36,39,34
melate,1361,2000-12-20,9000000,2,3,7,31,32,38,36
melate,1362,2000-12-24,11000000,2,11,14,21,29,30,1
melate,1363,2000-12-27,13000000,1,9,23,25,32,44,17
melate,1364,2000-12-31,16000000,8,15,17,28,30,42,37
melate,1365,2001-01-03,19000000,4,24,26,28,38,42,44
melate,1366,2001-01-07,21000000,2,3,15,26,34,42,9
melate,1367,2001-01-10,25000000,5,7,25,26,30,39,24
melate,1368,2001-01-14,29000000,18,22,26,30,33,34,37
melate,1369,2001-01-17,6000000,13,14,16,20,37,41,34
melate,1370,2001-01-21,7000000,13,14,17,28,30,31,2
melate,1371,2001-01-24,8000000,8,9,24,27,35,42,31
melate,1372,2001-01-28,10000000,6,9,15,18,24,25,1
melate,1373,2001-01-31,12000000,7,14,25,36,41,43,1
melate,1374,2001-02-04,15000000,10,14,17,28,33,35,18
melate,1375,2001-02-07,18000000,1,6,10,31,37,38,4
melate,1376,2001-02-11,21000000,6,7,19,25,30,33,44
melate,1377,2001-02-14,24000000,6,8,9,26,37,43,23
melate,1378,2001-02-18,6000000,6,23,25,26,30,36,31
melate,1379,2001-02-21,7000000,18,20,28,31,38,44,40
melate,1380,2001-02-25,8000000,7,11,31,35,38,40,41
melate,1381,2001-02-28,10000000,4,10,16,18,20,37,3
melate,1382,2001-03-04,12000000,3,5,6,13,37,42,38
melate,1383,2001-03-07,14000000,11,18,28,30,31,34,15
melate,1384,2001-03-11,17000000,10,21,24,25,37,41,12
melate,1385,2001-03-14,20000000,2,3,8,14,31,39,9
melate,1386,2001-03-18,23000000,1,5,8,15,31,32,14
melate,1387,2001-03-21,26000000,10,33,37,40,42,43,44
melate,1388,2001-03-25,30000000,3,12,13,26,32,41,10
melate,1389,2001-03-28,33000000,12,17,24,28,35,39,16
melate,1390,2001-04-01,37000000,9,12,16,20,25,26,43
melate,1391,2001-04-04,42000000,5,14,15,18,33,36,2
melate,1392,2001-04-08,52000000,3,6,9,12,24,26,34
melate,1393,2001-04-11,6000000,1,4,8,9,35,44,24
melate,1394,2001-04-15,7000000,6,15,18,22,25,32,9
melate,1395,2001-04-18,6000000,1,5,19,31,34,39,27
melate,1396,2001-04-22,7000000,6,10,20,22,23,24,15
melate,1397,2001-04-25,8000000,3,15,21,28,36,37,7
melate,1398,2001-04-29,6000000,3,7,15,22,34,42,33
melate,1399,2001-05-02,6000000,9,12,13,34,35,41,1
melate,1400,2001-05-06,7000000,1,7,13,14,27,35,34
melate,1401,2001-05-09,8000000,10,22,24,25,37,43,31
melate,1402,2001-05-13,10000000,28,30,36,39,41,43,27
melate,1403,2001-05-16,13000000,3,9,19,23,32,39,8
melate,1404,2001-05-20,16000000,3,19,26,30,39,43,22
melate,1405,2001-05-23,19000000,2,17,19,21,33,35,28
melate,1406,2001-05-27,23000000,4,5,6,18,33,36,25
melate,1407,2001-05-30,26500000,2,7,13,23,34,37,27
melate,1408,2001-06-03,32000000,10,13,26,30,34,42,27
melate,1409,2001-06-06,37000000,3,16,17,33,35,40,37
melate,1410,2001-06-10,6000000,2,9,18,20,38,43,16
melate,1411,2001-06-13,7000000,9,13,26,30,32,44,19
melate,1412,2001-06-17,9000000,6,14,17,32,38,42,10
melate,1413,2001-06-20,12000000,7,8,15,16,18,43,36
melate,1414,2001-06-24,16000000,7,12,13,14,15,35,19
melate,1415,2001-06-27,20000000,3,12,13,19,27,38,23
melate,1416,2001-07-01,24000000,11,18,27,30,34,40,21
melate,1417,2001-07-04,29000000,2,10,13,18,29,36,15
melate,1418,2001-07-08,36000000,4,20,22,32,33,42,17
melate,1419,2001-07-11,43000000,3,18,23,27,34,37,44
melate,1420,2001-07-15,50000000,1,3,14,15,16,27,12
melate,1421,2001-07-18,60000000,4,10,16,25,31,35,32
melate,1422,2001-07-22,6000000,13,20,25,34,38,40,44
melate,1423,2001-07-25,7000000,10,17,21,25,35,44,31
melate,1424,2001-07-29,8000000,6,12,13,19,20,22,26
melate,1425,2001-08-01,10000000,6,10,11,33,35,36,39
melate,1426,2001-08-05,13000000,1,19,22,25,27,35,30
melate,1427,2001-08-08,16000000,12,15,23,26,32,33,31
melate,1428,2001-08-12,19000000,10,15,25,34,39,40,22
melate,1429,2001-08-15,22000000,2,17,23,29,38,39,11
melate,1430,2001-08-19,26000000,11,35,36,37,39,43,10
melate,1431,2001-08-22,29000000,5,7,18,19,22,30,27
melate,1432,2001-08-26,32000000,10,18,26,28,38,42,13
melate,1433,2001-08-29,35000000,9,24,27,28,34,36,39
melate,1434,2001-09-02,39000000,3,21,22,24,37,40,7
melate,1435,2001-09-05,43000000,3,9,11,20,21,26,5
melate,1436,2001-09-09,47000000,11,12,14,23,31,43,16
melate,1437,2001-09-12,6000000,5,15,16,18,32,33,20
melate,1438,2001-09-16,7000000,15,19,23,25,27,34,21
melate,1439,2001-09-19,8000000,2,4,18,28,40,42,25
melate,1440,2001-09-23,10000000,1,14,16,21,31,35,32
melate,1441,2001-09-26,13000000,8,16,18,21,32,43,34
melate,1442,2001-09-30,15000000,1,15,20,25,26,33,18
melate,1443,2001-10-03,18000000,8,23,27,32,33,44,41
melate,1444,2001-10-07,21000000,20,27,28,29,36,41,37
melate,1445,2001-10-10,24000000,8,17,19,29,31,43,22
melate,1446,2001-10-14,27000000,2,14,21,26,37,43,32
melate,1447,2001-10-17,6000000,1,5,14,16,20,33,40
melate,1448,2001-10-21,6000000,1,5,13,29,42,44,23
melate,1449,2001-10-24,7000000,17,19,22,23,38,41,33
melate,1450,2001-10-28,8000000,4,15,16,26,37,38,27
melate,1451,2001-10-31,9000000,2,3,10,24,26,36,27
melate,1452,2001-11-04,11000000,4,13,17,26,33,39,12
melate,1453,2001-11-07,14000000,9,13,14,22,23,40,3
melate,1454,2001-11-11,17000000,3,13,14,18,26,42,41
melate,1455,2001-11-14,20000000,2,10,14,23,41,43,13
melate,1456,2001-11-18,24000000,20,22,32,33,35,44,21
melate,1457,2001-11-21,26000000,8,15,19,25,33,36,34
melate,1458,2001-11-25,29000000,2,12,13,27,28,40,44
melate,1459,2001-11-28,32000000,18,19,30,31,32,43,3
melate,1460,2001-12-02,37000000,22,26,32,34,36,43,42
melate,1461,2001-12-05,41000000,7,8,9,12,22,37,16
melate,1462,2001-12-09,45000000,1,4,11,17,22,33,44
melate,1463,2001-12-12,6000000,10,22,30,36,40,44,15
melate,1464,2001-12-16,7000000,5,10,20,32,37,39,27
melate,1465,2001-12-19,8000000,2,11,14,21,32,44,30
melate,1466,2001-12-23,10000000,5,6,18,24,30,35,7
melate,1467,2001-12-26,12000000,22,27,32,35,43,44,16
melate,1468,2001-12-30,16000000,2,15,34,37,38,39,26
melate,1469,2002-01-02,19000000,4,13,14,15,29,40,32
melate,1470,2002-01-06,22000000,2,3,8,12,27,31,18
melate,1471,2002-01-09,25000000,4,12,14,15,23,43,13
melate,1472,2002-01-13,29000000,4,7,14,16,30,37,34
melate,1473,2002-01-16,33000000,2,14,16,23,37,39,19
melate,1474,2002-01-20,37000000,2,3,8,16,28,31,15
melate,1475,2002-01-23,41000000,14,17,18,24,32,42,12
melate,1476,2002-01-27,6000000,2,4,11,14,33,38,16
melate,1477,2002-01-30,7000000,5,15,21,22,29,34,28
melate,1478,2002-02-03,8000000,15,18,25,28,30,44,38
melate,1479,2002-02-06,10000000,4,8,25,27,37,38,15
melate,1480,2002-02-10,13000000,1,14,17,25,32,40,16
melate,1481,2002-02-13,16000000,1,3,13,23,29,40,15
melate,1482,2002-02-17,19000000,4,5,6,8,12,24,39
melate,1483,2002-02-20,22000000,4,7,33,35,40,42,2
melate,1484,2002-02-24,25000000,5,14,23,29,30,38,22
melate,1485,2002-02-27,28000000,8,11,17,33,39,43,23
melate,1486,2002-03-03,6000000,7,11,19,28,39,40,31
melate,1487,2002-03-06,7000000,7,11,26,32,41,42,20
melate,1488,2002-03-10,6000000,6,8,11,27,35,38,2
melate,1489,2002-03-13,8000000,2,8,9,24,25,34,42
melate,1490,2002-03-17,9000000,5,8,13,37,39,44,20
melate,1491,2002-03-20,6000000,7,8,17,23,40,43,1
melate,1492,2002-03-24,7000000,9,19,20,21,28,43,1
melate,1493,2002-03-27,8000000,9,14,20,31,35,38,17
melate,1494,2002-03-31,9000000,5,21,29,34,36,42,27
melate,1495,2002-04-03,11000000,8,11,21,23,26,40,28
melate,1496,2002-04-07,13000000,2,5,17,21,33,40,30
melate,1497,2002-04-10,6000000,5,15,16,17,21,22,25
melate,1498,2002-04-14,6000000,5,6,9,12,35,37,11
melate,1499,2002-04-17,7000000,3,11,15,31,34,42,2
melate,1500,2002-04-21,8000000,1,9,19,25,29,42,8
melate,1501,2002-04-24,10000000,6,10,14,15,19,40,2
melate,1502,2002-04-28,12000000,2,3,17,32,38,42,7
melate,1503,2002-05-01,14000000,2,15,26,34,36,41,4
melate,1504,2002-05-05,16000000,25,36,37,39,43,44,16
melate,1505,2002-05-08,6000000,9,20,22,37,39,41,40
melate,1506,2002-05-12,7000000,5,6,7,11,32,33,36
melate,1507,2002-05-15,8000000,9,21,25,34,38,42,27
melate,1508,2002-05-19,6000000,13,16,24,36,39,41,10
melate,1509,2002-05-22,7000000,7,8,25,28,30,44,12
melate,1510,2002-05-26,8000000,4,21,24,30,39,41,32
melate,1511,2002-05-29,9000000,4,6,16,19,26,32,20
melate,1512,2002-06-02,10000000,1,6,15,25,28,32,17
melate,1513,2002-06-05,12000000,10,16,29,31,35,36,13
melate,1514,2002-06-09,14000000,23,25,32,34,37,43,31
melate,1515,2002-06-12,16000000,4,13,14,17,21,35,19
melate,1516,2002-06-16,18000000,6,14,25,31,35,42,34
melate,1517,2002-06-19,21000000,1,6,9,24,31,43,16
melate,1518,2002-06-23,24000000,14,18,25,31,40,41,15
melate,1519,2002-06-26,27000000,17,18,31,38,43,44,37
melate,1520,2002-06-30,31000000,10,18,24,26,28,39,22
melate,1521,2002-07-03,35000000,3,4,20,28,34,35,1
melate,1522,2002-07-07,37000000,13,20,28,34,35,39,30
melate,1523,2002-07-10,43000000,3,11,12,22,29,40,4
melate,1524,2002-07-14,51000000,2,5,12,20,23,27,14
melate,1525,2002-07-17,6000000,2,4,11,26,29,30,20
melate,1526,2002-07-21,7000000,5,20,36,37,38,43,13
melate,1527,2002-07-24,8000000,11,22,25,35,38,42,28
melate,1528,2002-07-28,10000000,2,10,11,25,31,33,4
melate,1529,2002-07-31,6000000,1,8,16,20,23,38,39
melate,1530,2002-08-04,7000000,7,15,20,25,30,38,27
melate,1531,2002-08-07,8000000,12,17,21,22,32,36,40
melate,1532,2002-08-11,10000000,2,7,11,26,29,41,4
melate,1533,2002-08-14,13000000,7,9,10,20,22,40,8
melate,1534,2002-08-18,16000000,2,15,26,27,42,44,35
melate,1535,2002-08-21,19000000,1,8,9,33,38,39,5
melate,1536,2002-08-25,23000000,9,30,31,35,39,44,4
melate,1537,2002-08-28,6000000,9,14,17,23,34,36,16
melate,1538,2002-09-01,7000000,1,13,14,27,33,44,24
melate,1539,2002-09-04,8000000,2,19,36,38,40,44,3
melate,1540,2002-09-08,10000000,10,11,22,28,35,41,33
melate,1541,2002-09-11,13000000,6,7,18,27,37,41,43
melate,1542,2002-09-15,16000000,3,12,16,18,42,44,24
melate,1543,2002-09-18,6000000,27,35,38,39,41,42,26
melate,1544,2002-09-22,7000000,16,19,20,25,28,40,38
melate,1545,2002-09-25,8000000,14,21,23,25,37,43,18
melate,1546,2002-09-29,6000000,1,8,9,13,18,32,4
melate,1547,2002-10-02,6000000,4,15,18,25,35,39,5
melate,1548,2002-10-06,8000000,9,13,14,25,41,47,16
melate,1549,2002-10-09,9000000,11,22,24,25,42,43,23
melate,1550,2002-10-13,12000000,1,2,5,20,21,23,36
melate,1551,2002-10-16,16000000,11,26,27,34,44,46,8
melate,1552,2002-10-20,20000000,6,16,26,30,37,43,10
melate,1553,2002-10-23,26000000,10,15,22,30,34,40,39
melate,1554,2002-10-27,30000000,11,12,24,31,36,39,5
melate,1555,2002-10-30,36000000,7,16,22,24,27,33,45
melate,1556,2002-11-03,8000000,13,16,28,38,40,43,44
melate,1557,2002-11-06,9000000,4,8,14,17,35,44,5
melate,1558,2002-11-10,11000000,1,7,10,18,21,28,30
melate,1559,2002-11-13,15000000,7,18,26,27,33,43,6
melate,1560,2002-11-17,19000000,10,14,19,28,29,34,26
melate,1561,2002-11-20,23000000,1,8,25,30,45,46,12
melate,1562,2002-11-24,28000000,3,4,18,33,42,44,22
melate,1563,2002-11-27,8000000,6,12,17,32,41,47,43
melate,1564,2002-12-01,9000000,2,9,28,39,40,42,32
melate,1565,2002-12-04,12000000,1,7,14,16,17,22,28
melate,1566,2002-12-08,17000000,4,25,28,37,40,41,19
melate,1567,2002-12-11,20000000,3,16,21,29,30,35,44
melate,1568,2002-12-15,23000000,1,5,11,23,27,32,9
melate,1569,2002-12-18,26000000,7,8,31,32,41,42,2
melate,1570,2002-12-22,30000000,1,6,10,22,26,33,31
melate,1571,2002-12-25,33000000,7,32,34,35,45,46,2
melate,1572,2002-12-29,37000000,7,9,12,14,20,27,46
melate,1573,2003-01-01,8000000,12,13,17,21,37,39,14
melate,1574,2003-01-05,9000000,9,12,28,29,35,39,44
melate,1575,2003-01-08,10000000,3,13,17,29,32,37,12
melate,1576,2003-01-12,12000000,19,26,27,29,34,43,38
melate,1577,2003-01-15,15000000,5,13,20,26,28,40,43
melate,1578,2003-01-19,18000000,12,15,29,34,42,47,18
melate,1579,2003-01-22,21000000,5,19,20,24,39,47,38
melate,1580,2003-01-26,24000000,9,11,14,27,34,47,43
melate,1581,2003-01-29,8000000,16,17,30,35,37,39,14
melate,1582,2003-02-02,9000000,7,23,24,27,34,39,12
melate,1583,2003-02-05,10000000,7,9,29,31,39,42,3
melate,1584,2003-02-09,12000000,1,3,9,10,22,38,14
melate,1585,2003-02-12,14000000,22,24,25,27,43,44,3
melate,1586,2003-02-16,17000000,6,7,19,22,24,41,26
melate,1587,2003-02-19,20000000,21,22,33,36,40,44,25
melate,1588,2003-02-23,23000000,10,17,20,33,41,42,19
melate,1589,2003-02-26,26000000,11,18,22,23,36,47,19
melate,1590,2003-03-02,29000000,1,3,17,24,28,33,8
melate,1591,2003-03-05,32000000,9,16,35,40,42,44,11
melate,1592,2003-03-09,35000000,9,13,15,18,32,33,30
melate,1593,2003-03-12,38000000,14,16,20,31,41,45,42
melate,1594,2003-03-16,41000000,4,7,27,30,32,33,14
melate,1595,2003-03-19,45000000,4,14,17,25,34,38,23
melate,1596,2003-03-23,50000000,2,6,12,25,35,39,43
melate,1597,2003-03-26,55000000,3,4,6,33,34,37,9
melate,1598,2003-03-30,8000000,2,11,20,27,32,36,24
melate,1599,2003-04-02,9000000,5,6,24,29,32,35,45
melate,1600,2003-04-06,10000000,2,7,14,16,33,42,10
melate,1601,2003-04-09,12000000,7,27,35,38,39,42,31
melate,1602,2003-04-13,15000000,1,4,12,23,28,29,22
melate,1603,2003-04-16,18000000,3,9,17,21,36,43,34
melate,1604,2003-04-20,8000000,18,20,27,36,42,44,9
melate,1605,2003-04-23,9000000,11,13,33,36,38,39,25
melate,1606,2003-04-27,10000000,10,13,18,26,30,39,15
melate,1607,2003-04-30,12000000,3,13,24,28,30,46,43
melate,1608,2003-05-04,15000000,13,27,32,33,41,46,16
melate,1609,2003-05-07,18000000,1,9,23,28,38,47,17
melate,1610,2003-05-11,21000000,4,10,14,15,26,27,11
melate,1611,2003-05-14,24000000,5,12,15,19,28,38,40
melate,1612,2003-05-18,27000000,27,28,29,30,42,46,1
melate,1613,2003-05-21,30000000,2,10,19,24,27,31,1
melate,1614,2003-05-25,8000000,7,8,18,24,28,40,34
melate,1615,2003-05-28,9000000,10,11,30,31,32,44,21
melate,1616,2003-06-01,10000000,8,14,15,18,19,45,27
melate,1617,2003-06-04,11000000,1,4,14,15,30,33,18
melate,1618,2003-06-08,8000000,1,12,22,31,41,45,40
melate,1619,2003-06-11,9000000,2,3,11,32,41,47,45
melate,1620,2003-06-15,10000000,6,8,24,41,43,45,28
melate,1621,2003-06-18,12000000,4,10,27,32,37,41,42
melate,1622,2003-06-22,8000000,23,25,32,34,38,44,16
melate,1623,2003-06-25,9000000,3,7,13,18,22,34,11
melate,1624,2003-06-29,8000000,10,14,18,20,22,27,29
melate,1625,2003-07-02,8000000,11,17,22,28,42,46,44
melate,1626,2003-07-06,9000000,8,10,12,26,28,39,6
melate,1627,2003-07-09,10000000,11,13,26,30,32,42,29
melate,1628,2003-07-13,11000000,8,9,21,24,37,38,16
melate,1629,2003-07-16,13000000,13,17,27,34,37,46,29
melate,1630,2003-07-20,16000000,13,17,23,35,39,46,31
melate,1631,2003-07-23,19000000,11,12,17,20,33,45,3
melate,1632,2003-07-27,22000000,16,17,21,31,41,46,30
melate,1633,2003-07-30,25000000,5,8,16,27,31,33,19
melate,1634,2003-08-03,8000000,1,9,22,36,38,43,39
melate,1635,2003-08-06,9000000,5,7,8,24,34,42,36
melate,1636,2003-08-10,10000000,4,8,14,24,34,47,6
melate,1637,2003-08-13,11000000,13,16,26,32,41,43,4
melate,1638,2003-08-17,14000000,5,6,17,30,34,41,33
melate,1639,2003-08-20,17000000,1,9,21,35,44,45,37
melate,1640,2003-08-24,20000000,1,8,24,40,45,47,19
melate,1641,2003-08-27,24000000,7,9,16,33,43,45,38
melate,1642,2003-08-31,8000000,4,28,32,39,40,45,13
melate,1643,2003-09-03,9000000,7,19,24,28,29,41,32
melate,1644,2003-09-07,8000000,3,4,8,27,31,33,25
melate,1645,2003-09-10,9000000,11,17,18,20,37,45,38
melate,1646,2003-09-14,10000000,3,11,29,41,42,44,35
melate,1647,2003-09-17,12000000,4,19,24,25,40,44,20
melate,1648,2003-09-21,16000000,11,13,14,29,43,44,18
melate,1649,2003-09-24,18000000,3,18,30,36,43,47,33
melate,1650,2003-09-28,22000000,18,23,36,39,40,47,17
melate,1651,2003-10-01,25000000,2,3,9,19,22,41,16
melate,1652,2003-10-05,28000000,1,5,17,18,20,47,36
melate,1653,2003-10-08,31000000,6,16,31,36,41,46,9
melate,1654,2003-10-12,36000000,7,8,9,23,43,47,19
melate,1655,2003-10-15,40000000,1,12,19,32,35,40,22
melate,1656,2003-10-19,46000000,5,13,19,27,42,47,24
melate,1657,2003-10-22,53000000,3,7,8,16,30,44,25
melate,1658,2003-10-26,60000000,24,30,31,34,42,45,21
melate,1659,2003-10-29,68000000,10,33,34,36,42,46,11
melate,1660,2003-11-02,75000000,1,4,10,11,42,44,6
melate,1661,2003-11-05,82000000,3,16,35,42,43,44,34
melate,1662,2003-11-09,94000000,4,16,22,28,31,36,15
melate,1663,2003-11-12,8000000,6,9,38,40,42,43,36
melate,1664,2003-11-16,9000000,2,19,24,31,36,42,4
melate,1665,2003-11-19,10000000,23,29,42,44,45,47,9
melate,1666,2003-11-23,14000000,1,5,8,12,24,43,31
melate,1667,2003-11-26,18000000,7,17,33,41,43,44,9
melate,1668,2003-11-30,25000000,4,14,16,22,29,33,10
melate,1669,2003-12-03,24000000,1,2,11,15,17,31,46
melate,1670,2003-12-07,28000000,5,11,18,25,28,47,13
melate,1671,2003-12-10,32000000,4,9,12,17,19,36,33
melate,1672,2003-12-14,36000000,4,11,12,18,36,47,27
melate,1673,2003-12-17,40000000,5,8,10,25,27,39,45
melate,1674,2003-12-21,44000000,7,12,25,36,45,46,15
melate,1675,2003-12-24,48000000,6,7,20,38,41,47,29
melate,1676,2003-12-28,53000000,16,23,24,25,32,37,1
melate,1677,2003-12-31,58000000,3,8,26,33,38,45,37
melate,1678,2004-01-04,63000000,14,17,22,29,31,47,19
melate,1679,2004-01-07,68000000,5,7,8,9,14,27,6
melate,1680,2004-01-11,8000000,5,9,24,28,37,45,19
melate,1681,2004-01-14,9000000,5,36,37,39,40,47,15
melate,1682,2004-01-18,10000000,3,5,23,26,35,36,2
melate,1683,2004-01-21,8000000,4,25,26,32,41,45,23
melate,1684,2004-01-25,9000000,5,15,16,17,25,42,9
melate,1685,2004-01-28,10000000,5,15,17,24,28,31,19
melate,1686,2004-02-01,13000000,14,19,24,29,36,40,17
melate,1687,2004-02-04,16000000,6,18,21,28,31,32,33
melate,1688,2004-02-08,19000000,12,16,21,24,38,46,13
melate,1689,2004-02-11,23000000,8,10,14,29,35,46,38
melate,1690,2004-02-15,26000000,13,15,17,18,27,40,26
melate,1691,2004-02-18,30000000,5,16,25,26,27,29,12
melate,1692,2004-02-22,8000000,22,27,32,40,43,46,9
melate,1693,2004-02-25,9000000,5,9,12,31,34,44,36
melate,1694,2004-02-29,10000000,2,4,14,29,40,42,11
melate,1695,2004-03-03,12000000,8,29,32,36,37,39,12
melate,1696,2004-03-07,15000000,2,4,18,25,37,43,36
melate,1697,2004-03-10,19000000,3,7,30,36,38,45,37
melate,1698,2004-03-14,22000000,12,21,22,26,37,47,8
melate,1699,2004-03-17,25000000,10,17,30,34,36,40,4
melate,1700,2004-03-21,29000000,5,6,7,25,32,40,16
melate,1701,2004-03-24,33000000,6,9,23,28,30,35,12
melate,1702,2004-03-28,37000000,10,16,23,32,33,39,19
melate,1703,2004-03-31,41000000,9,12,19,28,30,42,35
melate,1704,2004-04-04,45000000,2,5,9,11,14,21,29
melate,1705,2004-04-07,8000000,7,16,27,31,34,35,43
melate,1706,2004-04-11,9000000,2,8,18,19,33,46,10
melate,1707,2004-04-14,10000000,7,9,31,36,45,46,35
melate,1708,2004-04-18,11000000,21,34,36,39,41,43,12
melate,1709,2004-04-21,15000000,1,12,14,17,19,47,24
melate,1710,2004-04-25,19000000,9,13,19,32,34,47,20
melate,1711,2004-04-28,22000000,5,15,16,26,30,34,1
melate,1712,2004-05-02,26000000,3,8,16,22,36,43,29
melate,1713,2004-05-05,9000000,4,8,16,20,44,47,26
melate,1714,2004-05-09,9000000,2,14,18,20,22,34,38
melate,1715,2004-05-12,10000000,3,14,21,30,40,41,43
melate,1716,2004-05-16,13000000,10,20,28,34,36,44,37
melate,1717,2004-05-19,16000000,1,11,14,21,23,35,9
melate,1718,2004-05-23,21000000,11,19,24,32,40,44,46
melate,1719,2004-05-26,24000000,7,9,13,14,23,35,6
melate,1720,2004-05-30,29000000,16,19,20,21,22,44,11
melate,1721,2004-06-02,33000000,7,8,18,30,33,39,43
melate,1722,2004-06-06,38000000,14,21,24,37,45,47,11
melate,1723,2004-06-09,44000000,6,9,14,23,34,39,37
melate,1724,2004-06-13,8000000,7,10,15,27,28,31,14
melate,1725,2004-06-16,9000000,23,30,33,36,40,43,25
melate,1726,2004-06-20,10000000,5,20,24,33,34,45,13
melate,1727,2004-06-23,13000000,3,5,12,24,30,42,31
melate,1728,2004-06-27,17000000,8,15,17,21,30,31,46
melate,1729,2004-06-30,20000000,4,5,21,26,28,34,12
melate,1730,2004-07-04,23000000,16,20,24,28,32,44,13
melate,1731,2004-07-07,26000000,11,12,16,25,26,43,15
melate,1732,2004-07-11,30000000,10,21,27,33,38,39,30
melate,1733,2004-07-14,8000000,2,14,18,21,29,45,15
melate,1734,2004-07-18,9000000,2,3,14,19,41,45,25
melate,1735,2004-07-21,10000000,5,17,21,25,37,43,1
melate,1736,2004-07-25,8000000,6,16,30,32,34,35,14
melate,1737,2004-07-28,9000000,4,11,17,18,20,36,8
melate,1738,2004-08-01,10000000,14,15,17,19,29,39,41
melate,1739,2004-08-04,13000000,8,11,19,28,30,47,43
melate,1740,2004-08-08,16000000,13,18,28,31,43,47,6
melate,1741,2004-08-11,20000000,6,9,22,36,42,46,3
melate,1742,2004-08-15,8000000,6,9,10,30,39,44,8
melate,1743,2004-08-18,9000000,4,27,32,39,44,47,12
melate,1744,2004-08-22,10000000,8,9,15,19,28,45,47
melate,1745,2004-08-25,13000000,6,17,30,31,38,41,18
melate,1746,2004-08-29,8000000,3,19,24,25,37,40,28
melate,1747,2004-09-01,9000000,11,12,22,35,39,40,45
melate,1748,2004-09-05,10000000,1,3,9,13,14,30,17
melate,1749,2004-09-08,12000000,7,9,13,16,18,40,26
melate,1750,2004-09-12,8000000,8,10,13,14,21,29,16
melate,1751,2004-09-15,9000000,4,19,29,39,41,42,6
melate,1752,2004-09-19,10000000,7,11,27,30,43,45,42
melate,1753,2004-09-22,12000000,7,20,21,25,31,41,24
melate,1754,2004-09-26,14000000,1,5,18,40,46,47,22
melate,1755,2004-09-29,17000000,2,12,15,39,41,47,17
melate,1756,2004-10-03,20000000,5,28,31,34,41,42,19
melate,1757,2004-10-06,23000000,3,6,12,22,35,37,40
melate,1758,2004-10-10,28000000,3,16,31,37,38,47,43
melate,1759,2004-10-13,88000000,2,9,13,19,23,37,42
melate,1760,2004-10-17,9000000,1,5,27,30,32,37,20
melate,1761,2004-10-20,10000000,9,22,24,25,33,42,29
melate,1762,2004-10-24,12000000,13,18,23,27,29,32,33
melate,1763,2004-10-27,14000000,1,2,9,13,43,46,26
melate,1764,2004-10-31,17000000,6,24,25,28,30,40,37
melate,1765,2004-11-03,20000000,6,8,14,26,31,42,32
melate,1766,2004-11-07,8000000,8,16,23,33,41,43,6
melate,1767,2004-11-10,9000000,6,14,19,21,34,43,13
melate,1768,2004-11-14,10000000,4,8,22,24,30,47,29
melate,1769,2004-11-17,12000000,4,13,23,38,40,47,11
melate,1770,2004-11-21,15000000,2,12,13,14,24,36,43
melate,1771,2004-11-24,18000000,17,22,30,37,38,44,40
melate,1772,2004-11-28,21000000,5,15,17,19,28,47,38
melate,1773,2004-12-01,24000000,26,27,30,37,41,44,18
melate,1774,2004-12-05,28000000,1,15,20,24,28,33,31
melate,1775,2004-12-08,31000000,12,31,32,38,44,45,11
melate,1776,2004-12-12,35000000,1,5,7,20,44,47,46
melate,1777,2004-12-15,39000000,7,26,28,34,35,42,5
melate,1778,2004-12-19,43000000,3,17,20,28,30,39,5
melate,1779,2004-12-22,48000000,14,19,24,28,32,40,9
melate,1780,2004-12-26,54000000,3,5,11,32,38,45,40
melate,1781,2004-12-29,59000000,2,10,15,23,36,42,31
melate,1782,2005-01-02,65000000,6,8,12,42,44,47,24
melate,1783,2005-01-05,73000000,10,15,21,24,26,46,19
melate,1784,2005-01-09,82000000,2,19,21,24,25,46,32
melate,1785,2005-01-12,94000000,9,22,26,39,42,45,17
melate,1786,2005-01-16,8000000,1,7,9,32,37,45,10
melate,1787,2005-01-19,8000000,10,13,26,27,39,43,25
melate,1788,2005-01-23,9000000,18,25,26,27,32,35,38
melate,1789,2005-01-26,10000000,4,10,14,32,34,38,11
melate,1790,2005-01-30,13000000,1,10,12,17,43,45,40
melate,1791,2005-02-02,20000000,17,25,31,35,40,46,45
melate,1792,2005-02-06,24000000,10,15,20,21,33,46,16
melate,1793,2005-02-09,27000000,13,21,25,32,41,47,40
melate,1794,2005-02-13,31000000,3,18,21,24,27,39,29
melate,1795,2005-02-16,35000000,4,17,24,27,28,47,20
melate,1796,2005-02-20,39000000,24,25,27,34,36,43,31
melate,1797,2005-02-23,43000000,3,21,22,29,37,45,25
melate,1798,2005-02-27,47000000,2,18,27,40,45,46,43
melate,1799,2005-03-02,52000000,6,14,33,38,41,42,13
melate,1800,2005-03-06,8000000,5,8,11,21,25,44,33
melate,1801,2005-03-09,9000000,3,11,18,28,36,42,20
melate,1802,2005-03-13,10000000,5,18,21,24,29,46,7
melate,1803,2005-03-16,13000000,13,16,19,31,46,47,20
melate,1804,2005-03-20,16000000,10,13,20,28,32,38,35
melate,1805,2005-03-23,19000000,19,32,35,39,44,45,12
melate,1806,2005-03-27,22000000,18,19,25,32,33,36,7
melate,1807,2005-03-30,26000000,3,14,20,26,33,47,10
melate,1808,2005-04-03,8000000,1,3,6,9,12,16,35
melate,1809,2005-04-06,9000000,8,11,16,33,40,45,41
melate,1810,2005-04-10,8000000,4,18,28,30,32,34,44
melate,1811,2005-04-13,9000000,2,11,28,36,42,45,4
melate,1812,2005-04-17,10000000,13,19,20,32,34,37,38
melate,1813,2005-04-20,12000000,19,20,22,26,39,45,9
melate,1814,2005-04-24,15000000,2,4,16,32,38,42,6
melate,1815,2005-04-27,18000000,20,23,25,31,40,45,16
melate,1816,2005-05-01,21000000,1,17,23,27,31,41,28
melate,1817,2005-05-04,24000000,12,15,22,30,37,40,28
melate,1818,2005-05-08,28000000,14,22,23,25,28,31,13
melate,1819,2005-05-11,31000000,1,2,5,8,19,27,33
melate,1820,2005-05-15,34000000,6,11,31,35,37,41,18
melate,1821,2005-05-18,8000000,4,12,20,27,29,43,45
melate,1822,2005-05-22,9000000,1,4,20,27,30,39,41
melate,1823,2005-05-25,10000000,6,17,20,21,22,44,34
melate,1824,2005-05-29,12000000,3,14,21,25,35,37,27
melate,1825,2005-06-01,14000000,3,6,10,17,37,41,24
melate,1826,2005-06-05,17000000,13,24,29,30,32,38,10
melate,1827,2005-06-08,21000000,7,9,12,18,37,41,29
melate,1828,2005-06-12,24000000,1,9,25,33,37,42,44
melate,1829,2005-06-15,8000000,5,7,9,10,14,25,29
melate,1830,2005-06-19,9000000,3,18,25,26,27,42,4
melate,1831,2005-06-22,10000000,3,6,10,34,39,47,1
melate,1832,2005-06-26,11000000,10,12,15,23,24,36,25
melate,1833,2005-06-29,8000000,3,17,19,30,36,39,43
melate,1834,2005-07-03,9000000,1,7,18,20,29,31,6
melate,1835,2005-07-06,10000000,4,14,15,23,28,36,10
melate,1836,2005-07-10,12000000,1,10,15,37,38,47,32
melate,1837,2005-07-13,15000000,4,12,26,32,36,47,19
melate,1838,2005-07-17,18000000,3,14,20,29,32,41,12
melate,1839,2005-07-20,8000000,6,12,24,26,45,47,2
melate,1840,2005-07-24,9000000,3,5,20,31,38,43,8
melate,1841,2005-07-27,10000000,13,18,20,22,39,43,15
melate,1842,2005-07-31,12000000,11,17,19,24,29,39,41
melate,1843,2005-08-03,16000000,6,12,13,25,30,41,28
melate,1844,2005-08-07,19000000,1,3,7,13,22,29,25
melate,1845,2005-08-10,23000000,5,15,30,37,41,47,7
melate,1846,2005-08-14,27000000,5,12,13,15,34,36,21
melate,1847,2005-08-17,33000000,1,22,25,30,38,42,36
melate,1848,2005-08-21,38000000,5,15,21,30,43,46,6
melate,1849,2005-08-24,44000000,2,4,19,30,35,46,16
melate,1850,2005-08-28,8000000,11,23,30,35,40,42,15
melate,1851,2005-08-31,9000000,8,11,15,17,29,43,28
melate,1852,2005-09-04,11000000,9,11,12,19,22,44,24
melate,1853,2005-09-07,17000000,1,3,4,15,36,39,31
melate,1854,2005-09-11,21000000,1,16,26,31,37,45,7
melate,1855,2005-09-14,26000000,15,16,17,25,41,42,19
melate,1856,2005-09-18,31000000,7,13,15,21,28,34,6
melate,1857,2005-09-21,36000000,5,10,14,36,41,43,38
melate,1858,2005-09-25,8000000,2,3,12,38,42,44,7
melate,1859,2005-09-28,8000000,8,14,18,25,29,36,21
melate,1860,2005-10-02,9000000,13,15,20,22,34,42,35
melate,1861,2005-10-05,10000000,3,4,22,37,38,40,23
melate,1862,2005-10-09,8000000,17,25,29,33,36,46,11
melate,1863,2005-10-12,8000000,3,8,12,16,36,44,31
melate,1864,2005-10-16,9000000,25,30,31,42,43,47,21
melate,1865,2005-10-19,8000000,5,10,16,33,37,42,23
melate,1866,2005-10-23,8000000,12,13,22,35,38,40,25
melate,1867,2005-10-26,9000000,4,8,23,41,43,46,29
melate,1868,2005-10-30,10000000,1,6,33,37,38,45,25
melate,1869,2005-11-02,12000000,10,15,17,36,39,41,2
melate,1870,2005-11-06,15000000,19,23,31,40,46,47,26
melate,1871,2005-11-09,19000000,4,11,14,17,33,39,28
melate,1872,2005-11-13,8000000,4,12,15,26,27,40,11
melate,1873,2005-11-16,9000000,1,5,22,24,35,45,11
melate,1874,2005-11-20,10000000,6,19,27,36,40,44,29
melate,1875,2005-11-23,12000000,2,6,12,16,28,36,4
melate,1876,2005-11-27,14000000,7,11,20,28,41,46,30
melate,1877,2005-11-30,12000000,6,7,13,14,29,43,22
melate,1878,2005-12-04,13000000,15,23,27,32,35,48,13
melate,1879,2005-12-07,14000000,8,14,19,28,32,40,35
melate,1880,2005-12-11,17000000,9,11,15,19,24,46,26
melate,1881,2005-12-14,21000000,15,31,32,34,46,50,12
melate,1882,2005-12-18,26000000,13,17,23,31,41,48,11
melate,1883,2005-12-21,30000000,1,3,4,25,29,41,45
melate,1884,2005-12-25,35000000,15,16,20,25,30,48,23
melate,1885,2005-12-28,40000000,3,5,12,30,42,44,22
melate,1886,2006-01-01,46000000,1,14,19,29,36,42,41
melate,1887,2006-01-04,52000000,9,12,26,28,42,50,7
melate,1888,2006-01-08,59000000,5,6,11,30,37,50,12
melate,1889,2006-01-11,67000000,4,9,14,32,43,48,5
melate,1890,2006-01-15,74000000,4,9,24,39,41,49,11
melate,1891,2006-01-18,85000000,13,17,27,44,49,51,30
melate,1892,2006-01-22,95000000,1,7,19,34,39,47,48
melate,1893,2006-01-25,107000000,14,22,28,30,39,44,3
melate,1894,2006-01-29,117000000,1,6,13,21,44,50,12
melate,1895,2006-02-01,131000000,3,10,15,18,22,40,17
melate,1896,2006-02-05,146000000,14,21,33,41,49,50,7
melate,1897,2006-02-08,158000000,1,3,4,11,30,31,48
melate,1898,2006-02-12,173000000,7,22,32,39,41,50,42
melate,1899,2006-02-15,12000000,1,8,10,15,19,21,45
melate,1900,2006-02-19,13000000,14,18,19,29,44,48,8
melate,1901,2006-02-22,16000000,12,19,25,39,47,49,11
melate,1902,2006-02-26,21000000,5,15,33,34,39,40,25
melate,1903,2006-03-01,26000000,5,18,21,29,31,51,1
melate,1904,2006-03-05,12000000,1,23,34,44,45,47,18
melate,1905,2006-03-08,13000000,15,26,31,38,46,48,25
melate,1906,2006-03-12,14000000,4,19,32,43,44,47,6
melate,1907,2006-03-15,19000000,5,7,17,34,45,49,44
melate,1908,2006-03-19,23000000,10,18,30,38,41,44,22
melate,1909,2006-03-22,28000000,4,8,18,20,40,45,16
melate,1910,2006-03-26,32000000,13,20,21,23,35,46,30
melate,1911,2006-03-29,38000000,23,24,28,30,35,50,10
melate,1912,2006-04-02,42000000,7,16,18,24,28,39,44
melate,1913,2006-04-05,48000000,14,23,30,37,40,46,8
melate,1914,2006-04-09,52000000,3,7,27,31,32,42,51
melate,1915,2006-04-12,57000000,10,11,20,32,45,50,40
melate,1916,2006-04-16,62000000,16,25,34,39,47,50,43
melate,1917,2006-04-19,68000000,11,21,22,25,28,35,26
melate,1918,2006-04-23,74000000,2,7,14,35,41,50,45
melate,1919,2006-04-26,81000000,6,19,26,28,37,41,10
melate,1920,2006-04-30,87000000,4,16,23,30,44,51,2
melate,1921,2006-05-03,95000000,15,17,23,32,38,39,36
melate,1922,2006-05-07,102000000,4,8,9,17,28,48,31
melate,1923,2006-05-10,111000000,12,16,19,33,42,43,13
melate,1924,2006-05-14,118000000,1,8,17,19,20,31,28
melate,1925,2006-05-17,128000000,3,6,11,21,35,36,4
melate,1926,2006-05-21,12000000,9,15,18,23,37,41,7
melate,1927,2006-05-24,13000000,7,9,22,30,32,43,46
melate,1928,2006-05-28,14000000,25,26,29,36,45,51,46
melate,1929,2006-05-31,18000000,6,8,26,28,48,50,36
melate,1930,2006-06-04,23000000,16,20,33,39,43,44,3
melate,1931,2006-06-07,12000000,8,13,36,38,42,44,43
melate,1932,2006-06-11,13000000,10,21,27,42,43,48,19
melate,1933,2006-06-14,14000000,2,19,29,36,38,49,9
melate,1934,2006-06-18,17000000,10,18,21,31,41,48,14
melate,1935,2006-06-21,22000000,1,4,8,10,15,50,16
melate,1936,2006-06-25,26000000,16,17,18,35,39,49,20
melate,1937,2006-06-28,31000000,3,12,13,47,48,50,5
melate,1938,2006-07-02,35000000,7,13,17,32,42,49,6
melate,1939,2006-07-05,41000000,2,12,19,20,23,50,13
melate,1940,2006-07-09,46000000,5,15,22,23,43,49,10
melate,1941,2006-07-12,52000000,1,7,12,18,23,46,33
melate,1942,2006-07-16,57000000,4,5,14,17,28,45,2
melate,1943,2006-07-19,65000000,6,17,23,25,38,40,45
melate,1944,2006-07-23,71000000,17,31,32,39,41,47,29
melate,1945,2006-07-26,79000000,31,32,35,36,39,41,47
melate,1946,2006-07-30,12000000,14,19,20,21,41,45,3
melate,1947,2006-08-02,13000000,16,18,20,34,41,50,8
melate,1948,2006-08-06,15000000,4,11,13,33,34,47,10
melate,1949,2006-08-09,21000000,9,11,22,28,35,47,44
melate,1950,2006-08-13,26000000,12,30,34,41,49,50,31
melate,1951,2006-08-16,33000000,24,26,35,42,47,51,8
melate,1952,2006-08-20,39000000,11,16,19,22,25,47,41
melate,1953,2006-08-23,46000000,12,18,22,29,30,38,2
melate,1954,2006-08-27,52000000,4,5,21,22,29,49,46
melate,1955,2006-08-30,60000000,1,6,8,20,24,44,45
melate,1956,2006-09-03,67000000,7,8,17,23,38,47,51
melate,1957,2006-09-06,77000000,2,4,13,20,22,51,33
melate,1958,2006-09-10,85000000,8,13,18,30,44,50,6
melate,1959,2006-09-13,94000000,19,24,32,36,48,51,49
melate,1960,2006-09-17,104000000,28,30,32,33,40,46,34
melate,1961,2006-09-20,114000000,4,13,31,35,37,47,21
melate,1962,2006-09-24,125000000,1,10,18,32,33,40,16
melate,1963,2006-09-27,139000000,2,7,16,32,44,49,39
melate,1964,2006-10-01,153000000,1,7,24,28,39,47,41
melate,1965,2006-10-04,168000000,1,3,17,31,38,42,36
melate,1966,2006-10-08,12000000,4,16,35,40,43,50,45
melate,1967,2006-10-11,13000000,1,7,27,41,45,49,14
melate,1968,2006-10-15,15000000,13,27,31,36,41,50,28
melate,1969,2006-10-18,22000000,10,11,13,45,47,49,5
melate,1970,2006-10-22,27000000,3,8,11,18,28,35,44
melate,1971,2006-10-25,33000000,15,21,31,33,35,39,22
melate,1972,2006-10-29,37000000,13,31,40,43,46,47,32
melate,1973,2006-11-01,44000000,2,4,8,32,39,40,27
melate,1974,2006-11-05,50000000,9,16,19,29,31,35,32
melate,1975,2006-11-08,57000000,3,26,28,34,38,42,27
melate,1976,2006-11-12,63000000,6,16,20,28,29,48,47
melate,1977,2006-11-15,12000000,12,14,22,39,41,45,40
melate,1978,2006-11-19,13000,5,6,11,33,49,51,41
melate,1979,2006-11-22,15000000,11,12,19,34,45,47,40
melate,1980,2006-11-26,20000000,12,13,15,24,32,51,41
melate,1981,2006-11-29,26000000,8,25,29,31,47,48,41
melate,1982,2006-12-03,12000000,4,10,12,24,37,48,18
melate,1983,2006-12-06,13000000,16,18,34,41,48,49,10
melate,1984,2006-12-10,15000000,8,13,25,28,44,45,4
melate,1985,2006-12-13,20000000,8,16,17,18,30,50,4
melate,1986,2006-12-17,12000000,1,11,28,35,40,48,47
melate,1987,2006-12-20,13000000,1,6,7,34,35,50,39
melate,1988,2006-12-24,14000000,2,4,15,29,49,51,16
melate,1989,2006-12-27,0,2,6,18,32,33,36,9
melate,1990,2006-12-31,23000000,3,23,40,41,49,50,4
melate,1991,2007-01-03,30000000,9,19,21,22,47,48,44
melate,1992,2007-01-07,35000000,9,17,25,29,38,47,30
melate,1993,2007-01-10,43000000,5,12,14,32,33,45,9
melate,1994,2007-01-14,48000000,11,12,19,38,40,46,5
melate,1995,2007-01-17,54000000,1,6,15,18,19,30,41
melate,1996,2007-01-21,60000000,4,14,20,22,31,51,21
melate,1997,2007-01-24,67000000,7,8,9,18,30,43,24
melate,1998,2007-01-28,73000000,2,4,5,22,25,46,16
melate,1999,2007-01-31,80000000,5,6,29,42,47,50,20
melate,2000,2007-02-04,87000000,4,5,11,19,44,50,3
melate,2001,2007-02-07,12000000,3,11,35,39,44,51,34
melate,2002,2007-02-11,13000000,10,19,44,46,49,50,18
melate,2003,2007-02-14,16000000,3,4,8,13,45,49,1
melate,2004,2007-02-18,21000000,6,8,10,17,20,31,42
melate,2005,2007-02-21,27000000,3,7,19,20,26,43,37
melate,2006,2007-02-25,33000000,11,12,32,38,41,44,26
melate,2007,2007-02-28,39000000,6,20,28,30,40,41,42
melate,2008,2007-03-04,45000000,16,18,30,31,38,44,29
melate,2009,2007-03-07,52000000,2,5,42,45,46,48,9
melate,2010,2007-03-11,59000000,1,11,17,43,48,51,26
melate,2011,2007-03-14,66000000,1,3,4,8,35,47,22
melate,2012,2007-03-18,71000000,11,15,31,39,44,46,29
melate,2013,2007-03-21,78000000,11,14,27,42,48,49,9
melate,2014,2007-03-25,84000000,13,15,18,25,35,45,20
melate,2015,2007-03-28,91000000,1,9,24,25,34,49,40
melate,2016,2007-04-01,99000000,7,19,20,36,38,41,48
melate,2017,2007-04-04,106000000,20,22,32,45,46,48,36
melate,2018,2007-04-08,114000000,7,24,26,38,41,47,21
melate,2019,2007-04-11,125000000,2,16,20,25,33,50,44
melate,2020,2007-04-15,136000000,4,7,14,25,27,33,24
melate,2021,2007-04-18,148000000,11,15,34,38,40,44,10
melate,2022,2007-04-22,159000000,6,11,19,27,30,43,13
melate,2023,2007-04-25,170000000,2,30,38,39,40,49,47
melate,2024,2007-04-29,184000000,7,8,19,20,36,40,22
melate,2025,2007-05-02,200000000,6,14,15,21,29,46,18
melate,2026,2007-05-06,0,19,20,22,28,48,49,47
melate,2027,2007-05-09,236000000,8,11,18,25,31,51,32
melate,2028,2007-05-13,254000000,23,33,36,38,47,51,3
melate,2029,2007-05-16,277000000,4,6,31,32,47,51,41
melate,2030,2007-05-20,305000000,2,18,28,35,39,45,50
melate,2031,2007-05-23,336000000,3,6,23,32,50,51,39
melate,2032,2007-05-27,362000000,7,19,26,29,32,49,43
melate,2033,2007-05-30,406000000,1,32,36,38,45,47,17
melate,2034,2007-06-03,12000000,13,20,22,28,37,38,33
melate,2035,2007-06-06,21000000,11,23,26,35,39,41,15
melate,2036,2007-06-10,34000000,4,5,11,26,27,48,30
melate,2037,2007-06-13,40000000,6,8,26,37,39,46,16
melate,2038,2007-06-17,48000000,4,7,32,35,36,43,24
melate,2039,2007-06-20,58000000,1,2,8,17,29,48,11
melate,2040,2007-06-24,66000000,5,6,13,18,27,48,12
melate,2041,2007-06-27,12000000,9,20,33,39,41,48,37
melate,2042,2007-07-01,14000000,2,3,16,27,29,39,32
melate,2043,2007-07-04,12000000,1,7,19,27,36,45,15
melate,2044,2007-07-08,13000000,1,10,13,22,34,44,21
melate,2045,2007-07-11,12000000,4,13,19,26,31,37,39
melate,2046,2007-07-15,13000000,6,7,24,32,39,47,3
melate,2047,2007-07-18,20000000,3,13,16,17,47,50,11
melate,2048,2007-07-22,24000000,1,14,29,42,44,45,28
melate,2049,2007-07-25,32000000,15,22,24,32,33,44,40
melate,2050,2007-07-29,38000000,14,16,21,31,42,46,36
melate,2051,2007-08-01,45000000,5,10,18,30,32,47,40
melate,2052,2007-08-05,52000000,1,4,7,29,31,49,30
melate,2053,2007-08-08,60000000,5,9,13,28,34,39,18
melate,2054,2007-08-12,69000000,7,8,29,42,47,48,3
melate,2055,2007-08-15,12000000,2,11,22,28,41,48,12
melate,2056,2007-08-19,12000000,11,17,24,38,46,50,36
melate,2057,2007-08-22,13000000,3,5,12,33,37,45,41
melate,2058,2007-08-26,15000000,2,22,29,33,34,36,39
melate,2059,2007-08-29,24000000,16,21,27,29,36,49,6
melate,2060,2007-09-02,29000000,3,8,17,27,33,36,32
melate,2061,2007-09-05,12000000,12,16,21,31,39,45,30
melate,2062,2007-09-09,13000000,4,19,25,39,42,46,45
melate,2063,2007-09-12,18000000,4,6,19,20,30,37,14
melate,2064,2007-09-16,24000000,26,28,29,32,45,49,48
melate,2065,2007-09-19,12000000,5,11,17,23,30,36,29
melate,2066,2007-09-23,13000000,1,3,8,11,22,40,33
melate,2067,2007-09-26,17000000,10,11,14,17,22,51,47
melate,2068,2007-09-30,23000000,15,28,39,40,43,46,49
melate,2069,2007-10-03,30000000,2,3,28,32,36,42,14
melate,2070,2007-10-07,36000000,1,2,3,6,32,39,7
melate,2071,2007-10-10,42000000,22,23,24,34,38,46,27
melate,2072,2007-10-14,49000000,12,16,19,24,32,50,13
melate,2073,2007-10-17,56000000,3,11,12,18,29,39,31
melate,2074,2007-10-21,64000000,16,18,24,32,33,42,43
melate,2075,2007-10-24,72000000,21,22,31,36,37,43,19
melate,2076,2007-10-28,79000000,8,17,29,37,45,46,16
melate,2077,2007-10-31,88000000,13,15,27,32,36,46,11
melate,2078,2007-11-04,96000000,4,13,28,42,46,49,8
melate,2079,2007-11-07,106000000,1,6,11,13,18,43,50
melate,2080,2007-11-11,117000000,3,7,28,29,43,51,23
melate,2081,2007-11-14,126000000,35,36,39,41,42,50,11
melate,2082,2007-11-18,135000000,7,14,15,35,39,51,2
melate,2083,2007-11-21,146000000,5,10,13,26,29,41,24
melate,2084,2007-11-25,12000000,16,32,33,36,43,45,5
melate,2085,2007-11-28,13000000,15,18,31,34,41,47,36
melate,2086,2007-12-02,18000000,1,4,19,25,32,50,44
melate,2087,2007-12-05,26000000,2,13,19,37,38,47,20
melate,2088,2007-12-09,44000000,6,24,31,36,43,51,21
melate,2089,2007-12-12,50000000,10,17,21,50,54,56,37
melate,2090,2007-12-16,54000000,17,18,19,24,37,53,50
melate,2091,2007-12-19,57000000,7,8,26,27,53,56,20
melate,2092,2007-12-23,64000000,9,10,24,32,35,55,34
melate,2093,2007-12-26,73000000,4,9,27,31,33,40,45
melate,2094,2007-12-30,79000000,15,17,38,41,46,54,21
melate,2095,2008-01-02,89000000,10,19,20,23,31,44,38
melate,2096,2008-01-06,30000000,1,5,10,13,31,54,46
melate,2097,2008-01-09,32000000,9,37,38,42,50,56,6
melate,2098,2008-01-13,35000000,6,27,37,41,50,53,18
melate,2099,2008-01-16,39000000,8,16,24,42,46,50,28
melate,2100,2008-01-20,43000000,11,28,29,31,49,54,19
melate,2101,2008-01-23,47000000,19,27,29,35,37,44,24
melate,2102,2008-01-27,53000000,2,3,32,40,43,47,11
melate,2103,2008-01-30,62000000,4,6,13,20,21,47,53
melate,2104,2008-02-03,69000000,9,13,34,46,54,56,35
melate,2105,2008-02-06,78000000,24,28,35,40,42,50,25
melate,2106,2008-02-10,86000000,1,3,27,37,44,52,14
melate,2107,2008-02-13,94000000,5,6,19,38,42,44,29
melate,2108,2008-02-17,102000000,22,26,43,49,53,55,48
melate,2109,2008-02-20,112000000,2,9,13,37,46,52,26
melate,2110,2008-02-24,121000000,6,10,12,35,39,53,55
melate,2111,2008-02-27,131000000,8,18,24,31,39,43,37
melate,2112,2008-03-02,140000000,7,17,32,33,34,51,38
melate,2113,2008-03-05,151000000,5,15,21,28,43,50,40
melate,2114,2008-03-09,161000000,3,23,25,26,33,34,4
melate,2115,2008-03-12,173000000,7,9,10,38,41,56,37
melate,2116,2008-03-16,185000000,23,27,29,32,37,48,13
melate,2117,2008-03-19,30000000,9,17,28,36,45,51,43
melate,2118,2008-03-23,31000000,30,32,33,40,41,52,3
melate,2119,2008-03-26,32000000,12,21,22,26,41,50,40
melate,2120,2008-03-30,0,2,6,13,35,43,52,16
melate,2121,2008-04-02,38000000,24,35,37,47,54,55,30
melate,2122,2008-04-06,46000000,12,18,45,49,50,53,9
melate,2123,2008-04-09,55000000,10,13,25,35,37,41,42
melate,2124,2008-04-13,61000000,5,19,23,27,36,51,39
melate,2125,2008-04-16,30000000,9,13,17,25,37,43,1
melate,2126,2008-04-20,31000000,5,20,22,25,42,56,15
melate,2127,2008-04-23,32000000,9,13,24,32,39,55,37
melate,2128,2008-04-27,34000000,8,12,15,17,43,50,52
melate,2129,2008-04-30,36000000,2,13,27,33,35,36,19
melate,2130,2008-05-04,41000000,3,8,12,17,23,32,56
melate,2131,2008-05-07,48000000,16,19,22,24,29,51,38
melate,2132,2008-05-11,54000000,3,27,33,34,36,42,22
melate,2133,2008-05-14,61000000,15,16,25,29,47,52,53
melate,2134,2008-05-18,68000000,10,11,12,29,47,50,54
melate,2135,2008-05-21,76000000,3,23,26,41,47,50,48
melate,2136,2008-05-25,84000000,12,21,31,35,46,55,5
melate,2137,2008-05-28,92000000,26,29,34,35,39,50,32
melate,2138,2008-06-01,100000000,7,29,33,37,52,55,10
melate,2139,2008-06-04,110000000,3,4,12,13,19,28,10
melate,2140,2008-06-08,117000000,11,19,25,44,50,53,32
melate,2141,2008-06-11,128000000,10,13,16,27,29,32,24
melate,2142,2008-06-15,0,3,5,22,34,40,47,16
melate,2143,2008-06-18,30000000,5,14,20,29,34,54,55
melate,2144,2008-06-22,31000000,14,19,21,30,46,52,24
melate,2145,2008-06-25,32000000,4,7,15,19,43,52,40
melate,2146,2008-06-29,33000000,4,17,34,47,48,51,31
melate,2147,2008-07-02,35000000,5,8,11,12,48,56,10
melate,2148,2008-07-06,40000000,8,14,37,39,41,49,26
melate,2149,2008-07-09,48000000,2,8,14,16,19,22,43
melate,2150,2008-07-13,54000000,8,15,28,30,31,45,38
melate,2151,2008-07-16,62000000,4,36,38,43,45,55,52
melate,2152,2008-07-20,69000000,6,11,14,24,32,44,21
melate,2153,2008-07-23,76000000,1,3,18,21,25,29,36
melate,2154,2008-07-27,83000000,1,4,21,33,39,53,44
melate,2155,2008-07-30,90000000,6,10,14,22,32,54,43
melate,2156,2008-08-03,97000000,10,36,46,47,51,53,3
melate,2157,2008-08-06,108000000,24,29,31,42,43,55,51
melate,2158,2008-08-10,117000000,10,15,23,33,44,53,51
melate,2159,2008-08-13,125000000,11,16,34,38,48,50,27
melate,2160,2008-08-17,135000000,15,17,31,40,45,49,46
melate,2161,2008-08-20,30000000,1,6,20,21,26,41,38
melate,2162,2008-08-24,31000000,14,16,25,29,51,54,45
melate,2163,2008-08-27,32000000,4,8,9,10,34,41,53
melate,2164,2008-08-31,33000000,8,19,24,30,33,47,28
melate,2165,2008-09-03,34000000,3,15,17,23,38,49,44
melate,2166,2008-09-07,38000000,4,12,16,18,19,55,50
melate,2167,2008-09-10,45000000,5,8,18,30,32,33,7
melate,2168,2008-09-14,50000000,5,7,25,34,41,46,39
melate,2169,2008-09-17,30000000,2,4,13,17,26,29,44
melate,2170,2008-09-21,31000000,2,6,29,38,47,54,48
melate,2171,2008-09-24,32000000,12,14,26,27,30,49,32
melate,2172,2008-09-28,33000000,15,16,27,28,36,52,2
melate,2173,2008-10-01,34000000,7,15,19,26,46,49,48
melate,2174,2008-10-05,38000000,1,13,18,37,39,55,11
melate,2175,2008-10-08,45000000,7,19,33,37,38,50,40
melate,2176,2008-10-12,51000000,4,12,20,24,26,30,29
melate,2177,2008-10-15,58000000,1,2,9,37,38,45,10
melate,2178,2008-10-19,64000000,7,8,15,20,28,40,17
melate,2179,2008-10-22,71000000,8,16,19,27,31,43,28
melate,2180,2008-10-26,76000000,1,12,21,22,37,52,6
melate,2181,2008-10-29,84000000,7,18,19,31,41,52,48
melate,2182,2008-11-02,90000000,25,36,45,47,49,52,18
melate,2183,2008-11-05,99000000,9,14,25,35,45,52,48
melate,2184,2008-11-09,107000000,1,3,4,33,43,55,24
melate,2185,2008-11-12,116000000,7,8,18,27,33,52,34
melate,2186,2008-11-16,123000000,14,25,26,27,49,52,41
melate,2187,2008-11-19,132000000,10,39,42,45,50,56,26
melate,2188,2008-11-23,141000000,4,17,35,44,46,47,27
melate,2189,2008-11-26,151000000,11,12,13,14,17,46,34
melate,2190,2008-11-30,159000000,2,10,14,29,41,49,38
melate,2191,2008-12-03,170000000,1,8,9,12,28,36,53
melate,2192,2008-12-07,180000000,8,23,27,32,38,46,24
melate,2193,2008-12-10,190000000,6,29,44,46,47,51,38
melate,2194,2008-12-14,202000000,1,2,28,34,46,51,47
melate,2195,2008-12-17,218000000,3,12,16,23,47,51,37
melate,2196,2008-12-21,231000000,3,19,37,46,51,53,11
melate,2197,2008-12-24,248000000,6,15,38,40,52,56,49
melate,2198,2008-12-28,267000000,10,19,32,34,44,53,5
melate,2199,2008-12-31,30000000,14,19,48,51,52,55,34
melate,2200,2009-01-04,31000000,7,12,26,27,40,44,52
melate,2201,2009-01-07,32000000,13,14,23,24,34,53,21
melate,2202,2009-01-11,30000000,13,14,19,36,37,47,33
melate,2203,2009-01-14,31000000,10,14,41,42,47,55,56
melate,2204,2009-01-18,32000000,2,25,42,44,47,49,24
melate,2205,2009-01-21,33000000,8,17,22,36,39,41,50
melate,2206,2009-01-25,36000000,4,19,23,24,30,39,33
melate,2207,2009-01-28,30000000,13,16,20,25,28,38,48
melate,2208,2009-02-01,31000000,9,15,16,39,41,48,26
melate,2209,2009-02-04,32000000,9,21,22,24,37,38,10
melate,2210,2009-02-08,30000000,1,5,8,28,40,50,54
melate,2211,2009-02-11,31000000,2,23,43,46,49,52,40
melate,2212,2009-02-15,32000000,6,19,21,25,30,47,16
melate,2213,2009-02-18,33000000,7,20,21,35,45,47,24
melate,2214,2009-02-22,34000000,5,16,25,35,42,47,19
melate,2215,2009-02-25,35000000,29,33,34,41,52,54,48
melate,2216,2009-03-01,45000000,10,19,26,45,50,51,21
melate,2217,2009-03-04,54000000,16,26,44,46,52,56,45
melate,2218,2009-03-08,62000000,9,13,36,37,51,55,4
melate,2219,2009-03-11,70000000,9,13,19,25,40,51,26
melate,2220,2009-03-15,76000000,3,14,15,19,47,48,13
melate,2221,2009-03-18,84000000,1,9,11,27,43,55,5
melate,2222,2009-03-22,90000000,25,35,46,49,50,56,28
melate,2223,2009-03-25,100000000,8,11,12,21,37,39,6
melate,2224,2009-03-29,107000000,12,24,28,30,44,46,40
melate,2225,2009-04-01,117000000,13,20,28,40,48,50,3
melate,2226,2009-04-05,126000000,3,6,13,32,35,54,53
melate,2227,2009-04-08,134000000,4,9,19,20,36,52,13
melate,2228,2009-04-12,142000000,2,27,29,33,44,48,51
melate,2229,2009-04-15,150000000,3,11,18,34,42,43,52
melate,2230,2009-04-19,159000000,5,13,25,26,41,46,18
melate,2231,2009-04-22,170000000,15,16,17,21,31,39,44
melate,2232,2009-04-26,180000000,17,18,25,27,38,48,26
melate,2233,2009-04-29,190000000,9,13,26,35,42,53,40
melate,2234,2009-05-03,0,13,16,18,43,46,49,14
melate,2235,2009-05-06,213000000,5,38,39,42,50,53,9
melate,2236,2009-05-10,30000000,9,17,21,35,43,52,49
melate,2237,2009-05-13,31000000,3,9,11,30,41,47,22
melate,2238,2009-05-17,32000000,2,13,14,19,42,51,47
melate,2239,2009-05-20,33000000,13,14,16,23,25,49,47
melate,2240,2009-05-24,34000000,6,10,12,29,38,50,30
melate,2241,2009-05-27,42000000,5,12,13,37,47,56,19
melate,2242,2009-05-31,48000000,2,16,30,33,47,48,19
melate,2243,2009-06-03,57000000,10,13,22,42,43,49,9
melate,2244,2009-06-07,65000000,2,12,23,33,46,55,42
melate,2245,2009-06-10,73000000,10,12,18,42,43,48,53
melate,2246,2009-06-14,81000000,3,11,17,33,42,55,48
melate,2247,2009-06-17,89000000,1,8,14,31,32,38,35
melate,2248,2009-06-21,97000000,6,10,21,28,37,55,29
melate,2249,2009-06-24,106000000,16,17,20,22,24,44,15
melate,2250,2009-06-28,113000000,19,21,48,50,51,56,35
melate,2251,2009-07-01,124000000,8,17,21,25,35,39,28
melate,2252,2009-07-05,132000000,18,21,32,34,48,53,45
melate,2253,2009-07-08,143000000,11,15,30,41,45,50,6
melate,2254,2009-07-12,153000000,7,10,15,36,42,53,32
melate,2255,2009-07-15,164000000,6,16,22,42,44,46,26
melate,2256,2009-07-19,175000000,6,12,33,43,48,53,47
melate,2257,2009-07-22,187000000,1,8,30,45,48,52,11
melate,2258,2009-07-26,199000000,3,17,24,25,34,39,18
melate,2259,2009-07-29,30000000,13,31,37,40,43,51,30
melate,2260,2009-08-02,31000000,17,31,33,52,54,55,15
melate,2261,2009-08-05,32000000,21,23,37,47,51,56,32
melate,2262,2009-08-09,33000000,23,30,33,41,43,56,4
melate,2263,2009-08-12,37000000,35,44,45,50,55,56,30
melate,2264,2009-08-16,45000000,21,27,31,48,49,55,35
melate,2265,2009-08-19,53000000,2,9,11,32,40,49,13
melate,2266,2009-08-23,60000000,4,16,36,40,41,43,17
melate,2267,2009-08-26,68000000,3,5,23,38,55,56,28
melate,2268,2009-08-30,75000000,15,20,29,42,47,52,51
melate,2269,2009-09-02,84000000,5,9,14,34,47,53,54
melate,2270,2009-09-06,91000000,4,7,18,31,47,52,42
melate,2271,2009-09-09,100000000,15,16,18,28,48,51,21
melate,2272,2009-09-13,108000000,3,10,21,25,31,48,26
melate,2273,2009-09-16,116000000,4,14,25,34,36,55,49
melate,2274,2009-09-20,124000000,10,25,27,29,43,56,4
melate,2275,2009-09-23,133000000,8,13,27,41,52,55,33
melate,2276,2009-09-27,141000000,14,24,27,28,38,54,23
melate,2277,2009-09-30,30000000,18,27,40,42,53,54,39
melate,2278,2009-10-04,31000000,7,15,28,34,39,48,18
melate,2279,2009-10-07,32000000,6,10,17,21,45,54,42
melate,2280,2009-10-11,33000000,1,6,23,27,42,54,14
melate,2281,2009-10-14,30000000,7,8,9,14,21,37,11
melate,2282,2009-10-18,31000000,1,5,8,16,21,54,53
melate,2283,2009-10-21,32000000,11,19,29,39,43,45,21
melate,2284,2009-10-25,33000000,4,10,12,14,36,53,7
melate,2285,2009-10-28,36000000,11,16,44,45,54,55,6
melate,2286,2009-11-01,44000000,14,15,30,43,50,56,28
melate,2287,2009-11-04,52000000,3,14,19,26,30,40,51
melate,2288,2009-11-08,60000000,4,12,34,43,49,53,18
melate,2289,2009-11-11,30000000,9,15,19,33,43,51,45
melate,2290,2009-11-15,31000000,14,26,36,42,46,51,28
melate,2291,2009-11-18,32000000,3,7,8,12,45,48,34
melate,2292,2009-11-22,33000000,3,15,34,43,48,54,6
melate,2293,2009-11-25,36000000,5,10,22,25,42,50,29
melate,2294,2009-11-29,43000000,13,24,29,32,37,39,28
melate,2295,2009-12-02,51000000,2,12,21,28,33,54,43
melate,2296,2009-12-06,59000000,7,10,19,30,34,56,54
melate,2297,2009-12-09,68000000,2,3,11,20,35,53,25
melate,2298,2009-12-13,75000000,17,24,31,34,38,40,8
melate,2299,2009-12-16,84000000,5,8,14,17,30,47,54
melate,2300,2009-12-20,93000000,8,12,33,38,40,44,19
melate,2301,2009-12-23,102000000,5,12,27,34,39,44,16
melate,2302,2009-12-27,110000000,1,10,11,20,40,51,34
melate,2303,2009-12-30,122000000,3,8,24,25,37,43,14
melate,2304,2010-01-03,130000000,5,15,16,23,39,52,33
melate,2305,2010-01-06,142000000,1,9,11,23,32,51,38
melate,2306,2010-01-10,153000000,16,32,33,36,37,38,19
melate,2307,2010-01-13,166000000,7,15,41,45,48,55,33
melate,2308,2010-01-17,177000000,13,24,26,36,47,48,15
melate,2309,2010-01-20,189000000,12,22,28,34,35,44,8
melate,2310,2010-01-24,200000000,19,22,35,39,46,53,54
melate,2311,2010-01-27,215000000,9,16,25,36,49,56,45
melate,2312,2010-01-31,228000000,14,16,22,23,41,54,44
melate,2313,2010-02-03,244000000,9,15,36,49,51,55,45
melate,2314,2010-02-07,30000000,6,11,17,24,39,46,40
melate,2315,2010-02-10,31000000,5,7,13,30,41,52,27
melate,2316,2010-02-14,32000000,3,6,20,26,34,56,16
melate,2317,2010-02-17,36000000,2,8,17,19,33,35,34
melate,2318,2010-02-21,43000000,23,29,32,40,47,52,17
melate,2319,2010-02-24,53000000,6,9,27,43,44,55,28
melate,2320,2010-02-28,60000000,2,7,27,29,30,50,23
melate,2321,2010-03-03,70000000,12,22,24,34,49,56,52
melate,2322,2010-03-07,30000000,7,14,24,34,44,51,38
melate,2323,2010-03-10,31000000,16,26,27,32,45,46,40
melate,2324,2010-03-14,32000000,5,17,24,28,29,32,31
melate,2325,2010-03-17,33000000,2,26,27,47,52,56,11
melate,2326,2010-03-21,40000000,5,7,16,39,47,55,33
melate,2327,2010-03-24,50000000,11,12,17,47,54,55,2
melate,2328,2010-03-28,58000000,1,16,22,48,54,56,25
melate,2329,2010-03-31,68000000,1,11,21,28,44,48,27
melate,2330,2010-04-04,76000000,8,20,23,36,40,52,28
melate,2331,2010-04-07,84000000,9,19,20,26,39,47,12
melate,2332,2010-04-11,93000000,3,4,13,14,23,27,30
melate,2333,2010-04-14,101000000,21,22,27,38,49,56,34
melate,2334,2010-04-18,110000000,9,19,22,38,41,48,2
melate,2335,2010-04-21,121000000,4,13,20,22,29,48,45
melate,2336,2010-04-25,130000000,4,15,29,39,42,44,9
melate,2337,2010-04-28,140000000,16,24,37,39,40,42,34
melate,2338,2010-05-02,150000000,2,27,36,47,50,56,11
melate,2339,2010-05-05,162000000,2,19,26,41,42,51,5
melate,2340,2010-05-09,173000000,5,7,47,48,49,54,52
melate,2341,2010-05-12,185000000,16,19,21,33,40,44,36
melate,2342,2010-05-16,197000000,1,3,25,26,42,53,18
melate,2343,2010-05-19,209000000,5,6,8,25,26,36,46
melate,2344,2010-05-23,220000000,19,25,36,37,41,50,47
melate,2345,2010-05-26,234000000,6,12,17,30,36,39,24
melate,2346,2010-05-30,248000000,18,22,27,34,49,56,39
melate,2347,2010-06-02,266000000,3,28,29,33,49,51,47
melate,2348,2010-06-06,281000000,2,4,23,36,52,55,26
melate,2349,2010-06-09,297000000,6,16,50,52,54,56,20
melate,2350,2010-06-13,314000000,8,9,20,38,42,53,50
melate,2351,2010-06-16,332000000,3,5,10,12,18,33,36
melate,2352,2010-06-20,346000000,5,10,30,35,36,38,52
melate,2353,2010-06-23,364000000,12,19,23,31,43,52,44
melate,2354,2010-06-27,379000000,1,23,27,35,47,49,34
melate,2355,2010-06-30,30000000,3,15,19,26,30,43,41
melate,2356,2010-07-04,31000000,11,20,28,36,52,56,55
melate,2357,2010-07-07,35000000,7,10,15,33,42,55,5
melate,2358,2010-07-11,42000000,10,11,33,35,38,46,9
melate,2359,2010-07-14,52000000,11,13,22,39,54,55,49
melate,2360,2010-07-18,61000000,3,17,34,42,50,56,18
melate,2361,2010-07-21,72000000,2,19,27,34,42,56,51
melate,2362,2010-07-25,81000000,22,26,38,52,55,56,53
melate,2363,2010-07-28,91000000,15,31,40,53,55,56,37
melate,2364,2010-08-01,101000000,6,7,18,34,42,52,43
melate,2365,2010-08-04,111000000,3,18,32,44,45,48,9
melate,2366,2010-08-08,120000000,1,10,14,27,44,56,49
melate,2367,2010-08-11,130000000,15,18,27,42,50,51,41
melate,2368,2010-08-15,138000000,8,16,29,41,45,55,44
melate,2369,2010-08-18,149000000,22,25,37,40,41,45,51
melate,2370,2010-08-22,158000000,3,21,23,24,30,55,44
melate,2371,2010-08-25,170000000,2,16,36,52,53,55,28
melate,2372,2010-08-29,179000000,6,11,22,40,46,50,20
melate,2373,2010-09-01,187000000,4,12,29,38,45,46,5
melate,2374,2010-09-05,194000000,8,12,32,33,42,48,54
melate,2375,2010-09-08,202000000,8,14,20,24,35,36,56
melate,2376,2010-09-12,209000000,2,4,14,15,45,47,34
melate,2377,2010-09-15,216000000,3,23,25,32,35,45,37
melate,2378,2010-09-19,225000000,14,20,24,28,30,34,3
melate,2379,2010-09-22,232000000,2,4,13,41,46,55,30
melate,2380,2010-09-26,239000000,1,5,12,16,20,39,32
melate,2381,2010-09-29,30000000,10,16,21,23,44,49,39
melate,2382,2010-10-03,30000000,13,39,44,45,46,52,32
melate,2383,2010-10-06,31000000,10,12,24,29,31,36,56
melate,2384,2010-10-10,32000000,6,17,19,21,25,40,28
melate,2385,2010-10-13,33000000,2,6,15,16,28,29,31
melate,2386,2010-10-17,34000000,13,20,35,40,41,43,56
melate,2387,2010-10-20,39000000,5,17,23,30,41,47,54
melate,2388,2010-10-24,30000000,6,20,25,39,44,56,40
melate,2389,2010-10-27,31000000,6,7,15,22,45,54,24
melate,2390,2010-10-31,32000000,11,25,30,44,48,49,50
melate,2391,2010-11-03,33000000,1,21,27,28,32,55,26
melate,2392,2010-11-07,34000000,11,16,20,25,41,47,28
melate,2393,2010-11-10,38000000,8,11,26,38,44,45,32
melate,2394,2010-11-14,44000000,3,10,16,41,50,54,27
melate,2395,2010-11-17,51000000,12,22,29,37,39,51,20
melate,2396,2010-11-21,57000000,16,19,20,22,26,47,4
melate,2397,2010-11-24,64000000,4,5,8,35,38,45,2
melate,2398,2010-11-28,69000000,9,14,17,33,41,42,4
melate,2399,2010-12-01,75000000,15,18,20,21,29,32,14
melate,2400,2010-12-05,82000000,5,6,14,19,25,43,37
melate,2401,2010-12-08,87000000,6,15,30,31,38,44,54
melate,2402,2010-12-12,95000000,3,11,20,25,46,53,17
melate,2403,2010-12-15,102000000,12,17,19,24,31,35,11
melate,2404,2010-12-19,107000000,7,17,23,37,43,53,24
melate,2405,2010-12-22,114000000,1,21,35,37,47,49,48
melate,2406,2010-12-26,121000000,10,23,24,28,33,55,46
melate,2407,2010-12-29,30000000,13,17,25,32,45,48,56
melate,2408,2011-01-02,31000000,19,21,32,40,50,51,36
melate,2409,2011-01-05,32000000,6,12,15,28,30,46,26
melate,2410,2011-01-09,33000000,5,28,32,42,52,54,49
melate,2411,2011-01-12,34000000,3,5,6,14,19,45,34
melate,2412,2011-01-16,36000000,1,26,27,28,45,54,35
melate,2413,2011-01-19,43000000,5,27,32,35,38,56,18
melate,2414,2011-01-23,49000000,12,25,45,50,55,56,44
melate,2415,2011-01-26,56000000,13,37,52,54,55,56,6
melate,2416,2011-01-30,62000000,15,21,27,37,44,49,55
melate,2417,2011-02-02,68000000,12,15,39,54,55,56,32
melate,2418,2011-02-06,75000000,3,6,9,23,28,52,44
melate,2419,2011-02-09,80000000,9,22,28,52,55,56,54
melate,2420,2011-02-13,86000000,10,11,14,32,35,49,8
melate,2421,2011-02-16,92000000,20,23,36,41,51,55,11
melate,2422,2011-02-20,98000000,17,21,24,35,42,51,1
melate,2423,2011-02-23,105000000,1,8,11,16,20,52,23
melate,2424,2011-02-27,110000000,1,8,15,18,34,52,16
melate,2425,2011-03-02,117000000,2,4,12,13,27,32,30
melate,2426,2011-03-06,122000000,12,14,16,17,22,33,20
melate,2427,2011-03-09,128000000,2,14,17,28,30,54,16
melate,2428,2011-03-13,134000000,5,12,19,21,51,54,43
melate,2429,2011-03-16,140000000,12,22,23,31,45,47,4
melate,2430,2011-03-20,146000000,16,19,29,36,37,45,3
melate,2431,2011-03-23,153000000,2,22,25,35,43,47,49
melate,2432,2011-03-27,160000000,9,10,29,37,39,56,11
melate,2433,2011-03-30,168000000,1,4,32,35,39,55,45
melate,2434,2011-04-03,174000000,13,20,38,49,52,56,7
melate,2435,2011-04-06,182000000,1,12,18,20,38,41,49
melate,2436,2011-04-10,189000000,5,6,7,18,20,25,39
melate,2437,2011-04-13,196000000,4,10,13,25,26,39,33
melate,2438,2011-04-17,203000000,1,18,24,32,38,56,46
melate,2439,2011-04-20,211000000,1,5,10,13,18,39,51
melate,2440,2011-04-24,217000000,13,14,25,38,41,50,26
melate,2441,2011-04-27,224000000,4,7,12,17,42,45,23
melate,2442,2011-05-01,230000000,21,30,36,41,42,50,32
melate,2443,2011-05-04,241000000,9,29,49,50,52,56,37
melate,2444,2011-05-08,249000000,1,2,7,30,41,55,49
melate,2445,2011-05-11,30000000,8,14,20,37,45,53,51
melate,2446,2011-05-15,31000000,17,29,40,41,47,53,25
melate,2447,2011-05-18,32000000,30,35,38,41,44,51,56
melate,2448,2011-05-22,33000000,4,7,9,11,22,48,32
melate,2449,2011-05-25,34000000,2,19,23,34,38,40,28
melate,2450,2011-05-29,35000000,4,5,17,19,42,48,2
melate,2451,2011-06-01,37000000,20,24,28,49,51,53,48
melate,2452,2011-06-05,43000000,4,12,17,18,20,36,2
melate,2453,2011-06-08,48000000,8,16,18,26,29,35,36
melate,2454,2011-06-12,53000000,10,20,26,46,49,55,19
melate,2455,2011-06-15,59000000,6,7,12,32,45,49,44
melate,2456,2011-06-19,64000000,20,31,36,39,54,56,48
melate,2457,2011-06-22,71000000,9,28,30,35,42,48,56
melate,2458,2011-06-26,76000000,4,20,44,45,50,56,15
melate,2459,2011-06-29,82000000,1,31,40,45,46,55,2
melate,2460,2011-07-03,87000000,5,6,9,46,54,56,38
melate,2461,2011-07-06,93000000,1,14,20,39,43,54,29
melate,2462,2011-07-10,98000000,9,15,21,27,42,51,23
melate,2463,2011-07-13,103000000,24,35,42,45,48,52,51
melate,2464,2011-07-17,108000000,9,16,27,29,43,44,36
melate,2465,2011-07-20,114000000,3,7,21,24,31,49,35
melate,2466,2011-07-24,118000000,5,10,11,29,41,55,30
melate,2467,2011-07-27,123000000,1,32,43,44,52,55,22
melate,2468,2011-07-31,128000000,3,10,11,38,49,52,48
melate,2469,2011-08-03,134000000,5,21,22,36,37,47,39
melate,2470,2011-08-07,139000000,5,33,49,50,53,54,44
melate,2471,2011-08-10,145000000,13,20,22,23,33,48,7
melate,2472,2011-08-14,150000000,23,31,37,50,51,53,30
melate,2473,2011-08-17,157000000,4,5,12,14,44,53,28
melate,2474,2011-08-21,161000000,5,8,25,40,42,49,9
melate,2475,2011-08-24,167000000,14,20,36,37,44,51,1
melate,2476,2011-08-28,172000000,18,19,36,47,50,51,53
melate,2477,2011-08-31,179000000,16,33,34,44,46,47,45
melate,2478,2011-09-04,184000000,9,21,26,33,45,48,52
melate,2479,2011-09-07,190000000,14,20,39,43,45,52,40
melate,2480,2011-09-11,196000000,5,38,43,47,54,56,45
melate,2481,2011-09-14,202000000,9,13,28,34,36,48,43
melate,2482,2011-09-18,207000000,7,21,32,33,46,55,13
melate,2483,2011-09-21,212000000,12,16,22,46,52,55,49
melate,2484,2011-09-25,218000000,4,9,11,14,42,52,2
melate,2485,2011-09-28,223000000,4,13,31,40,49,51,52
melate,2486,2011-10-02,229000000,4,8,26,28,41,55,10
melate,2487,2011-10-05,236000000,5,10,20,21,32,44,6
melate,2488,2011-10-09,241000000,10,15,18,19,37,55,1
melate,2489,2011-10-12,247000000,5,12,15,25,26,27,44
melate,2490,2011-10-16,252000000,9,14,17,19,41,44,26
melate,2491,2011-10-19,257000000,3,7,36,50,52,56,40
melate,2492,2011-10-23,263000000,8,14,22,31,46,56,42
melate,2493,2011-10-26,270000000,8,11,12,15,43,48,29
melate,2494,2011-10-30,276000000,10,16,21,24,28,42,47
melate,2495,2011-11-02,282000000,2,9,16,26,50,56,11
melate,2496,2011-11-06,30000000,3,8,18,22,23,42,53
melate,2497,2011-11-09,31000000,6,34,40,49,52,53,12
melate,2498,2011-11-13,32000000,1,4,12,16,30,31,11
melate,2499,2011-11-16,33000000,9,12,44,50,52,53,47
melate,2500,2011-11-20,34000000,4,9,11,20,24,28,33
melate,2501,2011-11-23,35000000,1,3,20,34,49,55,53
melate,2502,2011-11-27,36000000,13,33,37,39,40,51,9
melate,2503,2011-11-30,40000000,2,12,28,41,44,45,49
melate,2504,2011-12-04,45000000,7,19,24,25,29,33,48
melate,2505,2011-12-07,50000000,1,16,49,53,54,55,27
melate,2506,2011-12-11,55000000,1,2,7,13,15,46,5
melate,2507,2011-12-14,59000000,13,30,38,40,43,49,9
melate,2508,2011-12-18,64000000,14,20,26,39,40,56,17
melate,2509,2011-12-21,70000000,7,14,25,26,29,47,23
melate,2510,2011-12-25,75000000,3,8,23,39,46,51,22
melate,2511,2011-12-28,79000000,5,7,18,19,40,55,39
melate,2512,2012-01-01,84000000,12,18,41,46,51,54,4
melate,2513,2012-01-04,90000000,9,17,21,41,47,51,31
melate,2514,2012-01-08,95000000,14,19,32,42,47,48,5
melate,2515,2012-01-11,101000000,3,4,14,24,32,40,28
melate,2516,2012-01-15,106000000,3,4,16,33,39,40,54
melate,2517,2012-01-18,112000000,12,23,29,32,36,48,53
melate,2518,2012-01-22,30000000,6,12,15,24,25,49,42
melate,2519,2012-01-25,31000000,4,8,21,26,27,51,38
melate,2520,2012-01-29,32000000,1,21,22,25,31,49,20
melate,2521,2012-02-01,33000000,15,28,29,31,36,41,35
melate,2522,2012-02-05,34000000,4,15,27,41,51,55,45
melate,2523,2012-02-08,35000000,1,5,14,33,47,51,12
melate,2524,2012-02-12,36000000,11,12,17,35,36,50,51
melate,2525,2012-02-15,37000000,6,19,29,39,42,48,51
melate,2526,2012-02-19,30000000,5,9,11,37,42,48,10
melate,2527,2012-02-22,31000000,20,22,23,34,42,51,33
melate,2528,2012-02-26,32000000,5,7,15,18,34,43,11
melate,2529,2012-02-29,33000000,1,12,13,27,44,50,46
melate,2530,2012-03-04,34000000,7,11,19,32,37,38,14
melate,2531,2012-03-07,35000000,2,8,21,32,49,53,50
melate,2532,2012-03-11,36000000,4,17,30,45,49,54,40
melate,2533,2012-03-14,37000000,2,26,27,36,39,43,29
melate,2534,2012-03-18,41000000,1,2,19,21,34,37,45
melate,2535,2012-03-21,46000000,9,23,28,34,43,53,19
melate,2536,2012-03-25,50000000,15,22,26,27,36,46,25
melate,2537,2012-03-28,55000000,9,13,16,22,34,51,17
melate,2538,2012-04-01,59000000,9,12,18,23,24,38,19
melate,2539,2012-04-04,62000000,6,12,13,26,35,40,22
melate,2540,2012-04-08,67000000,3,18,21,42,43,48,22
melate,2541,2012-04-11,72000000,18,21,26,35,36,50,44
melate,2542,2012-04-15,77000000,4,18,45,46,48,50,53
melate,2543,2012-04-18,84000000,31,35,43,45,47,53,41
melate,2544,2012-04-22,89000000,2,9,12,19,21,52,55
melate,2545,2012-04-25,94000000,1,5,13,22,30,55,47
melate,2546,2012-04-29,97000000,2,13,40,42,45,53,27
melate,2547,2012-05-02,102000000,9,20,24,26,36,38,25
melate,2548,2012-05-06,106000000,3,14,21,23,48,56,54
melate,2549,2012-05-09,111000000,9,16,21,31,39,53,43
melate,2550,2012-05-13,116000000,4,18,19,30,45,56,51
melate,2551,2012-05-16,121000000,4,5,7,10,30,54,46
melate,2552,2012-05-20,125000000,15,39,41,42,49,54,13
melate,2553,2012-05-23,131000000,5,21,32,33,40,52,2
melate,2554,2012-05-27,136000000,2,13,38,43,53,54,21
melate,2555,2012-05-30,141000000,20,24,40,43,48,55,41
melate,2556,2012-06-03,147000000,8,11,14,35,44,56,36
melate,2557,2012-06-06,152000000,6,7,12,22,39,52,49
melate,2558,2012-06-10,156000000,8,28,29,40,44,51,22
melate,2559,2012-06-13,162000000,14,26,29,38,41,49,12
melate,2560,2012-06-17,167000000,11,12,20,25,52,54,30
melate,2561,2012-06-20,172000000,3,8,32,46,49,51,26
melate,2562,2012-06-24,177000000,1,4,14,26,42,54,39
melate,2563,2012-06-27,182000000,9,12,42,47,51,56,22
melate,2564,2012-07-01,30000000,15,17,38,46,48,54,49
melate,2565,2012-07-04,31000000,4,22,35,37,46,50,36
melate,2566,2012-07-08,32000000,5,7,9,23,36,56,4
melate,2567,2012-07-11,33000000,3,7,13,20,44,46,2
melate,2568,2012-07-15,34000000,1,19,29,46,47,55,5
melate,2569,2012-07-18,35000000,7,11,21,32,37,53,31
melate,2570,2012-07-22,36000000,18,21,39,41,44,45,10
melate,2571,2012-07-25,37000000,11,19,23,46,55,56,43
melate,2572,2012-07-29,38000000,1,5,17,21,27,37,39
melate,2573,2012-08-01,39000000,2,26,45,50,51,56,53
melate,2574,2012-08-05,44000000,14,26,33,35,39,49,25
melate,2575,2012-08-08,48000000,7,10,16,30,40,44,38
melate,2576,2012-08-12,51000000,3,21,23,27,41,49,53
melate,2577,2012-08-15,55000000,8,10,25,27,36,56,7
melate,2578,2012-08-19,59000000,2,20,22,35,41,42,45
melate,2579,2012-08-22,63000000,16,20,22,32,38,52,50
melate,2580,2012-08-26,67000000,24,26,40,45,49,54,8
melate,2581,2012-08-29,72000000,10,20,28,33,34,47,48
melate,2582,2012-09-02,75000000,2,13,22,31,41,51,43
melate,2583,2012-09-05,80000000,12,13,29,32,33,35,37
melate,2584,2012-09-09,84000000,10,17,28,33,48,53,3
melate,2585,2012-09-12,88000000,2,17,18,21,27,54,52
melate,2586,2012-09-16,91500000,11,14,23,28,44,49,10
melate,2587,2012-09-19,95000000,10,11,16,18,33,47,41
melate,2588,2012-09-23,99000000,7,9,23,25,29,33,34
melate,2589,2012-09-26,102500000,2,7,14,24,42,52,27
melate,2590,2012-09-30,105000000,5,8,26,34,53,54,52
melate,2591,2012-10-03,110000000,5,14,18,23,34,39,26
melate,2592,2012-10-07,114500000,5,15,24,29,37,53,51
melate,2593,2012-10-10,119000000,7,9,18,25,26,46,44
melate,2594,2012-10-14,122000000,16,21,30,32,33,47,40
melate,2595,2012-10-17,126000000,2,10,18,19,26,53,33
melate,2596,2012-10-21,130000000,1,16,18,20,39,48,7
melate,2597,2012-10-24,136000000,3,14,36,48,53,54,22
melate,2598,2012-10-28,140000000,10,20,26,50,55,56,35
melate,2599,2012-10-31,145000000,8,23,26,49,50,56,39
melate,2600,2012-11-04,149000000,1,13,20,29,32,48,17
melate,2601,2012-11-07,154000000,6,11,19,42,53,55,45
melate,2602,2012-11-11,158000000,1,5,15,20,43,45,39
melate,2603,2012-11-14,163000000,1,15,35,36,40,49,18
melate,2604,2012-11-18,168000000,10,26,32,35,54,56,38
melate,2605,2012-11-21,173000000,4,23,25,40,44,48,10
melate,2606,2012-11-25,177000000,12,18,33,41,45,56,8
melate,2607,2012-11-28,181000000,2,13,22,31,33,43,29
melate,2608,2012-12-02,185000000,9,14,30,41,43,54,20
melate,2609,2012-12-05,191000000,2,19,21,22,26,42,23
melate,2610,2012-12-09,195500000,12,21,31,38,40,51,46
melate,2611,2012-12-12,201000000,17,26,45,48,50,54,1
melate,2612,2012-12-16,206000000,24,35,43,46,49,53,40
melate,2613,2012-12-19,212000000,12,14,17,23,26,46,11
melate,2614,2012-12-23,216000000,16,27,39,47,49,53,37
melate,2615,2012-12-26,223000000,7,28,51,53,54,55,49
melate,2616,2012-12-30,227000000,2,7,20,25,30,39,47
melate,2617,2013-01-02,233000000,16,22,37,41,46,55,15
melate,2618,2013-01-06,238000000,3,21,29,33,51,55,43
melate,2619,2013-01-09,244000000,18,19,32,36,39,43,20
melate,2620,2013-01-13,249500000,13,19,33,43,47,53,4
melate,2621,2013-01-16,255500000,29,33,39,43,48,56,49
melate,2622,2013-01-20,261500000,11,19,21,22,42,47,45
melate,2623,2013-01-23,267500000,18,20,25,30,40,50,56
melate,2624,2013-01-27,273000000,4,13,18,36,38,49,51
melate,2625,2013-01-30,278500000,2,12,13,15,17,52,55
melate,2626,2013-02-03,283500000,2,6,15,24,36,54,8
melate,2627,2013-02-06,289000000,28,35,44,46,47,51,15
melate,2628,2013-02-10,295000000,5,8,17,32,52,56,29
melate,2629,2013-02-13,301000000,2,7,11,20,38,56,17
melate,2630,2013-02-17,306500000,3,18,27,35,42,54,22
melate,2631,2013-02-20,312500000,2,10,15,31,42,43,33
melate,2632,2013-02-24,318000000,4,7,18,24,48,49,28
melate,2633,2013-02-27,324000000,3,21,28,43,46,48,41
melate,2634,2013-03-03,330000000,26,28,36,38,47,49,22
melate,2635,2013-03-06,338000000,5,8,15,16,29,30,43
melate,2636,2013-03-10,343000000,7,14,17,19,42,52,3
melate,2637,2013-03-13,349000000,7,10,12,29,42,50,22
melate,2638,2013-03-17,354500000,24,43,46,47,48,52,21
melate,2639,2013-03-20,362500000,2,8,14,23,30,39,44
melate,2640,2013-03-24,368000000,3,23,27,34,38,47,4
melate,2641,2013-03-27,374000000,8,11,13,21,52,56,28
melate,2642,2013-03-31,379000000,17,21,22,26,41,53,3
melate,2643,2013-04-03,386000000,4,6,15,18,27,33,51
melate,2644,2013-04-07,391000000,2,7,8,22,26,54,55
melate,2645,2013-04-10,398000000,19,25,26,44,50,54,20
melate,2646,2013-04-14,405000000,3,22,24,33,38,39,56
melate,2647,2013-04-17,412500000,3,6,18,38,40,43,45
melate,2648,2013-04-21,420000000,1,2,9,17,35,56,36
melate,2649,2013-04-24,427000000,22,23,31,36,46,56,54
melate,2650,2013-04-28,434000000,11,21,35,38,41,45,12
melate,2651,2013-05-01,442000000,2,4,13,25,28,40,5
melate,2652,2013-05-05,447000000,16,17,25,39,49,55,12
melate,2653,2013-05-08,456000000,1,18,26,27,44,54,5
melate,2654,2013-05-12,464000000,5,20,35,46,50,53,51
melate,2655,2013-05-15,472000000,1,22,29,34,40,43,4
melate,2656,2013-05-19,480000000,23,25,35,43,47,56,31
melate,2657,2013-05-22,488000000,3,25,27,33,36,41,56
melate,2658,2013-05-26,494500000,2,3,5,28,41,49,13
melate,2659,2013-05-29,502000000,35,43,45,46,49,53,37
melate,2660,2013-06-02,510500000,3,5,14,24,48,53,44
melate,2661,2013-06-05,518000000,2,27,37,41,46,55,52
melate,2662,2013-06-09,526000000,13,22,24,33,44,49,39
melate,2663,2013-06-12,535500000,5,10,26,28,35,49,41
melate,2664,2013-06-16,542000000,16,26,30,32,42,43,36
melate,2665,2013-06-19,551000000,3,4,6,27,39,48,37
melate,2666,2013-06-23,559000000,22,23,28,35,51,52,4
melate,2667,2013-06-26,569000000,4,12,26,34,49,53,11
melate,2668,2013-06-30,576000000,12,25,30,35,43,45,21
melate,2669,2013-07-03,584000000,2,3,34,36,48,55,56
melate,2670,2013-07-07,591000000,13,25,31,44,47,49,40
melate,2671,2013-07-10,598500000,17,32,42,44,47,49,23
melate,2672,2013-07-14,605500000,2,14,26,31,37,48,41
melate,2673,2013-07-17,612500000,12,17,35,44,49,53,54
melate,2674,2013-07-21,619000000,8,20,32,43,51,53,55
melate,2675,2013-07-24,627000000,13,17,18,35,53,56,25
melate,2676,2013-07-28,632500000,4,5,19,40,45,50,52
melate,2677,2013-07-31,639500000,11,13,22,27,31,34,25
melate,2678,2013-08-04,30000000,14,22,26,28,43,54,49
melate,2679,2013-08-07,31000000,6,12,20,26,34,40,27
melate,2680,2013-08-11,32000000,2,15,17,25,33,43,28
melate,2681,2013-08-14,33000000,2,5,19,20,35,52,45
melate,2682,2013-08-18,34000000,4,6,14,17,34,39,24
melate,2683,2013-08-21,35000000,3,6,21,22,39,43,16
melate,2684,2013-08-25,36000000,6,22,26,30,35,55,47
melate,2685,2013-08-28,37000000,12,18,19,39,43,48,51
melate,2686,2013-09-01,40000000,4,11,21,31,42,43,7
melate,2687,2013-09-04,45000000,5,8,10,24,37,55,14
melate,2688,2013-09-08,49000000,10,14,16,31,33,46,15
melate,2689,2013-09-11,54000000,4,9,25,32,38,40,49
melate,2690,2013-09-15,57000000,6,8,20,23,39,47,40
melate,2691,2013-09-18,62000000,5,8,9,17,29,50,23
melate,2692,2013-09-22,65000000,10,21,33,44,50,53,5
melate,2693,2013-09-25,30000000,7,8,10,29,46,55,1
melate,2694,2013-09-29,31000000,12,32,34,45,46,51,26
melate,2695,2013-10-02,32000000,5,10,15,16,21,30,49
melate,2696,2013-10-06,33000000,16,36,37,52,55,56,47
melate,2697,2013-10-09,34000000,20,22,30,33,45,49,10
melate,2698,2013-10-13,35000000,1,21,23,30,46,47,5
melate,2699,2013-10-16,36000000,7,13,19,27,50,54,28
melate,2700,2013-10-20,37000000,9,23,26,28,37,54,20
melate,2701,2013-10-23,40000000,5,16,22,26,31,41,11
melate,2702,2013-10-27,43000000,8,9,23,37,48,53,11
melate,2703,2013-10-30,47000000,3,4,18,20,26,28,10
melate,2704,2013-11-03,51000000,4,19,24,39,49,55,36
melate,2705,2013-11-06,56000000,4,13,22,34,37,39,44
melate,2706,2013-11-10,60000000,4,9,20,25,28,37,29
melate,2707,2013-11-13,64000000,8,9,12,30,43,51,29
melate,2708,2013-11-17,68000000,4,5,30,43,45,51,29
melate,2709,2013-11-20,72000000,2,10,25,30,32,56,50
melate,2710,2013-11-24,77000000,10,29,32,42,43,47,8
melate,2711,2013-11-27,82000000,7,13,23,37,48,49,53
melate,2712,2013-12-01,85500000,2,7,12,35,51,54,13
melate,2713,2013-12-04,90000000,5,15,24,25,37,39,49
melate,2714,2013-12-08,95000000,4,5,22,28,31,37,30
melate,2715,2013-12-11,99000000,6,13,17,20,31,50,9
melate,2716,2013-12-15,103000000,8,16,18,46,52,55,22
melate,2717,2013-12-18,108500000,7,26,31,44,45,53,51
melate,2718,2013-12-22,113000000,5,13,20,32,36,56,25
melate,2719,2013-12-25,117000000,9,10,30,35,41,48,29
melate,2720,2013-12-29,121500000,24,30,40,41,55,56,3
melate,2721,2014-01-01,128000000,5,6,7,25,33,50,51
melate,2722,2014-01-05,131000000,1,5,28,48,49,55,22
melate,2723,2014-01-08,137000000,7,10,13,23,34,44,51
melate,2724,2014-01-12,141500000,13,15,19,33,49,53,26
melate,2725,2014-01-15,146000000,6,13,27,32,47,52,18
melate,2726,2014-01-19,151000000,7,14,23,26,43,49,12
melate,2727,2014-01-22,155000000,2,9,15,16,21,42,24
melate,2728,2014-01-26,158500000,5,16,30,31,38,52,35
melate,2729,2014-01-29,164000000,7,9,29,44,48,55,23
melate,2730,2014-02-02,168000000,5,7,8,23,26,55,50
melate,2731,2014-02-05,172500000,2,3,7,26,30,48,53
melate,2732,2014-02-09,176000000,3,6,19,28,48,52,13
melate,2733,2014-02-12,181500000,10,15,23,24,36,49,29
melate,2734,2014-02-16,30000000,2,7,10,27,34,54,32
melate,2735,2014-02-19,31000000,13,18,26,30,31,53,37
melate,2736,2014-02-23,32000000,7,24,27,39,45,52,12
melate,2737,2014-02-26,33000000,16,19,23,29,33,49,36
melate,2738,2014-03-02,34000000,4,6,20,21,45,55,38
melate,2739,2014-03-05,35000000,5,16,17,24,41,47,36
melate,2740,2014-03-09,36000000,28,31,32,44,51,52,20
melate,2741,2014-03-12,37000000,1,4,20,21,24,34,22
melate,2742,2014-03-16,39000000,10,26,40,44,50,54,6
melate,2743,2014-03-19,44500000,1,2,4,31,32,46,11
melate,2744,2014-03-23,49000000,1,9,12,19,31,34,21
melate,2745,2014-03-26,53000000,1,13,19,29,41,46,50
melate,2746,2014-03-30,57000000,7,11,26,38,39,56,14
melate,2747,2014-04-02,61500000,34,44,45,51,52,56,53
melate,2748,2014-04-06,66500000,2,14,27,42,46,50,21
melate,2749,2014-04-09,71000000,8,11,14,36,49,55,15
melate,2750,2014-04-13,75000000,6,19,23,25,28,42,47
melate,2751,2014-04-16,79000000,10,22,29,30,32,33,51
melate,2752,2014-04-20,83000000,15,17,19,22,31,53,10
melate,2753,2014-04-23,87000000,8,16,21,39,50,52,4
melate,2754,2014-04-27,91500000,11,18,31,35,39,42,34
melate,2755,2014-04-30,97000000,4,20,29,31,44,48,49
melate,2756,2014-05-04,101500000,5,6,33,34,46,55,38
melate,2757,2014-05-07,106500000,6,18,36,48,50,52,28
melate,2758,2014-05-11,111000000,12,20,33,46,50,51,54
melate,2759,2014-05-14,116500000,12,15,31,50,54,55,11
melate,2760,2014-05-18,121000000,4,11,12,40,45,51,55
melate,2761,2014-05-21,127000000,4,8,15,36,39,45,28
melate,2762,2014-05-25,131000000,14,33,41,43,52,56,38
melate,2763,2014-05-28,137000000,1,6,15,22,34,39,21
melate,2764,2014-06-01,140500000,10,23,29,45,53,56,54
melate,2765,2014-06-04,146500000,2,14,21,28,36,49,47
melate,2766,2014-06-08,151000000,4,15,16,34,44,56,2
melate,2767,2014-06-11,156000000,2,4,26,27,28,44,16
melate,2768,2014-06-15,159000000,5,7,44,51,53,54,28
melate,2769,2014-06-18,165000000,6,11,27,33,41,56,53
melate,2770,2014-06-22,168000000,14,18,50,51,52,56,5
melate,2771,2014-06-25,174000000,5,13,15,40,54,55,23
melate,2772,2014-06-29,178000000,5,26,30,34,37,56,23
melate,2773,2014-07-02,183000000,9,18,40,42,48,52,36
melate,2774,2014-07-06,188000000,12,25,31,36,46,54,9
melate,2775,2014-07-09,194000000,2,6,30,34,37,43,55
melate,2776,2014-07-13,198000000,5,8,26,32,37,39,23
melate,2777,2014-07-16,203000000,11,18,21,31,36,49,51
melate,2778,2014-07-20,208000000,1,3,12,22,35,55,44
melate,2779,2014-07-23,212500000,13,21,37,42,43,48,14
melate,2780,2014-07-27,216500000,1,5,6,8,30,46,17
melate,2781,2014-07-30,222000000,10,14,16,17,27,49,52
melate,2782,2014-08-03,226000000,1,3,16,19,20,28,23
melate,2783,2014-08-06,231500000,18,24,31,39,47,51,2
melate,2784,2014-08-10,237000000,3,29,30,38,42,50,44
melate,2785,2014-08-13,243000000,2,13,21,35,41,49,47
melate,2786,2014-08-17,247000000,4,15,16,30,44,50,43
melate,2787,2014-08-20,30000000,3,5,19,24,28,30,15
melate,2788,2014-08-24,31000000,3,6,40,41,47,48,49
melate,2789,2014-08-27,32000000,7,17,40,48,53,56,35
melate,2790,2014-08-31,33000000,33,35,47,52,53,56,3
melate,2791,2014-09-03,34000000,4,8,11,37,41,43,18
melate,2792,2014-09-07,35000000,8,13,18,22,40,54,41
melate,2793,2014-09-10,36000000,6,12,40,43,51,56,26
melate,2794,2014-09-14,38500000,7,8,20,37,39,45,48
melate,2795,2014-09-17,43500000,8,20,26,27,42,44,11
melate,2796,2014-09-21,47000000,2,17,39,48,53,56,15
melate,2797,2014-09-24,53000000,4,5,16,29,39,55,21
melate,2798,2014-09-28,57000000,8,14,20,42,43,55,44
melate,2799,2014-10-01,62000000,13,14,16,28,50,51,21
melate,2800,2014-10-05,67000000,8,15,35,37,41,48,26
melate,2801,2014-10-08,72000000,19,26,37,50,53,54,48
melate,2802,2014-10-12,76500000,11,22,25,29,37,55,41
melate,2803,2014-10-15,81500000,8,12,19,21,22,43,49
melate,2804,2014-10-19,85000000,3,10,14,28,48,56,27
melate,2805,2014-10-22,90000000,1,13,21,22,33,45,19
melate,2806,2014-10-26,93000000,11,12,17,29,30,34,38
melate,2807,2014-10-29,98000000,8,9,14,28,33,56,12
melate,2808,2014-11-02,101000000,10,17,20,31,50,51,3
melate,2809,2014-11-05,107000000,20,32,33,34,50,56,4
melate,2810,2014-11-09,112500000,6,30,34,46,50,52,32
melate,2811,2014-11-12,119000000,2,29,30,36,44,51,32
melate,2812,2014-11-16,123500000,28,30,32,34,42,43,46
melate,2813,2014-11-19,129000000,2,8,16,23,42,48,15
melate,2814,2014-11-23,133000000,9,17,22,26,49,56,1
melate,2815,2014-11-26,137000000,17,19,22,23,36,38,49
melate,2816,2014-11-30,140000000,3,6,22,38,40,56,12
melate,2817,2014-12-03,145500000,7,21,33,35,43,55,51
melate,2818,2014-12-07,149000000,12,31,37,44,52,55,25
melate,2819,2014-12-10,154000000,2,5,18,30,44,53,33
melate,2820,2014-12-14,158000000,6,16,21,32,43,56,9
melate,2821,2014-12-17,162500000,9,13,29,33,39,51,37
melate,2822,2014-12-21,165000000,12,22,36,43,46,52,35
melate,2823,2014-12-24,169000000,11,21,33,43,54,55,38
melate,2824,2014-12-28,174000000,8,17,19,36,37,41,55
melate,2825,2014-12-31,179000000,8,17,20,38,54,56,2
melate,2826,2015-01-04,184000000,9,14,35,46,49,55,11
melate,2827,2015-01-07,189500000,1,5,17,25,35,55,43
melate,2828,2015-01-11,193000000,4,15,18,30,38,49,53
melate,2829,2015-01-14,198000000,1,15,26,40,45,46,28
melate,2830,2015-01-18,203000000,5,12,22,41,44,47,26
melate,2831,2015-01-21,207000000,3,6,14,28,30,39,31
melate,2832,2015-01-25,211000000,24,27,40,41,54,55,26
melate,2833,2015-01-28,216000000,1,10,12,32,36,48,20
melate,2834,2015-02-01,220000000,6,17,27,32,34,40,20
melate,2835,2015-02-04,225000000,1,2,13,27,29,34,42
melate,2836,2015-02-08,229000000,3,6,11,24,31,51,47
melate,2837,2015-02-11,233500000,3,6,25,45,46,48,43
melate,2838,2015-02-15,238000000,8,9,11,20,22,40,48
melate,2839,2015-02-18,242500000,3,10,19,34,44,54,2
melate,2840,2015-02-22,247000000,4,25,31,44,49,56,21
melate,2841,2015-02-25,252000000,6,8,29,47,48,50,22
melate,2842,2015-03-01,256000000,4,5,25,35,48,53,22
melate,2843,2015-03-04,261500000,17,22,24,31,43,50,12
melate,2844,2015-03-08,265500000,11,17,19,24,43,49,15
melate,2845,2015-03-11,270500000,8,11,22,23,38,41,49
melate,2846,2015-03-15,274000000,9,18,28,29,41,50,32
melate,2847,2015-03-18,279000000,8,34,43,49,54,55,27
melate,2848,2015-03-22,283500000,22,33,40,41,42,48,23
melate,2849,2015-03-25,289000000,3,31,39,43,44,50,19
melate,2850,2015-03-29,293500000,3,7,17,38,39,50,51
melate,2851,2015-04-01,297000000,24,25,26,32,39,47,19
melate,2852,2015-04-05,302000000,5,6,14,15,31,46,32
melate,2853,2015-04-08,306000000,4,10,40,42,45,46,30
melate,2854,2015-04-12,311000000,7,18,23,31,35,36,32
melate,2855,2015-04-15,316000000,4,8,10,18,46,56,29
melate,2856,2015-04-19,320500000,6,15,20,24,37,51,16
melate,2857,2015-04-22,325500000,2,11,16,24,31,37,21
melate,2858,2015-04-26,329500000,10,28,33,37,46,52,23
melate,2859,2015-04-29,334500000,24,29,42,44,52,53,10
melate,2860,2015-05-03,339000000,9,14,22,35,37,47,46
melate,2861,2015-05-06,344000000,5,7,29,36,38,41,46
melate,2862,2015-05-10,348000000,11,12,18,40,53,56,43
melate,2863,2015-05-13,353000000,21,25,27,36,47,54,34
melate,2864,2015-05-17,357000000,7,23,25,29,33,50,28
melate,2865,2015-05-20,361000000,3,4,17,19,21,49,1
melate,2866,2015-05-24,364500000,7,8,23,34,47,52,37
melate,2867,2015-05-27,370000000,3,26,27,38,44,56,50
melate,2868,2015-05-31,374000000,1,10,11,33,37,47,16
melate,2869,2015-06-03,379000000,2,20,31,35,48,53,18
melate,2870,2015-06-07,384500000,14,33,42,45,51,55,50
melate,2871,2015-06-10,390000000,16,24,32,36,51,52,19
melate,2872,2015-06-14,394500000,4,10,12,22,32,51,29
melate,2873,2015-06-17,400000000,1,4,11,17,44,52,42
melate,2874,2015-06-21,404000000,3,6,23,25,34,35,15
melate,2875,2015-06-24,408000000,2,4,16,38,50,52,54
melate,2876,2015-06-28,412500000,3,16,28,30,40,54,32
melate,2877,2015-07-01,418000000,1,17,20,29,35,51,49
melate,2878,2015-07-05,423000000,1,5,10,17,34,40,9
melate,2879,2015-07-08,428000000,6,9,27,32,37,44,17
melate,2880,2015-07-12,432000000,12,16,30,32,37,49,5
melate,2881,2015-07-15,437000000,19,22,41,48,51,55,39
melate,2882,2015-07-19,442500000,1,15,26,30,49,52,10
melate,2883,2015-07-22,448000000,11,12,17,32,36,54,51
melate,2884,2015-07-26,452500000,2,16,30,35,51,53,17
melate,2885,2015-07-29,458000000,1,11,20,27,39,41,45
melate,2886,2015-08-02,462500000,5,13,19,29,30,56,21
melate,2887,2015-08-05,468000000,23,25,29,33,46,49,40
melate,2888,2015-08-09,473000000,13,14,23,35,37,40,28
melate,2889,2015-08-12,478500000,3,16,20,28,40,55,54
melate,2890,2015-08-16,483500000,8,16,17,26,31,37,12
melate,2891,2015-08-19,488500000,15,22,27,28,30,31,50
melate,2892,2015-08-23,493000000,1,3,5,24,42,46,26
melate,2893,2015-08-26,498500000,2,22,28,32,33,51,9
melate,2894,2015-08-30,503500000,12,13,16,26,30,49,45
melate,2895,2015-09-02,509000000,16,19,30,38,40,49,6
melate,2896,2015-09-06,515000000,9,10,15,41,46,49,43
melate,2897,2015-09-09,521000000,4,8,24,25,26,37,27
melate,2898,2015-09-13,524500000,10,18,25,33,38,49,1
melate,2899,2015-09-16,530500000,13,18,30,33,36,51,37
melate,2900,2015-09-20,535000000,2,13,18,20,21,52,46
melate,2901,2015-09-23,541000000,2,8,9,25,46,52,53
melate,2902,2015-09-27,546000000,5,16,25,27,35,45,42
melate,2903,2015-09-30,30000000,7,20,23,24,27,42,16
melate,2904,2015-10-04,31000000,3,15,20,36,40,56,35
melate,2905,2015-10-07,32000000,4,27,41,45,48,54,51
melate,2906,2015-10-11,33000000,5,15,28,37,46,49,8
melate,2907,2015-10-14,34000000,1,15,17,25,37,45,9
melate,2908,2015-10-18,35000000,5,13,23,33,44,56,53
melate,2909,2015-10-21,36000000,3,4,7,30,45,52,6
melate,2910,2015-10-25,37000000,4,7,21,25,48,49,1
melate,2911,2015-10-28,38000000,4,8,24,37,43,51,5
melate,2912,2015-11-01,40000000,8,17,20,28,29,55,3
melate,2913,2015-11-04,44500000,3,6,12,30,48,55,24
melate,2914,2015-11-08,48000000,3,12,16,25,32,35,22
melate,2915,2015-11-11,52000000,7,12,29,34,35,39,1
melate,2916,2015-11-15,55500000,3,10,12,18,33,46,31
melate,2917,2015-11-18,59500000,17,22,48,49,50,53,37
melate,2918,2015-11-22,64000000,4,12,16,18,46,52,31
melate,2919,2015-11-25,68000000,9,27,36,38,41,52,23
melate,2920,2015-11-29,71500000,1,7,33,35,48,52,44
melate,2921,2015-12-02,76000000,4,13,21,40,46,47,48
melate,2922,2015-12-06,80000000,1,12,19,21,40,44,17
melate,2923,2015-12-09,85000000,2,3,4,21,25,39,32
melate,2924,2015-12-13,88000000,11,20,29,32,37,40,56
melate,2925,2015-12-16,93000000,3,26,35,38,50,55,20
melate,2926,2015-12-20,98000000,9,14,18,28,40,45,50
melate,2927,2015-12-23,102500000,4,11,29,38,40,46,2
melate,2928,2015-12-27,107500000,3,6,18,32,46,54,25
melate,2929,2015-12-30,110000000,2,6,20,30,33,37,49
melate,2930,2016-01-03,115000000,1,9,12,16,24,47,46
melate,2931,2016-01-06,119000000,12,30,42,43,49,53,45
melate,2932,2016-01-10,124000000,14,17,18,39,43,53,1
melate,2933,2016-01-13,30000000,5,21,37,40,46,56,31
melate,2934,2016-01-17,31000000,14,35,42,43,49,50,31
melate,2935,2016-01-20,31500000,3,4,18,31,41,43,9
melate,2936,2016-01-24,32500000,7,11,14,45,47,54,12
melate,2937,2016-01-27,33000000,31,45,46,50,51,52,54
melate,2938,2016-01-31,33500000,13,18,20,29,40,56,23
melate,2939,2016-02-03,34000000,5,14,19,33,46,49,22
melate,2940,2016-02-07,35000000,18,24,47,48,50,56,8
melate,2941,2016-02-10,40000000,10,24,27,38,40,48,54
melate,2942,2016-02-14,44000000,6,27,31,42,45,52,9
melate,2943,2016-02-17,48500000,10,13,16,23,26,50,43
melate,2944,2016-02-21,52000000,3,5,19,20,27,54,1
melate,2945,2016-02-24,56000000,13,16,23,26,34,37,25
melate,2946,2016-02-28,59000000,5,6,8,38,50,51,44
melate,2947,2016-03-02,64000000,1,2,12,17,21,27,48
melate,2948,2016-03-06,67000000,1,12,13,16,45,48,5
melate,2949,2016-03-09,71000000,11,26,32,42,43,56,29
melate,2950,2016-03-13,74600000,11,17,22,34,36,46,3
melate,2951,2016-03-16,78500000,17,25,35,39,42,54,36
melate,2952,2016-03-20,82000000,21,27,34,44,55,56,53
melate,2953,2016-03-23,86000000,24,31,38,40,52,53,34
melate,2954,2016-03-27,90000000,1,6,19,31,49,54,55
melate,2955,2016-03-30,95000000,15,21,28,47,49,55,31
melate,2956,2016-04-03,98000000,37,40,45,50,51,54,23
melate,2957,2016-04-06,103000000,1,4,15,20,21,54,49
melate,2958,2016-04-10,107000000,3,12,14,29,32,44,53
melate,2959,2016-04-13,110400000,2,8,9,15,31,36,10
melate,2960,2016-04-17,113000000,3,4,15,19,22,38,42
melate,2961,2016-04-20,117500000,5,30,36,37,44,51,29
melate,2962,2016-04-24,121000000,22,26,41,42,44,54,34
melate,2963,2016-04-27,125900000,24,29,31,35,46,55,19
melate,2964,2016-05-01,129800000,2,21,23,31,36,52,34
melate,2965,2016-05-04,133700000,2,3,4,5,25,40,43
melate,2966,2016-05-08,137000000,4,21,23,33,52,55,29
melate,2967,2016-05-11,142000000,6,7,15,17,51,52,40
melate,2968,2016-05-15,145400000,5,6,14,15,35,48,55
melate,2969,2016-05-18,149400000,12,28,30,38,39,44,37
melate,2970,2016-05-22,153000000,1,9,29,32,45,47,17
melate,2971,2016-05-25,157500000,3,4,7,30,45,55,42
melate,2972,2016-05-29,160700000,8,21,22,31,33,56,19
melate,2973,2016-06-01,164000000,7,13,17,24,32,56,12
melate,2974,2016-06-05,167400000,9,16,19,24,32,53,47
melate,2975,2016-06-08,172000000,2,14,21,28,38,39,42
melate,2976,2016-06-12,176000000,5,8,15,43,44,52,56
melate,2977,2016-06-15,180000000,6,15,17,29,31,56,51
melate,2978,2016-06-19,183500000,2,15,25,30,39,50,31
melate,2979,2016-06-22,188000000,9,14,30,32,45,56,12
melate,2980,2016-06-26,192000000,15,24,25,29,46,54,21
melate,2981,2016-06-29,196500000,10,15,17,18,35,50,30
melate,2982,2016-07-03,200500000,11,23,43,47,48,54,49
melate,2983,2016-07-06,205000000,4,21,24,36,41,47,9
melate,2984,2016-07-10,209000000,2,16,24,25,30,45,51
melate,2985,2016-07-13,213000000,10,16,21,26,39,51,56
melate,2986,2016-07-17,218000000,5,10,14,15,36,56,53
melate,2987,2016-07-20,222000000,4,12,29,43,46,53,9
melate,2988,2016-07-24,226000000,3,12,22,33,39,49,40
melate,2989,2016-07-27,230000000,24,30,33,41,43,44,28
melate,2990,2016-07-31,234000000,7,13,19,33,44,48,53
melate,2991,2016-08-03,238000000,10,18,39,44,45,55,40
melate,2992,2016-08-07,242500000,18,19,25,30,33,35,43
melate,2993,2016-08-10,247500000,21,24,30,31,43,45,10
melate,2994,2016-08-14,251000000,10,11,18,33,43,48,40
melate,2995,2016-08-17,256000000,7,18,19,31,35,54,46
melate,2996,2016-08-21,259900000,27,34,40,45,52,54,3
melate,2997,2016-08-24,265000000,22,24,27,28,29,47,51
melate,2998,2016-08-28,269000000,3,15,32,38,40,53,24
melate,2999,2016-08-31,273400000,5,15,16,21,47,48,23
melate,3000,2016-09-04,277000000,16,32,37,39,48,55,17
melate,3001,2016-09-07,283000000,29,31,38,39,46,54,48
melate,3002,2016-09-11,287000000,7,15,38,39,42,52,9
melate,3003,2016-09-14,292000000,2,9,18,21,29,53,7
melate,3004,2016-09-18,295000000,21,27,44,47,52,54,16
melate,3005,2016-09-21,300000000,4,24,28,46,50,56,16
melate,3006,2016-09-25,304000000,1,5,15,26,40,46,14
melate,3007,2016-09-28,309000000,5,12,25,29,34,48,42
melate,3008,2016-10-02,312500000,8,17,19,26,33,37,41
melate,3009,2016-10-05,316500000,2,5,18,22,25,40,1
melate,3010,2016-10-09,320000000,4,8,18,25,32,38,55
melate,3011,2016-10-12,325000000,4,11,23,28,29,48,6
melate,3012,2016-10-16,329000000,11,16,19,25,28,50,6
melate,3013,2016-10-19,333000000,3,18,28,44,51,53,25
melate,3014,2016-10-23,337000000,2,10,13,29,35,48,8
melate,3015,2016-10-26,342000000,28,32,35,37,46,56,6
melate,3016,2016-10-30,347000000,10,13,31,47,50,55,40
melate,3017,2016-11-02,352000000,8,11,30,37,49,56,51
melate,3018,2016-11-06,356000000,2,19,20,21,33,45,30
melate,3019,2016-11-09,361000000,16,19,31,35,38,45,9
melate,3020,2016-11-13,365500000,2,8,14,22,48,52,26
melate,3021,2016-11-16,370000000,6,25,28,34,39,52,7
melate,3022,2016-11-20,374000000,2,7,35,40,45,55,12
melate,3023,2016-11-23,379000000,35,38,43,45,49,54,46
melate,3024,2016-11-27,384000000,6,7,14,22,44,45,38
melate,3025,2016-11-30,30000000,12,20,27,31,42,50,29
melate,3026,2016-12-04,30100000,2,9,21,27,40,43,44
melate,3027,2016-12-07,30200000,10,25,33,34,43,50,47
melate,3028,2016-12-11,30300000,2,13,25,26,33,35,32
melate,3029,2016-12-14,30400000,9,15,18,25,42,52,2
melate,3030,2016-12-18,30500000,9,21,24,28,34,56,11
melate,3031,2016-12-21,30600000,9,12,23,33,46,54,17
melate,3032,2016-12-25,30700000,10,15,16,20,33,47,37
melate,3033,2016-12-28,30800000,14,19,27,33,40,45,54
melate,3034,2017-01-01,34000000,42,43,45,49,51,56,6
melate,3035,2017-01-04,38500000,3,9,21,23,24,25,36
melate,3036,2017-01-08,40300000,15,16,40,42,50,51,1
melate,3037,2017-01-11,45000000,18,29,30,41,53,54,24
melate,3038,2017-01-15,49000000,1,9,31,36,48,55,49
melate,3039,2017-01-18,52500000,21,29,30,36,40,48,56
melate,3040,2017-01-22,56000000,10,13,33,43,52,56,12
melate,3041,2017-01-25,60000000,12,20,22,25,46,48,50
melate,3042,2017-01-29,63000000,5,19,26,42,51,54,8
melate,3043,2017-02-01,66000000,6,9,13,21,35,39,10
melate,3044,2017-02-05,69300000,1,8,30,37,42,54,4
melate,3045,2017-02-08,73000000,18,28,37,40,44,56,38
melate,3046,2017-02-12,76500000,16,21,24,29,47,52,9
melate,3047,2017-02-15,80000000,2,3,11,21,41,46,37
melate,3048,2017-02-19,83000000,19,24,30,37,41,46,33
melate,3049,2017-02-22,87000000,4,5,20,30,44,55,21
melate,3050,2017-02-26,90000000,18,28,34,36,40,52,21
melate,3051,2017-03-01,93800000,1,10,45,48,52,55,28
melate,3052,2017-03-05,97200000,1,11,13,40,52,55,7
melate,3053,2017-03-08,101200000,1,6,25,43,51,54,48
melate,3054,2017-03-12,104000000,27,30,33,34,42,44,50
melate,3055,2017-03-15,108000000,11,12,20,36,48,56,6
melate,3056,2017-03-19,110700000,4,6,11,19,27,40,24
melate,3057,2017-03-22,30000000,8,15,19,29,45,49,17
melate,3058,2017-03-26,30100000,8,10,11,12,26,39,45
melate,3059,2017-03-29,30200000,10,20,23,25,26,55,29
melate,3060,2017-04-02,30300000,8,25,29,40,44,55,46
melate,3061,2017-04-05,30400000,7,17,24,31,41,46,18
melate,3062,2017-04-09,30500000,10,13,16,23,36,50,14
melate,3063,2017-04-12,30600000,16,32,36,37,41,56,5
melate,3064,2017-04-16,30700000,6,18,20,37,39,51,17
melate,3065,2017-04-19,30800000,13,14,18,29,49,53,44
melate,3066,2017-04-23,30900000,2,9,12,13,23,33,5
melate,3067,2017-04-26,32600000,2,6,24,31,51,52,27
melate,3068,2017-04-30,35200000,3,4,10,24,48,54,2
melate,3069,2017-05-03,38500000,37,42,48,50,51,52,46
melate,3070,2017-05-07,42000000,5,8,10,35,36,49,14
melate,3071,2017-05-10,30000000,2,22,23,40,45,47,25
melate,3072,2017-05-14,30100000,6,10,38,42,47,51,1
melate,3073,2017-05-17,30200000,3,23,28,32,40,49,14
melate,3074,2017-05-21,30300000,1,19,24,26,49,56,22
melate,3075,2017-05-24,30400000,2,12,23,42,52,53,19
melate,3076,2017-05-28,30500000,12,16,20,35,38,56,30
melate,3077,2017-05-31,30600000,1,3,18,26,35,38,37
melate,3078,2017-06-04,30700000,4,20,33,35,43,53,45
melate,3079,2017-06-07,30800000,5,11,29,30,33,53,32
melate,3080,2017-06-11,31500000,13,20,41,43,44,52,14
melate,3081,2017-06-14,35000000,15,17,19,25,55,56,11
melate,3082,2017-06-18,38000000,15,21,28,53,54,56,30
melate,3083,2017-06-21,41400000,2,19,20,26,32,56,46
melate,3084,2017-06-25,44500000,4,20,27,32,51,56,38
melate,3085,2017-06-28,47900000,2,18,19,20,26,55,33
melate,3086,2017-07-02,50500000,6,9,20,32,36,38,45
melate,3087,2017-07-05,53800000,2,8,23,45,46,54,18
melate,3088,2017-07-09,57000000,5,11,12,26,31,46,56
melate,3089,2017-07-12,60000000,6,8,28,36,38,42,25
melate,3090,2017-07-16,63000000,17,18,23,38,42,46,36
melate,3091,2017-07-19,66500000,1,5,14,22,35,55,40
melate,3092,2017-07-23,69000000,1,7,24,34,40,46,38
melate,3093,2017-07-26,72000000,14,18,22,30,37,49,28
melate,3094,2017-07-30,75000000,9,13,36,47,48,54,14
melate,3095,2017-08-02,78500000,13,16,17,19,49,50,47
melate,3096,2017-08-06,82000000,2,5,6,19,42,47,34
melate,3097,2017-08-09,85500000,2,3,37,40,42,52,16
melate,3098,2017-08-13,88000000,8,25,27,29,31,43,56
melate,3099,2017-08-16,91500000,21,33,34,42,48,51,17
melate,3100,2017-08-20,95000000,7,12,20,21,28,31,42
melate,3101,2017-08-23,97500000,4,12,15,30,40,45,2
melate,3102,2017-08-27,100000000,12,25,31,35,44,46,48
melate,3103,2017-08-30,104000000,1,5,11,21,27,46,26
melate,3104,2017-09-03,107000000,2,3,19,38,40,47,39
melate,3105,2017-09-06,111000000,26,29,41,48,49,50,33
melate,3106,2017-09-10,114500000,2,6,24,34,43,45,26
melate,3107,2017-09-13,118000000,4,6,19,21,43,54,16
melate,3108,2017-09-17,121000000,18,20,37,40,54,56,44
melate,3109,2017-09-20,125000000,4,5,11,40,52,54,43
melate,3110,2017-09-24,127000000,10,17,22,39,46,49,7
melate,3111,2017-09-27,130000000,3,10,14,23,47,51,25
melate,3112,2017-10-01,133000000,4,16,29,36,47,54,1
melate,3113,2017-10-04,137000000,14,17,26,38,39,50,27
melate,3114,2017-10-08,141000000,8,16,32,40,46,55,52
melate,3115,2017-10-11,145000000,3,22,23,42,48,50,20
melate,3116,2017-10-15,148000000,1,5,6,10,13,44,52
melate,3117,2017-10-18,151000000,6,8,26,32,37,42,50
melate,3118,2017-10-22,154000000,12,15,25,39,43,51,18
melate,3119,2017-10-25,157500000,2,17,30,33,42,55,39
melate,3120,2017-10-29,160700000,3,28,38,43,46,54,9
melate,3121,2017-11-01,164900000,2,29,30,36,39,44,12
melate,3122,2017-11-05,167500000,16,21,24,36,47,53,42
melate,3123,2017-11-08,171500000,1,11,17,19,23,31,48
melate,3124,2017-11-12,174400000,9,12,13,14,15,53,6
melate,3125,2017-11-15,30000000,4,6,10,17,20,29,7
melate,3126,2017-11-19,30100000,5,8,12,16,25,51,36
melate,3127,2017-11-22,30200000,13,19,25,33,40,46,36
melate,3128,2017-11-26,30300000,7,23,25,27,31,32,5
melate,3129,2017-11-29,30400000,21,22,38,42,43,47,10
melate,3130,2017-12-03,30500000,19,27,28,29,32,50,56
melate,3131,2017-12-06,30600000,27,32,34,35,48,55,36
melate,3132,2017-12-10,30700000,11,17,20,21,28,55,45
melate,3133,2017-12-13,30800000,7,25,33,35,47,49,13
melate,3134,2017-12-17,31900000,19,28,32,47,52,55,40
melate,3135,2017-12-20,30000000,4,5,10,19,29,37,22
melate,3136,2017-12-24,30100000,2,8,12,23,30,55,33
melate,3137,2017-12-27,30200000,4,16,37,38,44,46,52
melate,3138,2017-12-31,30300000,2,10,13,16,18,38,4
melate,3139,2018-01-03,30400000,24,34,35,36,45,54,25
melate,3140,2018-01-07,30500000,10,14,19,32,34,48,24
melate,3141,2018-01-10,30600000,1,15,17,25,32,37,29
melate,3142,2018-01-14,30700000,7,22,31,35,51,55,10
melate,3143,2018-01-17,31000000,11,19,27,28,32,54,45
melate,3144,2018-01-21,34000000,9,17,18,25,28,47,6
melate,3145,2018-01-24,37000000,6,10,13,25,29,45,3
melate,3146,2018-01-28,39500000,4,10,31,39,51,52,8
melate,3147,2018-01-31,30000000,7,15,23,34,37,45,43
melate,3148,2018-02-04,30100000,1,23,32,34,39,52,8
melate,3149,2018-02-07,30200000,4,23,26,34,49,54,13
melate,3150,2018-02-11,30300000,21,34,40,44,48,52,16
melate,3151,2018-02-14,30400000,2,26,51,52,53,56,7
melate,3152,2018-02-18,30500000,19,36,38,41,48,53,54
melate,3153,2018-02-21,30600000,9,12,19,24,48,56,27
melate,3154,2018-02-25,30600000,6,8,23,24,28,31,34
melate,3155,2018-02-28,31800000,3,4,26,27,32,38,28
melate,3156,2018-03-04,34800000,5,16,21,28,41,52,42
melate,3157,2018-03-07,38500000,14,17,23,25,47,51,6
melate,3158,2018-03-11,41700000,10,26,30,42,45,49,47
melate,3159,2018-03-14,45700000,2,18,30,33,34,50,48
melate,3160,2018-03-18,49000000,18,22,25,36,37,50,49
melate,3161,2018-03-21,52700000,5,25,26,40,44,54,18
melate,3162,2018-03-25,55900000,1,17,32,46,47,54,18
melate,3163,2018-03-28,60000000,4,7,16,32,42,55,28
melate,3164,2018-04-01,63000000,16,19,28,44,45,54,40
melate,3165,2018-04-04,65900000,7,9,10,19,28,36,34
melate,3166,2018-04-08,68800000,25,27,34,35,47,48,26
melate,3167,2018-04-11,72900000,1,9,23,25,26,35,29
melate,3168,2018-04-15,75900000,9,14,18,33,42,48,38
melate,3169,2018-04-18,79700000,13,18,21,22,27,54,49
melate,3170,2018-04-22,82700000,6,18,23,32,52,56,45
melate,3171,2018-04-25,86200000,14,16,18,20,38,54,2
melate,3172,2018-04-29,89500000,2,10,34,42,53,54,28
melate,3173,2018-05-02,93800000,1,3,14,21,37,54,29
melate,3174,2018-05-06,96800000,7,10,43,48,51,56,32
melate,3175,2018-05-09,100900000,7,11,47,53,55,56,40
melate,3176,2018-05-13,104500000,3,21,42,51,54,56,22
melate,3177,2018-05-16,108500000,2,9,10,24,38,53,33
melate,3178,2018-05-20,112100000,20,36,45,46,47,56,9
melate,3179,2018-05-23,116500000,7,13,22,29,33,51,19
melate,3180,2018-05-27,119200000,7,28,31,33,36,42,24
melate,3181,2018-05-30,122700000,7,8,29,37,43,50,42
melate,3182,2018-06-03,126200000,5,8,16,20,44,45,34
melate,3183,2018-06-06,30000000,9,11,17,30,34,45,36
melate,3184,2018-06-10,30100000,5,14,15,47,48,54,12
melate,3185,2018-06-13,30200000,6,9,11,21,32,56,26
melate,3186,2018-06-17,30300000,4,14,19,30,44,50,15
melate,3187,2018-06-20,30400000,11,16,19,22,26,32,1
melate,3188,2018-06-24,30500000,13,30,31,33,46,50,26
melate,3189,2018-06-27,30600000,22,27,33,37,43,52,54
melate,3190,2018-07-01,30700000,11,15,20,36,39,45,27
melate,3191,2018-07-04,31900000,7,21,26,37,48,52,30
melate,3192,2018-07-08,35000000,8,21,33,41,48,51,30
melate,3193,2018-07-11,39000000,18,27,35,41,45,49,47
melate,3194,2018-07-15,42000000,2,7,12,19,29,40,45
melate,3195,2018-07-18,45500000,1,9,15,34,44,52,5
melate,3196,2018-07-22,48700000,24,28,29,44,51,53,39
melate,3197,2018-07-25,52800000,15,21,38,40,46,50,5
melate,3198,2018-07-29,56000000,25,39,43,44,45,53,26
melate,3199,2018-08-01,60000000,19,35,36,38,43,53,55
melate,3200,2018-08-05,64500000,13,15,37,39,50,52,34
melate,3201,2018-08-08,68500000,3,14,16,23,40,45,47
melate,3202,2018-08-12,71700000,8,10,13,22,26,30,49
melate,3203,2018-08-15,74900000,1,2,29,35,43,47,3
melate,3204,2018-08-19,78300000,1,12,27,48,49,56,7
melate,3205,2018-08-22,82600000,5,17,33,36,38,43,44
melate,3206,2018-08-26,85700000,7,9,13,31,51,54,27
melate,3207,2018-08-29,88800000,2,9,31,40,42,50,4
melate,3208,2018-09-02,92500000,11,12,17,31,40,55,56
melate,3209,2018-09-05,96700000,17,20,22,25,43,55,7
melate,3210,2018-09-09,100000000,19,23,28,34,40,52,26
melate,3211,2018-09-12,104300000,15,16,26,33,41,56,32
melate,3212,2018-09-16,107800000,9,16,22,43,49,53,51
melate,3213,2018-09-19,111500000,24,29,34,36,37,46,55
melate,3214,2018-09-23,115000000,16,27,29,34,50,56,33
melate,3215,2018-09-26,119000000,7,12,35,40,41,50,34
melate,3216,2018-09-30,122600000,20,23,31,40,43,54,46
melate,3217,2018-10-03,127500000,6,11,41,48,50,52,25
melate,3218,2018-10-07,131600000,22,23,24,29,36,40,20
melate,3219,2018-10-10,135900000,12,21,24,34,37,55,50
melate,3220,2018-10-14,139500000,10,21,31,39,40,42,26
melate,3221,2018-10-17,144000000,1,18,19,20,34,53,15
melate,3222,2018-10-21,147700000,3,7,29,30,39,51,23
melate,3223,2018-10-24,151800000,25,33,46,49,51,54,34
melate,3224,2018-10-28,155700000,1,2,32,33,45,56,42
melate,3225,2018-10-31,160500000,1,7,9,18,32,55,12
melate,3226,2018-11-04,163500000,16,19,29,34,40,45,28
melate,3227,2018-11-07,168300000,1,7,13,14,19,20,49
melate,3228,2018-11-11,30000000,10,16,23,52,54,56,36
melate,3229,2018-11-14,30100000,2,14,19,39,43,45,52
melate,3230,2018-11-18,30200000,22,28,33,35,50,51,13
melate,3231,2018-11-21,30300000,6,10,31,35,36,45,41
melate,3232,2018-11-25,30400000,3,9,32,33,40,56,8
melate,3233,2018-11-28,30000000,2,4,10,12,21,28,29
melate,3234,2018-12-02,30100000,9,21,27,34,49,52,4
melate,3235,2018-12-05,30200000,8,11,25,30,36,37,14
melate,3236,2018-12-09,30300000,16,22,35,36,39,50,6
melate,3237,2018-12-12,30400000,4,13,21,25,47,53,16
melate,3238,2018-12-16,30500000,6,11,12,41,50,52,47
melate,3239,2018-12-19,30600000,14,19,21,24,31,49,50
melate,3240,2018-12-23,31500000,8,13,14,38,43,56,9
melate,3241,2018-12-26,35900000,3,9,25,30,38,40,2
melate,3242,2018-12-30,30000000,1,3,4,8,12,30,27
melate,3243,2019-01-02,30000000,4,8,11,16,28,40,50
melate,3244,2019-01-06,30100000,3,12,17,31,46,51,13
melate,3245,2019-01-09,30200000,2,10,15,38,50,52,53
melate,3246,2019-01-13,30300000,17,19,25,27,53,54,23
melate,3247,2019-01-16,30400000,1,7,10,18,25,28,16
melate,3248,2019-01-20,30500000,5,13,17,19,28,53,46
melate,3249,2019-01-23,30600000,11,20,36,43,44,52,39
melate,3250,2019-01-27,30900000,3,6,8,15,42,45,49
melate,3251,2019-01-30,34900000,7,13,17,22,23,47,40
melate,3252,2019-02-03,37700000,7,11,14,33,40,46,51
melate,3253,2019-02-06,41600000,2,3,17,23,30,44,49
melate,3254,2019-02-10,45000000,3,10,34,38,39,43,28
melate,3255,2019-02-13,49700000,11,20,22,37,41,47,29
melate,3256,2019-02-17,53500000,6,11,23,34,35,54,25
melate,3257,2019-02-20,57800000,7,9,10,13,19,21,46
melate,3258,2019-02-24,60000000,5,16,18,26,35,41,20
melate,3259,2019-02-27,64400000,21,25,27,31,38,44,34
melate,3260,2019-03-03,68000000,9,12,16,25,30,45,49
melate,3261,2019-03-06,72300000,9,13,17,30,32,35,26
melate,3262,2019-03-10,76000000,1,6,15,26,45,54,27
melate,3263,2019-03-13,30000000,3,8,18,24,36,54,2
melate,3264,2019-03-17,30100000,3,18,22,27,29,46,42
melate,3265,2019-03-20,30200000,11,13,34,36,39,51,8
melate,3266,2019-03-24,30300000,5,6,14,23,40,45,10
melate,3267,2019-03-27,30400000,22,34,37,39,40,48,46
melate,3268,2019-03-31,30500000,10,27,32,38,45,56,13
melate,3269,2019-04-03,30600000,5,31,32,34,41,45,40
melate,3270,2019-04-07,33400000,16,21,32,34,38,46,36
melate,3271,2019-04-10,37300000,5,24,28,34,36,43,53
melate,3272,2019-04-14,40300000,4,5,11,15,25,47,37
melate,3273,2019-04-17,43300000,3,6,9,36,47,55,34
melate,3274,2019-04-21,46300000,5,20,23,26,32,46,34
melate,3275,2019-04-24,49500000,3,7,13,47,53,55,51
melate,3276,2019-04-28,52400000,1,2,22,23,28,52,37
melate,3277,2019-05-01,56300000,5,7,18,24,49,52,26
melate,3278,2019-05-05,59200000,13,15,24,45,47,55,28
melate,3279,2019-05-08,63300000,6,7,11,29,33,39,51
melate,3280,2019-05-12,66000000,1,10,17,20,34,45,19
melate,3281,2019-05-15,69700000,15,17,19,22,35,37,28
melate,3282,2019-05-19,72900000,1,19,33,47,50,54,27
melate,3283,2019-05-22,77300000,2,10,25,32,41,52,45
melate,3284,2019-05-26,80600000,3,6,20,23,34,46,42
melate,3285,2019-05-29,84000000,3,20,32,35,42,52,1
melate,3286,2019-06-02,87800000,8,14,20,25,34,46,42
melate,3287,2019-06-05,92000000,7,22,43,45,47,55,33
melate,3288,2019-06-09,95600000,5,7,8,17,21,23,22
melate,3289,2019-06-12,98000000,14,16,24,30,33,39,48
melate,3290,2019-06-16,101600000,11,18,33,41,53,54,6
melate,3291,2019-06-19,105700000,21,24,32,36,41,49,3
melate,3292,2019-06-23,109300000,9,12,28,47,51,53,40
melate,3293,2019-06-26,113200000,3,5,9,42,44,48,26
melate,3294,2019-06-30,30000000,6,12,29,37,51,53,48
melate,3295,2019-07-03,30100000,18,20,29,44,46,52,37
melate,3296,2019-07-07,30200000,4,31,33,34,50,54,23
melate,3297,2019-07-10,30300000,6,16,30,36,43,56,45
melate,3298,2019-07-14,30400000,11,19,34,36,43,56,53
melate,3299,2019-07-17,30500000,8,27,31,37,43,45,24
melate,3300,2019-07-21,30600000,9,19,26,41,51,52,8
melate,3301,2019-07-24,30700000,1,11,26,31,52,55,50
melate,3302,2019-07-28,33800000,4,6,22,39,46,53,41
melate,3303,2019-07-31,37700000,1,16,30,31,34,43,18
melate,3304,2019-08-04,41300000,4,5,14,23,26,47,2
melate,3305,2019-08-07,45000000,10,28,32,35,44,48,14
melate,3306,2019-08-11,48600000,2,8,24,29,41,46,26
melate,3307,2019-08-14,52400000,2,18,23,24,32,54,40
melate,3308,2019-08-18,55700000,6,10,17,21,30,39,16
melate,3309,2019-08-21,59600000,20,25,29,34,44,54,18
melate,3310,2019-08-25,63400000,25,28,29,43,47,49,52
melate,3311,2019-08-28,30000000,4,15,22,28,40,48,16
melate,3312,2019-09-01,30100000,31,35,39,41,50,51,26
melate,3313,2019-09-04,30200000,1,3,5,26,37,52,15
melate,3314,2019-09-08,30300000,4,29,30,41,43,49,47
melate,3315,2019-09-11,30400000,1,10,20,37,53,56,22
melate,3316,2019-09-15,30500000,12,29,41,49,52,55,46
melate,3317,2019-09-18,30000000,2,9,13,16,27,38,37
melate,3318,2019-09-22,30100000,13,15,23,42,49,51,5
melate,3319,2019-09-25,30200000,3,12,18,24,43,50,30
melate,3320,2019-09-29,30300000,1,4,15,24,34,52,38
melate,3321,2019-10-02,30400000,11,15,29,39,40,50,41
melate,3322,2019-10-06,30500000,7,34,37,41,44,56,52
melate,3323,2019-10-09,30600000,7,12,25,35,44,45,43
melate,3324,2019-10-13,30700000,11,33,37,38,41,46,7
melate,3325,2019-10-16,32900000,1,10,20,25,44,46,52
melate,3326,2019-10-20,36500000,7,16,17,39,46,56,9
melate,3327,2019-10-23,40000000,10,15,17,31,45,51,9
melate,3328,2019-10-27,30000000,2,11,24,42,51,54,16
melate,3329,2019-10-30,30100000,17,19,33,38,54,55,6
melate,3330,2019-11-03,30200000,8,16,20,28,33,36,46
melate,3331,2019-11-06,30300000,9,13,39,44,48,52,23
melate,3332,2019-11-10,30400000,9,13,21,50,51,53,26
melate,3333,2019-11-13,30500000,15,18,23,26,32,34,3
melate,3334,2019-11-17,30600000,6,24,31,37,39,54,42
melate,3335,2019-11-20,30700000,31,32,33,36,39,44,56
melate,3336,2019-11-24,30900000,8,11,23,25,28,29,37
melate,3337,2019-11-27,34000000,3,4,36,43,50,51,13
melate,3338,2019-12-01,37500000,1,3,4,9,20,55,53
melate,3339,2019-12-04,41000000,10,21,25,29,43,52,30
melate,3340,2019-12-08,44500000,11,13,31,32,33,40,5
melate,3341,2019-12-11,48000000,15,18,21,29,33,41,43
melate,3342,2019-12-15,51200000,2,8,27,32,38,49,9
melate,3343,2019-12-18,55300000,11,20,27,50,54,55,24
melate,3344,2019-12-22,59000000,3,17,21,36,37,40,53
melate,3345,2019-12-25,62900000,5,10,11,17,39,48,35
melate,3346,2019-12-29,64700000,5,23,24,33,48,50,1
melate,3347,2020-01-01,68800000,12,28,32,40,45,52,46
melate,3348,2020-01-05,72200000,12,13,15,34,36,47,28
melate,3349,2020-01-08,76100000,9,11,14,20,24,44,30
melate,3350,2020-01-12,79500000,15,16,19,25,50,54,29
melate,3351,2020-01-15,83500000,2,29,31,36,44,50,54
melate,3352,2020-01-19,87400000,13,20,21,24,32,50,35
melate,3353,2020-01-22,91000000,2,5,15,34,45,46,30
melate,3354,2020-01-26,94500000,1,6,31,32,43,47,39
melate,3355,2020-01-29,98800000,6,21,23,25,28,48,22
melate,3356,2020-02-02,101900000,19,21,26,50,55,56,17
melate,3357,2020-02-05,106600000,10,11,23,28,32,34,21
melate,3358,2020-02-09,109700000,6,13,16,40,41,53,45
melate,3359,2020-02-12,113800000,11,12,18,29,33,50,53
melate,3360,2020-02-16,116900000,15,23,43,44,50,55,4
melate,3361,2020-02-19,121100000,13,14,17,35,39,54,45
melate,3362,2020-02-23,124300000,14,28,40,42,43,45,23
melate,3363,2020-02-26,128600000,9,19,39,46,49,56,7
melate,3364,2020-03-01,132000000,10,12,20,29,46,47,27
melate,3365,2020-03-04,136400000,6,7,31,33,42,52,21
melate,3366,2020-03-08,139700000,15,22,35,44,50,53,3
melate,3367,2020-03-11,143800000,3,6,9,16,25,42,29
melate,3368,2020-03-15,146300000,3,6,12,21,43,51,24
melate,3369,2020-03-18,149700000,3,11,14,18,38,47,52
melate,3370,2020-03-22,152500000,5,6,10,15,28,52,39
melate,3371,2020-03-25,154900000,11,19,24,26,33,56,50
melate,3372,2020-03-29,157000000,12,15,16,18,39,47,36
melate,3373,2020-04-01,160800000,13,19,24,39,40,46,21
melate,3374,2020-07-26,160900000,5,21,23,41,43,56,33
melate,3375,2020-07-29,161000000,9,17,43,46,48,53,12
melate,3376,2020-08-02,163000000,17,18,24,34,41,50,37
melate,3377,2020-08-05,166000000,1,8,19,35,37,43,31
melate,3378,2020-08-09,168500000,12,23,39,45,54,56,7
melate,3379,2020-08-12,171400000,8,15,17,35,39,45,13
melate,3380,2020-08-16,173900000,11,12,23,25,41,44,4
melate,3381,2020-08-19,176700000,17,21,27,42,50,52,16
melate,3382,2020-08-23,179500000,9,17,29,52,54,56,49
melate,3383,2020-08-26,182600000,2,8,11,18,25,56,17
melate,3384,2020-08-30,184800000,16,26,27,30,41,54,21
melate,3385,2020-09-02,188500000,11,16,28,38,39,53,18
melate,3386,2020-09-06,191800000,5,12,21,27,43,49,11
melate,3387,2020-09-09,194600000,5,11,28,35,38,42,30
melate,3388,2020-09-13,197000000,1,22,30,36,45,52,49
melate,3389,2020-09-16,201000000,13,14,19,27,35,54,25
melate,3390,2020-09-20,203500000,8,14,32,40,43,45,15
melate,3391,2020-09-23,207000000,37,38,42,48,49,50,26
melate,3392,2020-09-27,210000000,9,19,22,24,30,34,52
melate,3393,2020-09-30,214000000,4,15,16,21,35,56,45
melate,3394,2020-10-04,216000000,4,19,36,39,40,53,52
melate,3395,2020-10-07,220000000,3,14,16,21,32,54,13
melate,3396,2020-10-11,223100000,3,8,31,32,52,54,48
melate,3397,2020-10-14,227100000,5,29,30,34,36,50,37
melate,3398,2020-10-18,230500000,1,12,14,31,34,56,55
melate,3399,2020-10-21,234500000,1,5,24,29,30,46,19
melate,3400,2020-10-25,237700000,3,7,10,28,34,43,20
melate,3401,2020-10-28,240500000,3,30,42,49,50,51,40
melate,3402,2020-11-01,244000000,16,18,34,42,47,55,43
melate,3403,2020-11-04,248100000,1,3,5,53,54,56,42
melate,3404,2020-11-08,252000000,1,11,20,38,41,43,39
melate,3405,2020-11-11,255500000,7,16,18,24,46,54,49
melate,3406,2020-11-15,258700000,1,5,15,18,24,54,50
melate,3407,2020-11-18,262300000,11,15,28,31,39,50,2
melate,3408,2020-11-22,265800000,3,8,32,37,39,43,30
melate,3409,2020-11-25,269800000,9,37,40,42,50,55,45
melate,3410,2020-11-29,273600000,11,13,25,27,48,53,18
melate,3411,2020-12-02,277200000,6,17,21,26,41,51,30
melate,3412,2020-12-06,280800000,5,26,38,48,50,54,13
melate,3413,2020-12-09,285200000,9,25,27,30,31,41,2
melate,3414,2020-12-13,288600000,4,17,30,36,42,53,32
melate,3415,2020-12-16,293200000,22,24,25,31,32,56,38
melate,3416,2020-12-20,297100000,7,10,37,45,54,55,23
melate,3417,2020-12-23,301500000,9,16,19,33,46,50,10
melate,3418,2020-12-27,305700000,1,3,14,26,29,32,51
melate,3419,2020-12-30,30000000,13,18,22,29,33,50,6
melate,3420,2021-01-03,30100000,5,9,26,39,40,43,48
melate,3421,2021-01-06,30200000,18,22,23,33,52,54,11
melate,3422,2021-01-10,30300000,1,13,42,45,50,53,33
melate,3423,2021-01-13,30400000,6,10,30,31,34,36,47
melate,3424,2021-01-17,30500000,24,31,44,47,54,56,50
melate,3425,2021-01-20,30000000,12,15,25,32,34,50,51
melate,3426,2021-01-24,30100000,2,4,21,25,33,46,17
melate,3427,2021-01-27,30200000,15,17,18,28,30,40,3
melate,3428,2021-01-31,30300000,5,18,25,35,39,48,16
melate,3429,2021-02-03,30400000,1,6,27,31,37,48,55
melate,3430,2021-02-07,30500000,6,11,25,38,50,53,47
melate,3431,2021-02-10,30600000,9,17,18,31,41,54,8
melate,3432,2021-02-14,30700000,2,5,15,17,44,55,12
melate,3433,2021-02-17,30900000,1,6,36,42,44,45,19
melate,3434,2021-02-21,34300000,3,14,19,25,39,50,49
melate,3435,2021-02-24,37900000,4,22,28,38,49,51,32
melate,3436,2021-02-28,41300000,15,27,30,38,44,55,41
melate,3437,2021-03-03,45500000,10,14,15,23,49,52,4
melate,3438,2021-03-07,49000000,4,7,18,19,20,37,17
melate,3439,2021-03-10,52300000,1,11,14,23,46,49,34
melate,3440,2021-03-14,55400000,13,23,27,32,49,52,12
melate,3441,2021-03-17,59000000,4,10,13,17,28,29,47
melate,3442,2021-03-21,62200000,12,15,22,34,36,48,54
melate,3443,2021-03-24,66200000,2,6,10,14,27,45,39
melate,3444,2021-03-28,69000000,14,23,43,44,45,56,17
melate,3445,2021-03-31,72200000,26,28,35,40,41,49,52
melate,3446,2021-04-04,76200000,7,14,38,44,46,49,6
melate,3447,2021-04-07,30000000,1,5,17,31,42,46,51
melate,3448,2021-04-11,30100000,4,20,37,43,54,55,21
melate,3449,2021-04-14,30200000,2,3,5,11,47,48,44
melate,3450,2021-04-18,30300000,6,13,15,22,40,41,38
melate,3451,2021-04-21,30400000,7,24,26,49,51,54,25
melate,3452,2021-04-25,30500000,3,26,29,37,51,54,38
melate,3453,2021-04-28,30600000,8,21,33,43,44,50,14
melate,3454,2021-05-02,30700000,19,39,43,49,50,52,17
melate,3455,2021-05-05,33500000,12,14,24,34,49,50,52
melate,3456,2021-05-09,38000000,13,21,35,36,44,47,54
melate,3457,2021-05-12,40800000,8,9,17,32,34,48,27
melate,3458,2021-05-16,43900000,6,10,29,47,55,56,54
melate,3459,2021-05-19,48200000,20,22,39,51,52,54,38
melate,3460,2021-05-23,52000000,29,32,38,39,51,54,53
melate,3461,2021-05-26,56600000,12,13,28,33,34,51,53
melate,3462,2021-05-30,59800000,23,24,26,32,35,54,45
melate,3463,2021-06-02,63800000,1,3,26,48,49,51,45
melate,3464,2021-06-06,67100000,1,6,12,18,22,33,19
melate,3465,2021-06-09,69800000,3,22,24,37,39,42,50
melate,3466,2021-06-13,72600000,10,20,23,24,40,49,44
melate,3467,2021-06-16,76500000,3,7,14,18,33,44,29
melate,3468,2021-06-20,79000000,26,32,38,41,55,56,42
melate,3469,2021-06-23,83100000,23,28,32,34,37,38,55
melate,3470,2021-06-27,86300000,3,6,32,36,42,45,27
melate,3471,2021-06-30,89900000,8,16,21,36,48,51,45
melate,3472,2021-07-04,93100000,12,19,21,24,41,42,3
melate,3473,2021-07-07,96800000,1,3,13,33,39,51,43
melate,3474,2021-07-11,99900000,6,22,24,27,41,45,51
melate,3475,2021-07-14,103300000,1,13,22,32,36,53,54
melate,3476,2021-07-18,106600000,5,16,23,24,33,47,11
melate,3477,2021-07-21,110200000,2,7,9,25,32,41,38
melate,3478,2021-07-25,112900000,6,15,18,20,38,43,27
melate,3479,2021-07-28,116500000,7,11,13,15,47,51,24
melate,3480,2021-08-01,119000000,5,12,14,17,41,46,13
melate,3481,2021-08-04,30000000,1,8,20,29,37,44,25
melate,3482,2021-08-08,30100000,1,5,31,46,52,56,2
melate,3483,2021-08-11,30200000,4,6,13,15,17,29,42
melate,3484,2021-08-15,30300000,15,21,28,35,40,48,27
melate,3485,2021-08-18,30400000,14,32,33,36,39,40,29
melate,3486,2021-08-22,30500000,4,7,17,29,31,51,12
melate,3487,2021-08-25,30600000,5,8,11,20,25,41,14
melate,3488,2021-08-29,30700000,11,15,34,41,44,50,30
melate,3489,2021-09-01,30800000,7,14,30,49,51,55,13
melate,3490,2021-09-05,33500000,20,23,37,39,41,56,46
melate,3491,2021-09-08,37900000,8,25,32,46,49,56,41
melate,3492,2021-09-12,41100000,2,4,16,24,31,40,39
melate,3493,2021-09-15,44700000,5,13,18,22,30,43,56
melate,3494,2021-09-19,47700000,16,24,37,38,47,52,13
melate,3495,2021-09-22,51400000,7,8,24,25,37,55,42
melate,3496,2021-09-26,54100000,2,9,11,36,49,56,27
melate,3497,2021-09-29,57600000,10,15,31,37,51,56,26
melate,3498,2021-10-03,61000000,2,24,26,31,48,50,44
melate,3499,2021-10-06,65300000,1,5,15,32,33,36,47
melate,3500,2021-10-10,68200000,1,2,17,20,36,56,48
melate,3501,2021-10-13,72000000,8,17,31,46,47,54,18
melate,3502,2021-10-17,75400000,17,24,26,32,34,40,37
melate,3503,2021-10-20,79400000,2,3,6,29,33,44,38
melate,3504,2021-10-24,82300000,15,22,24,29,31,50,7
melate,3505,2021-10-27,85900000,11,13,19,31,42,46,6
melate,3506,2021-10-31,89000000,13,16,19,20,21,32,15
melate,3507,2021-11-03,92500000,6,9,18,33,35,48,24
melate,3508,2021-11-07,95400000,1,6,10,14,30,53,54
melate,3509,2021-11-10,99500000,11,13,18,25,27,56,28
melate,3510,2021-11-14,102400000,24,33,35,38,49,52,2
melate,3511,2021-11-17,106700000,4,5,14,18,54,55,15
melate,3512,2021-11-21,110000000,11,12,21,30,39,41,48
melate,3513,2021-11-24,111000000,3,10,14,30,45,56,9
melate,3514,2021-11-26,113700000,18,19,27,47,53,56,51
melate,3515,2021-11-28,117000000,5,10,17,42,47,54,12
melate,3516,2021-12-01,119100000,12,20,25,35,41,43,6
melate,3517,2021-12-03,122700000,5,14,22,34,35,41,43
melate,3518,2021-12-05,126800000,28,32,34,43,49,55,7
melate,3519,2021-12-08,128900000,2,33,36,39,44,52,30
melate,3520,2021-12-10,132400000,6,8,18,32,43,51,17
melate,3521,2021-12-12,134300000,10,24,34,44,47,53,5
melate,3522,2021-12-15,138000000,6,27,38,45,53,54,18
melate,3523,2021-12-17,143200000,8,33,36,37,52,56,38
melate,3524,2021-12-19,30000000,1,9,26,41,47,53,5
melate,3525,2021-12-22,30100000,5,17,18,23,29,30,40
melate,3526,2021-12-24,30200000,1,21,24,26,29,33,22
melate,3527,2021-12-26,30300000,2,4,35,44,54,56,28
melate,3528,2021-12-29,30400000,14,15,32,50,53,55,43
melate,3529,2021-12-31,30500000,1,9,17,18,35,47,13
melate,3530,2022-01-02,30600000,3,7,13,32,40,41,22
melate,3531,2022-01-05,30700000,9,11,22,36,47,49,38
melate,3532,2022-01-07,30800000,2,9,11,17,27,42,25
melate,3533,2022-01-09,30900000,1,5,14,23,24,54,56
melate,3534,2022-01-12,31000000,13,22,28,33,34,50,7
melate,3535,2022-01-14,33300000,6,21,23,26,35,53,44
melate,3536,2022-01-16,36400000,12,17,18,37,44,50,8
melate,3537,2022-01-19,38400000,22,27,42,48,53,55,28
melate,3538,2022-01-21,42200000,1,3,8,17,36,41,44
melate,3539,2022-01-23,45300000,3,8,19,25,34,51,10
melate,3540,2022-01-26,47100000,3,18,19,45,49,50,54
melate,3541,2022-01-28,50500000,21,27,40,44,45,53,37
melate,3542,2022-01-30,53900000,15,16,40,41,51,52,25
melate,3543,2022-02-02,56500000,4,5,34,38,46,55,29
melate,3544,2022-02-04,60400000,10,14,34,37,42,54,1
melate,3545,2022-02-06,64300000,5,20,35,48,53,56,23
melate,3546,2022-02-09,66500000,29,36,38,39,42,49,48
melate,3547,2022-02-11,70200000,3,8,10,11,14,56,18
melate,3548,2022-02-13,73100000,11,28,41,44,47,55,52
melate,3549,2022-02-16,75500000,10,11,14,23,24,38,44
melate,3550,2022-02-18,78700000,6,7,8,25,26,40,55
melate,3551,2022-02-20,82100000,29,37,40,44,53,54,42
melate,3552,2022-02-23,84900000,20,46,50,53,54,55,6
melate,3553,2022-02-25,89300000,5,10,14,24,49,54,32
melate,3554,2022-02-27,92800000,13,18,22,33,43,53,25
melate,3555,2022-03-02,94700000,8,12,13,28,34,48,43
melate,3556,2022-03-04,98000000,15,17,26,31,37,42,29
melate,3557,2022-03-06,101600000,5,6,12,21,53,55,15
melate,3558,2022-03-09,103600000,6,13,16,27,29,55,15
melate,3559,2022-03-11,106900000,9,17,29,37,49,50,2
melate,3560,2022-03-13,110600000,2,23,24,28,50,53,12
melate,3561,2022-03-16,113000000,3,10,13,22,29,30,46
melate,3562,2022-03-18,116200000,2,17,20,26,46,50,51
melate,3563,2022-03-20,119900000,18,40,44,49,51,54,15
melate,3564,2022-03-23,122000000,6,9,16,17,27,29,15
melate,3565,2022-03-25,123600000,10,13,26,31,36,53,48
melate,3566,2022-03-27,126700000,16,19,21,27,29,37,22
melate,3567,2022-03-30,129200000,6,26,34,40,42,52,53
melate,3568,2022-04-01,133700000,1,10,28,33,38,54,35
melate,3569,2022-04-03,137300000,1,15,22,36,39,49,31
melate,3570,2022-04-06,139700000,4,20,21,22,45,47,24
melate,3571,2022-04-08,143300000,21,28,33,39,51,52,31
melate,3572,2022-04-10,146800000,19,21,36,38,42,51,28
melate,3573,2022-04-13,149200000,1,2,11,31,35,54,41
melate,3574,2022-04-15,152600000,23,25,33,41,44,51,4
melate,3575,2022-04-17,155900000,29,32,34,42,45,51,11
melate,3576,2022-04-20,158000000,10,12,18,21,44,55,46
melate,3577,2022-04-22,161000000,1,11,13,20,41,49,18
melate,3578,2022-04-24,164800000,21,23,29,31,40,56,52
melate,3579,2022-04-27,167400000,13,27,29,33,41,45,49
melate,3580,2022-04-29,170500000,6,7,9,21,33,37,1
melate,3581,2022-05-01,173200000,1,6,18,29,31,47,42
melate,3582,2022-05-04,175700000,22,23,36,37,45,50,15
melate,3583,2022-05-06,179600000,12,13,14,15,25,30,43
melate,3584,2022-05-08,183100000,20,35,38,42,46,55,56
melate,3585,2022-05-11,185900000,2,3,32,46,49,55,35
melate,3586,2022-05-13,189800000,4,7,21,52,55,56,12
melate,3587,2022-05-15,193200000,8,15,23,26,35,52,16
melate,3588,2022-05-18,195400000,3,6,7,22,32,51,35
melate,3589,2022-05-20,198600000,25,35,43,45,48,50,52
melate,3590,2022-05-22,202400000,5,11,22,31,32,53,45
melate,3591,2022-05-25,204500000,13,18,32,33,40,46,26
melate,3592,2022-05-27,208100000,1,2,8,11,42,54,47
melate,3593,2022-05-29,211200000,1,18,22,35,36,56,17
melate,3594,2022-06-01,213300000,21,23,34,39,43,49,56
melate,3595,2022-06-03,216800000,10,17,29,33,40,46,32
melate,3596,2022-06-05,220300000,2,13,15,20,30,50,36
melate,3597,2022-06-08,222500000,18,21,29,41,55,56,48
melate,3598,2022-06-10,226200000,7,9,27,43,47,52,4
melate,3599,2022-06-12,229300000,11,29,45,47,53,54,23
melate,3600,2022-06-15,231500000,15,32,41,45,48,52,20
melate,3601,2022-06-17,235400000,5,17,22,27,37,52,42
melate,3602,2022-06-19,238500000,8,15,24,29,30,49,9
melate,3603,2022-06-22,240600000,8,11,25,35,36,51,37
melate,3604,2022-06-24,243900000,6,20,24,35,52,53,34
melate,3605,2022-06-26,247300000,6,9,13,21,29,45,7
melate,3606,2022-06-29,248900000,7,14,38,40,43,56,34
melate,3607,2022-07-01,252200000,9,27,35,43,50,52,41
melate,3608,2022-07-03,255700000,13,18,32,33,34,54,28
melate,3609,2022-07-06,258000000,1,3,12,30,31,38,16
melate,3610,2022-07-08,261600000,18,27,30,41,43,51,49
melate,3611,2022-07-10,265300000,19,29,36,42,44,52,45
melate,3612,2022-07-13,268000000,4,21,28,39,49,52,2
melate,3613,2022-07-15,271500000,5,8,13,15,24,47,48
melate,3614,2022-07-17,274500000,1,13,17,24,34,53,39
melate,3615,2022-07-20,276700000,15,20,23,44,51,52,6
melate,3616,2022-07-22,280300000,13,15,30,37,40,45,31
melate,3617,2022-07-24,283800000,2,3,26,49,50,52,29
melate,3618,2022-07-27,286300000,5,17,19,46,48,50,55
melate,3619,2022-07-29,289900000,1,3,11,28,41,49,53
melate,3620,2022-07-31,293300000,13,20,39,43,54,56,42
melate,3621,2022-08-03,296200000,1,8,9,16,22,44,38
melate,3622,2022-08-05,299200000,10,14,18,26,27,55,39
melate,3623,2022-08-07,302800000,4,12,13,20,45,54,43
melate,3624,2022-08-10,305200000,3,38,40,46,49,52,45
melate,3625,2022-08-12,309200000,4,15,27,28,32,34,5
melate,3626,2022-08-14,312600000,17,24,27,33,35,55,19
melate,3627,2022-08-17,314600000,27,31,33,39,48,54,24
melate,3628,2022-08-19,318600000,23,25,28,33,35,53,4
melate,3629,2022-08-21,322000000,1,8,19,26,32,56,17
melate,3630,2022-08-24,324300000,4,16,24,25,28,54,33
melate,3631,2022-08-26,327400000,8,14,15,36,45,49,6
melate,3632,2022-08-28,330900000,9,12,18,34,40,54,25
melate,3633,2022-08-31,331000000,21,25,27,32,33,41,42
melate,3634,2022-09-02,336500000,5,12,21,30,36,52,43
melate,3635,2022-09-04,340100000,5,8,21,24,30,47,34
melate,3636,2022-09-07,342500000,23,25,33,41,44,56,11
melate,3637,2022-09-09,346100000,3,7,13,18,20,23,49
melate,3638,2022-09-11,349100000,15,24,39,42,45,56,31
melate,3639,2022-09-14,351000000,4,18,20,24,33,55,46
melate,3640,2022-09-16,354700000,7,16,21,31,45,46,1
melate,3641,2022-09-18,358900000,4,12,18,23,38,41,16
melate,3642,2022-09-21,361000000,1,14,26,40,45,55,10
melate,3643,2022-09-23,365000000,11,22,24,26,47,48,8
melate,3644,2022-09-25,368800000,1,21,23,29,48,50,30
melate,3645,2022-09-28,371600000,3,18,33,38,48,49,45
melate,3646,2022-09-30,375300000,2,6,20,42,43,50,38
melate,3647,2022-10-02,379300000,1,16,18,36,44,51,31
melate,3648,2022-10-05,382200000,1,8,12,14,18,38,56
melate,3649,2022-10-07,386000000,6,36,37,40,45,49,39
melate,3650,2022-10-09,390100000,7,10,20,21,25,31,3
melate,3651,2022-10-12,392000000,14,35,39,43,44,46,48
melate,3652,2022-10-14,396200000,29,30,37,41,45,56,12
melate,3653,2022-10-16,400400000,9,25,30,33,36,50,16
melate,3654,2022-10-19,403100000,2,7,11,15,43,49,40
melate,3655,2022-10-21,406700000,10,12,17,20,48,53,9
melate,3656,2022-10-23,410800000,12,14,19,35,45,49,43
melate,3657,2022-10-26,413500000,6,35,44,48,52,54,55
melate,3658,2022-10-28,417900000,2,8,12,20,45,54,33
melate,3659,2022-10-30,421800000,5,23,29,42,46,52,24
melate,3660,2022-11-02,424700000,4,23,24,25,36,53,51
melate,3661,2022-11-04,428800000,14,31,32,36,48,50,20
melate,3662,2022-11-06,433500000,7,11,19,29,39,47,35
melate,3663,2022-11-09,436400000,5,13,30,42,49,50,38
melate,3664,2022-11-11,441000000,18,19,26,31,45,51,32
melate,3665,2022-11-13,445500000,2,35,37,42,44,49,23
melate,3666,2022-11-16,448700000,3,10,16,20,50,53,31
melate,3667,2022-11-18,453300000,3,5,22,23,37,53,10
melate,3668,2022-11-20,457600000,3,4,22,40,46,55,11
melate,3669,2022-11-23,460800000,15,16,21,26,43,50,2
melate,3670,2022-11-25,464900000,12,24,34,41,47,49,26
melate,3671,2022-11-27,469100000,21,22,35,38,40,53,16
melate,3672,2022-11-30,472300000,7,10,14,19,35,39,43
melate,3673,2022-12-02,476100000,3,4,19,32,36,56,28
melate,3674,2022-12-04,480600000,15,17,24,30,39,52,18
melate,3675,2022-12-07,484100000,11,15,33,46,48,52,18
melate,3676,2022-12-09,488700000,3,7,46,47,54,55,30
melate,3677,2022-12-11,493200000,6,16,19,38,48,51,25
melate,3678,2022-12-14,496500000,1,18,33,34,40,45,12
melate,3679,2022-12-16,501000000,5,9,18,29,32,56,27
melate,3680,2022-12-18,505400000,5,10,16,35,37,50,25
melate,3681,2022-12-21,30000000,4,10,24,27,41,55,38
melate,3682,2022-12-23,30100000,3,5,46,49,50,55,14
melate,3683,2022-12-25,30200000,6,14,26,41,43,52,5
melate,3684,2022-12-28,30300000,9,15,17,27,29,36,50
melate,3685,2022-12-30,30400000,8,14,17,25,27,38,18
melate,3686,2023-01-01,30500000,12,20,30,41,49,53,18
melate,3687,2023-01-04,30600000,10,11,18,29,37,40,45
melate,3688,2023-01-06,30700000,7,10,13,27,50,54,20
melate,3689,2023-01-08,30800000,18,19,24,28,33,47,16
melate,3690,2023-01-11,30900000,1,38,40,42,50,56,4
melate,3691,2023-01-13,34700000,10,20,25,46,52,56,33
melate,3692,2023-01-15,38700000,1,6,15,24,30,55,46
melate,3693,2023-01-18,41400000,1,17,18,27,49,53,25
melate,3694,2023-01-20,45000000,1,8,11,19,22,27,42
melate,3695,2023-01-22,48300000,1,3,18,19,50,56,52
melate,3696,2023-01-25,50700000,12,14,36,38,45,48,29
melate,3697,2023-01-27,54200000,2,15,19,36,42,43,13
melate,3698,2023-01-29,57700000,2,19,30,38,42,48,20
melate,3699,2023-02-01,60500000,2,11,15,32,37,44,55
melate,3700,2023-02-03,64100000,4,25,26,47,53,56,37
melate,3701,2023-02-05,68100000,7,10,28,32,40,51,50
melate,3702,2023-02-08,70700000,4,6,21,29,51,52,27
melate,3703,2023-02-10,74100000,8,12,22,26,34,55,30
melate,3704,2023-02-12,77500000,1,5,9,19,39,44,33
melate,3705,2023-02-15,79800000,6,13,15,19,55,56,40
melate,3706,2023-02-17,83200000,16,27,31,33,39,43,8
melate,3707,2023-02-19,86900000,2,8,12,24,29,41,33
melate,3708,2023-02-22,88900000,2,20,21,35,39,48,1
melate,3709,2023-02-24,92700000,2,4,22,24,39,55,41
melate,3710,2023-02-26,96100000,15,28,50,51,55,56,3
melate,3711,2023-03-01,30000000,7,14,38,41,46,54,31
melate,3712,2023-03-03,30100000,1,18,30,44,45,54,11
melate,3713,2023-03-05,30200000,1,11,12,29,36,51,3
melate,3714,2023-03-08,30300000,2,5,19,31,47,54,30
melate,3715,2023-03-10,30400000,21,27,29,35,38,46,2
melate,3716,2023-03-12,30500000,7,8,24,26,27,28,10
melate,3717,2023-03-15,30600000,1,8,24,26,35,50,17
melate,3718,2023-03-17,30700000,7,17,19,34,46,53,12
melate,3719,2023-03-19,30800000,2,7,12,28,52,54,53
melate,3720,2023-03-22,30900000,4,10,15,32,35,45,2
melate,3721,2023-03-24,31000000,9,38,44,52,54,55,48
melate,3722,2023-03-26,33900000,15,17,19,23,25,42,1
melate,3723,2023-03-29,30000000,14,18,32,48,50,54,1
melate,3724,2023-03-31,30100000,3,9,18,32,47,54,52
melate,3725,2023-04-02,30200000,1,19,32,39,40,41,3
melate,3726,2023-04-05,30300000,22,26,31,39,44,52,24
melate,3727,2023-04-07,30400000,1,10,26,30,39,42,35
melate,3728,2023-04-09,30500000,18,19,38,48,53,56,17
melate,3729,2023-04-12,30600000,8,10,14,17,27,41,36
melate,3730,2023-04-14,30700000,7,8,31,44,47,54,12
melate,3731,2023-04-16,30800000,5,12,27,29,44,53,49
melate,3732,2023-04-19,30900000,2,14,19,29,30,38,7
melate,3733,2023-04-21,31100000,2,35,46,47,51,53,49
melate,3734,2023-04-23,34700000,12,16,19,21,35,39,32
melate,3735,2023-04-26,36800000,8,11,15,24,35,55,5
melate,3736,2023-04-28,39400000,30,31,38,42,45,54,27
melate,3737,2023-04-30,42800000,4,29,40,47,51,52,7
melate,3738,2023-05-03,45400000,10,15,26,44,53,55,14
melate,3739,2023-05-05,48800000,5,6,9,27,32,40,47
melate,3740,2023-05-07,51900000,3,15,27,50,54,56,10
melate,3741,2023-05-10,54300000,8,17,19,22,36,39,41
melate,3742,2023-05-12,57400000,1,15,17,23,30,38,53
melate,3743,2023-05-14,60500000,8,18,19,37,43,48,42
melate,3744,2023-05-17,63000000,4,6,8,30,34,38,12
melate,3745,2023-05-19,66400000,12,32,44,45,47,56,50
melate,3746,2023-05-21,70000000,1,8,23,29,45,50,6
melate,3747,2023-05-24,72300000,4,16,17,18,29,33,22
melate,3748,2023-05-26,75100000,6,44,48,49,51,53,31
melate,3749,2023-05-28,78700000,3,4,33,37,40,44,6
melate,3750,2023-05-31,81000000,7,24,25,40,44,54,2
melate,3751,2023-06-02,84200000,8,29,36,48,53,56,40
melate,3752,2023-06-04,87900000,8,18,24,33,39,40,2
melate,3753,2023-06-07,90300000,6,10,13,36,39,43,42
melate,3754,2023-06-09,93700000,7,13,14,28,31,43,38
melate,3755,2023-06-11,96600000,6,14,21,24,35,41,33
melate,3756,2023-06-14,98800000,19,29,33,35,36,42,52
melate,3757,2023-06-16,102300000,1,2,8,22,25,37,39
melate,3758,2023-06-18,105300000,14,15,27,37,40,44,36
melate,3759,2023-06-21,107600000,12,18,19,30,33,49,43
melate,3760,2023-06-23,110900000,1,2,15,27,40,45,22
melate,3761,2023-06-25,114300000,10,11,13,24,34,49,6
melate,3762,2023-06-28,116500000,4,20,30,35,51,54,38
melate,3763,2023-06-30,120200000,8,22,27,39,52,53,49
melate,3764,2023-07-02,123800000,5,6,14,32,43,56,24
melate,3765,2023-07-05,126200000,1,19,24,26,28,42,30
melate,3766,2023-07-07,129900000,3,9,13,36,48,50,1
melate,3767,2023-07-09,133600000,7,18,31,34,36,49,43
melate,3768,2023-07-12,136200000,33,37,42,44,47,54,17
melate,3769,2023-07-14,139900000,5,6,22,28,41,49,32
melate,3770,2023-07-16,143400000,6,24,32,42,47,54,11
melate,3771,2023-07-19,146200000,6,26,30,36,49,51,50
melate,3772,2023-07-21,150200000,13,17,26,39,40,44,10
melate,3773,2023-07-23,153900000,1,5,7,17,37,50,40
melate,3774,2023-07-26,155800000,3,20,31,42,48,50,26
melate,3775,2023-07-28,159900000,3,14,42,45,54,56,39
melate,3776,2023-07-30,163600000,8,14,25,29,37,52,54
melate,3777,2023-08-02,166000000,3,11,12,14,54,56,13
melate,3778,2023-08-04,169500000,31,35,36,42,45,52,6
melate,3779,2023-08-06,173600000,7,26,28,36,38,54,41
melate,3780,2023-08-09,176200000,5,8,17,19,48,56,27
melate,3781,2023-08-11,179400000,10,26,36,41,45,56,47
melate,3782,2023-08-13,183400000,2,6,15,23,29,51,28
melate,3783,2023-08-16,185900000,13,23,28,29,30,36,31
melate,3784,2023-08-18,189600000,5,9,28,29,37,49,10
melate,3785,2023-08-20,193300000,9,14,15,17,20,50,10
melate,3786,2023-08-23,195700000,20,31,36,39,42,51,56
melate,3787,2023-08-25,200000000,3,5,10,14,16,17,52
melate,3788,2023-08-27,203200000,17,20,23,36,45,46,19
melate,3789,2023-08-30,205800000,5,6,16,18,35,39,51
melate,3790,2023-09-01,209500000,12,16,24,27,35,52,6
melate,3791,2023-09-03,213200000,13,25,31,42,50,54,40
melate,3792,2023-09-06,216300000,7,10,15,28,47,54,17
melate,3793,2023-09-08,219900000,25,27,36,39,43,46,12
melate,3794,2023-09-10,223700000,2,32,33,37,39,55,25
melate,3795,2023-09-13,226700000,9,10,11,26,44,54,36
melate,3796,2023-09-15,230100000,7,20,21,40,48,54,31
melate,3797,2023-09-17,234200000,5,28,30,37,50,56,44
melate,3798,2023-09-20,237400000,1,29,38,45,50,52,31
melate,3799,2023-09-22,241700000,3,17,18,19,40,49,26
melate,3800,2023-09-24,245300000,1,19,38,41,51,55,49
melate,3801,2023-09-27,248800000,23,28,38,42,44,47,50
melate,3802,2023-09-29,252800000,7,12,20,28,46,47,13
melate,3803,2023-10-01,256600000,5,8,16,29,36,56,46
melate,3804,2023-10-04,259400000,2,4,24,31,34,56,35
melate,3805,2023-10-06,263700000,16,19,23,26,40,47,14
melate,3806,2023-10-08,267800000,10,35,36,37,41,42,39
melate,3807,2023-10-11,271000000,1,3,28,29,40,53,24
melate,3808,2023-10-13,275100000,8,12,29,30,48,51,10
melate,3809,2023-10-15,279300000,6,7,27,43,52,53,35
melate,3810,2023-10-18,282300000,1,15,20,25,52,56,49
melate,3811,2023-10-20,286700000,2,7,31,42,44,49,19
melate,3812,2023-10-22,30000000,12,17,18,22,41,53,45
melate,3813,2023-10-25,30100000,1,13,28,34,43,49,14
melate,3814,2023-10-27,30200000,4,7,24,27,31,42,15
melate,3815,2023-10-29,30300000,7,13,18,34,40,50,46
melate,3816,2023-11-01,30400000,3,4,15,24,42,56,17
melate,3817,2023-11-03,30500000,20,21,33,35,39,50,28
melate,3818,2023-11-05,30600000,2,6,8,29,38,50,1
melate,3819,2023-11-08,30700000,9,11,20,30,36,55,10
melate,3820,2023-11-10,30800000,8,12,24,31,42,48,37
melate,3821,2023-11-12,33300000,15,16,17,25,36,52,37
melate,3822,2023-11-15,35900000,4,8,31,46,50,54,21
melate,3823,2023-11-17,40000000,10,19,21,33,40,48,13
melate,3824,2023-11-19,43900000,13,23,24,28,34,43,1
melate,3825,2023-11-22,46200000,35,36,39,41,45,47,52
melate,3826,2023-11-24,50200000,1,15,31,35,38,53,44
melate,3827,2023-11-26,54000000,9,24,44,47,49,54,2
melate,3828,2023-11-29,56900000,1,5,10,12,18,41,34
melate,3829,2023-12-01,60300000,1,4,5,31,51,53,29
melate,3830,2023-12-03,64300000,6,15,16,24,28,43,26
melate,3831,2023-12-06,67000000,10,18,19,23,43,53,27
melate,3832,2023-12-08,71000000,7,10,35,40,43,55,49
melate,3833,2023-12-10,74900000,2,27,31,42,43,44,4
melate,3834,2023-12-13,30000000,5,6,9,25,50,55,43
melate,3835,2023-12-15,30100000,8,18,20,21,23,48,40
melate,3836,2023-12-17,30200000,14,27,36,46,50,54,3
melate,3837,2023-12-20,30300000,18,22,28,32,41,44,51
melate,3838,2023-12-22,30400000,7,26,29,36,39,41,11
melate,3839,2023-12-24,30500000,5,29,32,38,48,54,47
melate,3840,2023-12-27,30600000,18,23,35,38,42,55,1
melate,3841,2023-12-29,30700000,18,21,25,28,36,41,22
melate,3842,2023-12-31,32700000,1,16,17,19,28,41,21
melate,3843,2024-01-03,36500000,3,6,18,27,29,52,44
melate,3844,2024-01-05,40100000,1,5,11,32,39,43,20
melate,3845,2024-01-07,43900000,4,19,23,25,26,28,14
melate,3846,2024-01-10,46600000,12,15,38,50,51,53,18
melate,3847,2024-01-12,51200000,5,16,25,27,39,44,22
melate,3848,2024-01-14,55000000,3,5,25,27,36,38,18
melate,3849,2024-01-17,57500000,7,13,16,18,23,32,34
melate,3850,2024-01-19,60600000,3,19,29,30,35,39,26
melate,3851,2024-01-21,64900000,5,9,29,33,50,52,44
melate,3852,2024-01-24,67700000,6,7,18,27,31,43,52
melate,3853,2024-01-26,71100000,30,31,41,43,49,50,17
melate,3854,2024-01-28,75700000,13,28,32,34,39,48,15
melate,3855,2024-01-31,78800000,4,7,10,11,21,46,39
melate,3856,2024-02-02,82300000,2,4,13,26,31,54,10
melate,3857,2024-02-04,86200000,1,12,15,16,28,55,38
melate,3858,2024-02-07,88700000,11,22,29,31,43,48,14
melate,3859,2024-02-09,92200000,2,3,12,15,37,52,34
melate,3860,2024-02-11,95700000,2,6,30,39,41,49,10
melate,3861,2024-02-14,99000000,10,15,21,29,30,44,40
melate,3862,2024-02-16,102700000,1,20,30,34,39,49,27
melate,3863,2024-02-18,106800000,9,24,29,34,43,46,38
melate,3864,2024-02-21,109700000,15,21,26,31,43,46,7
melate,3865,2024-02-23,113600000,1,9,14,16,24,55,47
melate,3866,2024-02-25,117200000,1,3,4,40,52,56,5
melate,3867,2024-02-28,120200000,2,14,26,34,47,51,22
melate,3868,2024-03-01,124200000,25,31,35,36,40,42,5
melate,3869,2024-03-03,128600000,4,16,20,24,39,43,48
melate,3870,2024-03-06,131600000,12,35,36,39,47,50,4
melate,3871,2024-03-08,136000000,12,14,22,32,36,51,33
melate,3872,2024-03-10,139800000,9,11,20,24,29,54,42
melate,3873,2024-03-13,142000000,1,5,7,20,28,55,56
melate,3874,2024-03-15,145400000,9,17,20,30,33,50,44
melate,3875,2024-03-17,149300000,2,24,34,39,40,50,44
melate,3876,2024-03-20,152700000,5,8,31,45,52,56,48
melate,3877,2024-03-22,156300000,17,19,22,29,40,48,7
melate,3878,2024-03-24,160300000,1,33,49,51,53,54,11
melate,3879,2024-03-27,163000000,4,6,8,19,25,51,1
melate,3880,2024-03-29,165300000,20,34,39,44,48,53,23
melate,3881,2024-03-31,169300000,14,16,18,33,35,42,8
melate,3882,2024-04-03,172900000,7,12,24,36,46,53,23
melate,3883,2024-04-05,176300000,9,21,34,49,51,56,17
melate,3884,2024-04-07,180300000,16,18,24,44,51,56,3
melate,3885,2024-04-10,183300000,8,9,30,33,37,48,28
melate,3886,2024-04-12,187200000,14,16,37,44,53,55,31
melate,3887,2024-04-14,191500000,1,12,18,38,41,47,28
melate,3888,2024-04-17,194700000,21,25,32,43,52,53,6
melate,3889,2024-04-19,198900000,2,11,19,23,33,48,1
melate,3890,2024-04-21,202500000,2,15,24,42,43,44,40
melate,3891,2024-04-24,205300000,5,22,24,29,51,54,12
melate,3892,2024-04-26,209300000,4,12,20,21,39,41,52
melate,3893,2024-04-28,213000000,4,12,32,42,46,53,16
melate,3894,2024-05-01,216300000,4,14,18,29,32,53,26
melate,3895,2024-05-03,220000000,1,11,13,45,47,53,38
melate,3896,2024-05-05,224000000,11,19,21,37,38,51,55
melate,3897,2024-05-08,227300000,3,9,13,18,19,44,35
melate,3898,2024-05-10,230500000,1,12,16,18,26,46,8
melate,3899,2024-05-12,234300000,2,8,10,28,41,42,22
melate,3900,2024-05-15,237000000,3,30,31,37,44,45,42
melate,3901,2024-05-17,241100000,6,29,30,41,46,52,24
melate,3902,2024-05-19,245500000,3,24,40,44,53,55,28
melate,3903,2024-05-22,248700000,6,20,25,26,32,35,51
melate,3904,2024-05-24,252500000,20,32,35,36,45,53,22
melate,3905,2024-05-26,256500000,4,11,16,19,22,54,36
melate,3906,2024-05-29,258900000,4,7,15,29,31,33,12
melate,3907,2024-05-31,261700000,9,14,33,42,43,53,41
melate,3908,2024-06-02,30000000,23,25,33,35,49,56,19
melate,3909,2024-06-05,30100000,1,3,22,41,45,55,11
melate,3910,2024-06-07,30200000,1,3,11,22,24,30,54
melate,3911,2024-06-09,30300000,3,6,29,42,43,49,27
melate,3912,2024-06-12,30400000,7,24,32,36,43,49,39
melate,3913,2024-06-14,30500000,6,13,27,30,50,55,20
melate,3914,2024-06-16,30600000,1,7,15,18,50,51,8
melate,3915,2024-06-19,30700000,1,6,36,39,41,45,3
melate,3916,2024-06-21,30800000,1,10,20,24,39,54,36
melate,3917,2024-06-23,30900000,3,4,27,31,33,34,52
melate,3918,2024-06-26,33000000,13,24,27,28,32,55,52
melate,3919,2024-06-28,36000000,13,21,32,36,37,56,4
melate,3920,2024-06-30,39100000,4,8,17,33,35,47,23
melate,3921,2024-07-03,41300000,11,36,39,41,53,54,16
melate,3922,2024-07-05,45500000,1,18,24,25,38,50,22
melate,3923,2024-07-07,48900000,6,12,14,28,38,53,56
melate,3924,2024-07-10,51500000,3,4,5,10,39,52,53
melate,3925,2024-07-12,54900000,10,18,31,44,45,49,33
melate,3926,2024-07-14,58500000,2,3,10,17,23,39,4
melate,3927,2024-07-17,60500000,6,7,11,21,22,30,12
melate,3928,2024-07-19,63300000,5,22,26,50,51,53,34
melate,3929,2024-07-21,66800000,15,18,21,40,42,51,46
melate,3930,2024-07-24,69700000,4,6,32,35,40,41,56
melate,3931,2024-07-26,73000000,4,10,21,25,26,41,44
melate,3932,2024-07-28,76500000,25,29,40,41,47,50,16
melate,3933,2024-07-31,79500000,19,25,36,41,45,47,17
melate,3934,2024-08-02,83300000,4,11,12,29,30,49,46
melate,3935,2024-08-04,86700000,6,11,14,25,33,44,45
melate,3936,2024-08-07,89000000,4,5,16,22,27,39,54
melate,3937,2024-08-09,92300000,7,9,16,25,53,54,33
melate,3938,2024-08-11,95500000,8,14,34,40,44,53,18
melate,3939,2024-08-14,98500000,1,3,4,12,30,41,16
melate,3940,2024-08-16,101700000,2,28,30,31,40,51,44
melate,3941,2024-08-18,105700000,2,14,16,25,32,40,46
melate,3942,2024-08-21,108500000,18,22,29,35,39,51,31
melate,3943,2024-08-23,112500000,1,23,25,32,36,44,3
melate,3944,2024-08-25,115700000,11,13,22,29,34,46,16
melate,3945,2024-08-28,118000000,12,20,24,44,50,56,21
melate,3946,2024-08-30,121700000,8,32,42,45,48,50,7
melate,3947,2024-09-01,125700000,4,14,15,30,31,56,23
melate,3948,2024-09-04,128700000,15,35,50,51,52,54,28
melate,3949,2024-09-06,133000000,6,15,16,22,39,56,9
melate,3950,2024-09-08,136700000,10,17,18,32,35,42,27
melate,3951,2024-09-11,139300000,2,6,9,36,51,56,54
melate,3952,2024-09-13,143000000,16,19,21,28,49,50,31
melate,3953,2024-09-15,146700000,14,24,40,43,45,52,26
melate,3954,2024-09-18,149700000,2,13,21,34,36,45,41
melate,3955,2024-09-20,153300000,6,21,30,50,51,53,12
melate,3956,2024-09-22,157000000,11,34,36,41,47,55,25
melate,3957,2024-09-25,160300000,9,11,20,22,29,52,43
melate,3958,2024-09-27,163900000,11,20,21,44,45,48,30
melate,3959,2024-09-29,167300000,3,9,10,12,18,55,7
melate,3960,2024-10-02,169000000,1,3,16,27,28,46,30
melate,3961,2024-10-04,172900000,11,26,32,37,42,53,39
melate,3962,2024-10-06,176900000,7,20,24,40,41,43,15
melate,3963,2024-10-09,179700000,22,23,28,32,37,55,27
melate,3964,2024-10-11,183700000,11,19,25,36,48,55,28
melate,3965,2024-10-13,187300000,5,8,16,21,30,48,32
melate,3966,2024-10-16,30000000,3,4,18,20,22,49,52
melate,3967,2024-10-18,30100000,12,28,29,40,41,54,35
melate,3968,2024-10-20,30200000,1,2,13,28,45,51,52
melate,3969,2024-10-23,30300000,1,2,8,24,31,47,52
melate,3970,2024-10-25,30400000,5,8,34,36,43,50,52
melate,3971,2024-10-27,30500000,2,15,17,27,31,47,20
melate,3972,2024-10-30,30600000,2,21,22,25,33,56,9
melate,3973,2024-11-01,30700000,3,5,17,24,37,56,23
melate,3974,2024-11-03,30800000,2,4,16,23,31,45,36
melate,3975,2024-11-06,30900000,10,15,20,24,28,55,22
melate,3976,2024-11-08,34300000,4,15,17,24,35,54,25
melate,3977,2024-11-10,37500000,4,16,36,44,51,54,10
melate,3978,2024-11-13,40500000,29,33,39,49,55,56,6
melate,3979,2024-11-15,44500000,5,9,16,29,49,56,27
melate,3980,2024-11-17,48300000,22,24,25,26,55,56,10
melate,3981,2024-11-20,51300000,1,13,21,23,27,55,53
melate,3982,2024-11-22,54300000,1,18,19,23,25,26,9
melate,3983,2024-11-24,57500000,8,9,28,38,42,48,14
melate,3984,2024-11-27,60300000,10,11,31,35,44,51,27
melate,3985,2024-11-29,64000000,8,11,15,19,46,50,37
melate,3986,2024-12-01,67900000,3,7,13,39,40,42,19
melate,3987,2024-12-04,70300000,6,9,10,30,44,56,2
melate,3988,2024-12-06,74300000,15,16,24,28,39,46,50
melate,3989,2024-12-08,78300000,7,8,15,34,42,48,18
melate,3990,2024-12-11,80900000,8,10,35,37,41,50,56
melate,3991,2024-12-13,85000000,5,13,17,19,20,35,4
melate,3992,2024-12-15,88700000,4,7,11,23,49,56,38
melate,3993,2024-12-18,91000000,24,32,35,40,42,46,34
melate,3994,2024-12-20,95700000,15,27,30,33,39,49,25
melate,3995,2024-12-22,99700000,7,24,36,39,40,48,11
melate,3996,2024-12-25,103000000,1,2,16,21,43,46,19
melate,3997,2024-12-27,106300000,12,23,29,31,47,48,26
melate,3998,2024-12-29,109700000,5,7,18,20,29,42,31
melate,3999,2025-01-01,112700000,5,15,19,20,44,46,35
melate,4000,2025-01-03,117300000,7,19,32,43,46,49,2
melate,4001,2025-01-05,121000000,1,4,21,31,34,38,26
melate,4002,2025-01-08,124500000,4,12,14,26,47,56,5
melate,4003,2025-01-10,129300000,3,19,30,35,36,55,16
melate,4004,2025-01-12,133000000,11,18,21,28,52,53,54
melate,4005,2025-01-15,136000000,15,21,23,24,28,49,51
melate,4006,2025-01-17,140000000,18,19,23,27,36,53,25
melate,4007,2025-01-19,144000000,14,16,19,23,48,54,38
melate,4008,2025-01-22,30000000,3,19,21,23,35,43,51
melate,4009,2025-01-24,30100000,1,5,9,15,17,39,24
melate,4010,2025-01-26,30200000,3,4,13,28,40,45,49
melate,4011,2025-01-29,30300000,9,17,18,21,44,47,11
melate,4012,2025-01-31,30400000,5,9,12,24,50,55,31
melate,4013,2025-02-02,30500000,9,24,26,35,43,45,46
melate,4014,2025-02-05,30600000,9,14,27,28,30,45,17
melate,4015,2025-02-07,30700000,3,9,28,41,48,52,35
melate,4016,2025-02-09,30900000,2,10,14,15,21,26,45
melate,4017,2025-02-12,33700000,3,10,25,35,47,52,49
melate,4018,2025-02-14,37300000,5,11,14,29,44,45,10
melate,4019,2025-02-16,40000000,37,40,45,49,51,55,18
melate,4020,2025-02-19,43000000,20,31,34,41,45,54,42
melate,4021,2025-02-21,47300000,12,13,14,15,31,46,43
melate,4022,2025-02-23,50700000,8,14,31,37,42,44,34
melate,4023,2025-02-26,53300000,5,21,23,40,46,56,43
melate,4024,2025-02-28,57000000,2,34,38,50,53,54,51
melate,4025,2025-03-02,61300000,8,9,23,24,29,47,38
melate,4026,2025-03-05,63900000,8,38,39,45,50,51,29
melate,4027,2025-03-07,68300000,16,18,30,38,41,47,29
melate,4028,2025-03-09,72300000,6,21,30,39,43,51,17
melate,4029,2025-03-12,75300000,1,11,15,25,44,45,6
melate,4030,2025-03-14,78700000,1,6,13,21,27,47,49
melate,4031,2025-03-16,81700000,8,12,23,30,44,45,36
melate,4032,2025-03-19,84000000,13,20,38,41,45,54,14
melate,4033,2025-03-21,88000000,2,6,10,28,32,44,23
melate,4034,2025-03-23,91700000,13,28,29,35,50,51,34
melate,4035,2025-03-26,94700000,18,29,34,39,41,55,43
melate,4036,2025-03-28,98900000,1,4,19,23,34,36,37
melate,4037,2025-03-30,102500000,9,17,21,25,35,42,27
melate,4038,2025-04-02,105000000,26,28,31,50,55,56,37
melate,4039,2025-04-04,109300000,2,30,39,43,54,56,12
melate,4040,2025-04-06,113500000,2,20,25,34,49,56,13
melate,4041,2025-04-09,116900000,20,28,30,36,53,56,26
melate,4042,2025-04-11,121000000,5,9,15,38,41,53,7
melate,4043,2025-04-13,124700000,15,32,36,38,43,51,22
melate,4044,2025-04-16,127300000,4,7,12,29,33,42,41
melate,4045,2025-04-18,130300000,6,23,24,34,40,53,25
melate,4046,2025-04-20,134000000,1,8,30,42,44,46,20
melate,4047,2025-04-23,136900000,11,27,28,40,42,52,51
melate,4048,2025-04-25,140500000,5,7,13,19,29,31,50
melate,4049,2025-04-27,143500000,12,16,40,42,45,51,19
melate,4050,2025-04-30,146700000,1,6,10,35,45,53,22
melate,4051,2025-05-02,150700000,4,8,25,26,32,55,34
melate,4052,2025-05-04,154400000,3,4,12,14,18,49,39
melate,4053,2025-05-07,157000000,4,33,35,39,49,52,21
melate,4054,2025-05-09,161300000,3,12,21,23,27,52,34
melate,4055,2025-05-11,164700000,4,12,14,38,41,44,40
melate,4056,2025-05-14,167700000,5,9,10,31,32,39,47
melate,4057,2025-05-16,171500000,3,25,33,36,49,53,27
melate,4058,2025-05-18,175400000,2,26,29,35,36,45,4
melate,4059,2025-05-21,178800000,3,4,8,11,29,47,14
melate,4060,2025-05-23,182000000,11,18,19,22,24,53,51
melate,4061,2025-05-25,185500000,5,12,18,20,32,38,13
melate,4062,2025-05-28,188200000,9,25,27,29,51,56,44
melate,4063,2025-05-30,192100000,11,18,24,25,27,52,26
melate,4064,2025-06-01,195900000,6,7,11,13,23,26,17
melate,4065,2025-06-04,197800000,30,39,40,45,50,54,5
melate,4066,2025-06-06,202900000,12,14,24,46,54,55,4
melate,4067,2025-06-08,207000000,2,8,32,38,49,50,30
melate,4068,2025-06-11,210400000,3,16,29,35,43,45,47
melate,4069,2025-06-13,214300000,3,8,21,32,33,52,36
melate,4070,2025-06-15,218000000,20,25,42,43,44,55,14
melate,4071,2025-06-18,221400000,6,11,19,29,33,38,42
melate,4072,2025-06-20,224800000,13,14,17,25,44,47,22
melate,4073,2025-06-22,228300000,5,19,21,34,42,53,3
melate,4074,2025-06-25,30000000,9,18,26,44,47,51,3
melate,4075,2025-06-27,30100000,8,12,15,18,20,34,44
melate,4076,2025-06-29,30200000,13,15,20,41,44,45,49
melate,4077,2025-07-02,30300000,14,19,24,35,54,55,29
melate,4078,2025-07-04,30400000,13,28,43,50,55,56,49
melate,4079,2025-07-06,30500000,4,19,37,39,44,48,36
melate,4080,2025-07-09,30600000,5,11,24,25,37,44,12
melate,4081,2025-07-11,30700000,4,11,22,28,33,50,24
melate,4082,2025-07-13,30000000,1,17,19,34,48,50,14
melate,4083,2025-07-16,30100000,14,21,38,46,47,49,41
melate,4084,2025-07-18,30200000,3,17,28,44,50,51,32
melate,4085,2025-07-20,30300000,8,14,16,22,37,40,12
melate,4086,2025-07-23,30400000,10,24,29,39,52,54,36
melate,4087,2025-07-25,30500000,10,28,31,38,40,49,43
melate,4088,2025-07-27,30600000,20,21,28,43,44,49,40
melate,4089,2025-07-30,30700000,2,17,22,33,35,47,38
melate,4090,2025-08-01,30800000,1,3,12,16,35,53,40
melate,4091,2025-08-03,33500000,7,15,18,20,50,52,26
melate,4092,2025-08-06,35900000,6,17,23,26,29,38,3
melate,4093,2025-08-08,39000000,5,6,16,40,41,55,33
melate,4094,2025-08-10,42900000,3,9,13,15,25,47,18
melate,4095,2025-08-13,44900000,15,18,32,47,49,51,29
melate,4096,2025-08-15,48700000,2,18,32,44,48,55,3
melate,4097,2025-08-17,52300000,7,28,39,40,41,54,29
melate,4098,2025-08-20,55400000,10,22,30,42,48,54,35
melate,4099,2025-08-22,59600000,11,40,45,53,54,55,28
melate,4100,2025-08-24,63500000,6,12,21,36,47,52,11
melate,4101,2025-08-27,65900000,2,15,18,42,47,49,7
melate,4102,2025-08-29,69500000,3,14,20,22,24,45,52
melate,4103,2025-08-31,72700000,2,3,26,34,48,55,39
melate,4104,2025-09-03,75900000,9,11,17,31,52,56,18
melate,4105,2025-09-05,79600000,19,27,33,41,42,50,56
melate,4106,2025-09-07,82700000,1,17,28,40,48,54,14
melate,4107,2025-09-10,86100000,8,17,20,26,28,33,3
melate,4108,2025-09-12,89300000,10,23,26,29,36,49,24
melate,4109,2025-09-14,93000000,3,7,12,24,42,55,19
melate,4110,2025-09-17,94900000,3,12,15,29,36,50,27
melate,4111,2025-09-19,98000000,2,5,13,24,25,34,29
melate,4112,2025-09-21,101000000,4,5,13,41,46,50,24
melate,4113,2025-09-24,104000000,31,33,43,50,53,55,56
melate,4114,2025-09-26,108600000,23,31,32,35,47,50,13
melate,4115,2025-09-28,112500000,6,10,35,43,44,47,56
melate,4116,2025-10-01,115600000,9,14,19,23,34,54,32
melate,4117,2025-10-03,119200000,15,21,25,30,32,35,20
melate,4118,2025-10-05,123000000,1,7,12,26,27,48,29
melate,4119,2025-10-08,125500000,18,39,41,45,46,50,25
melate,4120,2025-10-10,129600000,15,36,40,43,44,47,48
melate,4121,2025-10-12,133400000,6,21,30,41,47,48,29
melate,4122,2025-10-15,136400000,10,29,30,33,45,47,24
melate,4123,2025-10-17,140600000,3,9,17,34,41,48,2
melate,4124,2025-10-19,144300000,2,13,20,23,39,44,25
melate,4125,2025-10-22,147500000,1,5,7,8,32,40,36
melate,4126,2025-10-24,151100000,17,30,31,33,36,44,50
melate,4127,2025-10-26,154900000,14,25,26,28,38,54,13
melate,4128,2025-10-29,157600000,6,11,12,18,30,44,43
melate,4129,2025-10-31,160900000,4,9,13,27,29,44,32
melate,4130,2025-11-02,164200000,6,21,30,36,48,52,11
melate,4131,2025-11-05,167500000,1,19,24,25,31,38,9
melate,4132,2025-11-07,171600000,24,31,35,40,45,51,12
melate,4133,2025-11-09,176500000,3,16,23,30,38,53,49
melate,4134,2025-11-12,179600000,17,21,22,40,46,49,2
melate,4135,2025-11-14,183900000,1,11,25,31,54,55,2
melate,4136,2025-11-16,188000000,13,14,23,25,36,55,8
melate,4137,2025-11-19,191000000,6,12,30,42,45,53,13
melate,4138,2025-11-21,195100000,5,8,29,42,47,56,12
melate,4139,2025-11-23,199200000,7,22,24,32,38,41,56
melate,4140,2025-11-26,202300000,16,21,28,34,42,53,40
melate,4141,2025-11-28,206600000,6,9,13,22,34,53,44
melate,4142,2025-11-30,210500000,16,32,40,46,49,52,1
melate,4143,2025-12-03,214900000,1,6,29,41,42,43,56
melate,4144,2025-12-05,219700000,1,4,28,44,52,55,5
melate,4145,2025-12-07,224200000,3,12,13,18,22,28,38
melate,4146,2025-12-10,226600000,4,22,29,38,44,50,9
melate,4147,2025-12-12,231100000,4,9,24,39,44,48,1
melate,4148,2025-12-14,235700000,4,7,17,18,33,43,45
melate,4149,2025-12-17,238600000,2,4,11,19,43,50,47
melate,4150,2025-12-19,243200000,3,24,28,36,47,53,37
melate,4151,2025-12-21,247000000,1,4,27,32,39,48,11
melate,4152,2025-12-24,250700000,2,22,29,31,39,47,44
melate,4153,2025-12-26,256900000,2,22,35,49,52,56,4
melate,4154,2025-12-28,262200000,12,29,32,43,48,50,1
melate,4155,2025-12-31,266500000,5,16,33,38,43,53,10
melate,4156,2026-01-02,272300000,11,25,33,39,45,50,9
melate,4157,2026-01-04,30000000,13,22,31,32,42,53,48
melate,4158,2026-01-07,30100000,1,26,30,35,45,54,28
melate,4159,2026-01-09,30000000,2,20,21,39,41,51,55
melate,4160,2026-01-11,30100000,12,18,32,40,43,55,54
melate,4161,2026-01-14,30200000,1,14,19,24,31,54,28
melate,4162,2026-01-16,30300000,11,22,30,36,38,40,51
melate,4163,2026-01-18,30400000,6,32,33,41,50,51,55
melate,4164,2026-01-21,30500000,2,7,13,32,36,56,11
melate,4165,2026-01-23,30600000,19,21,25,32,33,55,45
melate,4166,2026-01-25,33000000,4,8,15,29,35,41,11
melate,4167,2026-01-28,36100000,4,6,14,22,32,56,25
melate,4168,2026-01-30,40100000,13,14,39,41,42,51,10
melate,4169,2026-02-01,44500000,4,18,26,40,45,54,24
melate,4170,2026-02-04,47900000,25,26,32,37,49,54,13
melate,4171,2026-02-06,52300000,8,10,31,35,43,45,32
melate,4172,2026-02-08,56800000,3,11,15,24,41,48,20
melate,4173,2026-02-11,60000000,1,4,14,38,41,44,49
melate,4174,2026-02-13,64300000,13,17,22,25,27,32,1
melate,4175,2026-02-15,68000000,2,3,5,9,33,53,43
melate,4176,2026-02-18,70800000,21,43,47,48,54,56,3
melate,4177,2026-02-20,75700000,2,9,22,30,47,50,14
melate,4178,2026-02-22,79900000,5,23,24,26,47,50,51
melate,4179,2026-02-25,82800000,8,16,33,41,48,49,1
melate,4180,2026-02-27,86900000,13,23,30,33,42,44,38
melate,4181,2026-03-01,91000000,11,17,19,31,41,55,22
melate,4182,2026-03-04,95000000,2,6,15,21,22,32,40
melate,4183,2026-03-06,98800000,6,14,24,29,43,52,22
melate,4184,2026-03-08,102700000,22,25,31,38,41,43,56
melate,4185,2026-03-11,106000000,9,22,26,36,42,50,48
melate,4186,2026-03-13,110200000,11,13,30,40,48,49,24
melate,4187,2026-03-15,114400000,14,15,24,29,37,48,42
melate,4188,2026-03-18,117700000,25,38,48,49,52,56,5
melate,4189,2026-03-20,122300000,1,5,28,29,45,52,54
melate,4190,2026-03-22,126200000,7,20,23,27,37,39,55
melate,4191,2026-03-25,129000000,5,9,15,28,36,56,3
melate,4192,2026-03-27,132600000,8,24,29,33,41,50,23
melate,4193,2026-03-29,136600000,5,6,9,27,44,49,50
melate,4194,2026-04-01,138800000,4,15,19,25,29,33,53
melate,4195,2026-04-03,142400000,10,11,20,37,46,50,40
melate,4196,2026-04-05,146900000,5,6,14,26,42,44,11
melate,4197,2026-04-08,149600000,9,25,38,40,51,52,39
melate,4198,2026-04-10,30000000,5,8,25,27,30,38,52
melate,4199,2026-04-12,30100000,9,14,40,41,47,51,6
melate,4200,2026-04-15,30200000,16,17,34,35,46,53,56
melate,4201,2026-04-17,30300000,3,8,24,29,36,48,32
melate,4202,2026-04-19,30400000,5,13,36,38,39,48,50
melate,4203,2026-04-22,30500000,5,6,17,27,36,40,37
melate,4204,2026-04-24,30600000,4,7,15,17,19,22,26
melate,4205,2026-04-26,30700000,8,14,19,26,27,32,53
melate,4206,2026-04-29,30800000,12,14,30,44,48,56,11
melate,4207,2026-05-01,33200000,19,25,35,37,41,45,40
melate,4208,2026-05-03,37000000,13,19,22,32,52,54,24
melate,4209,2026-05-06,40000000,7,19,25,26,47,49,24
melate,4210,2026-05-08,43600000,2,4,13,14,20,53,56
melate,4211,2026-05-10,47300000,10,28,30,38,54,55,35
melate,4212,2026-05-13,30000000,13,19,24,32,37,45,39
melate,4213,2026-05-15,30100000,3,7,18,35,36,52,46
melate,4214,2026-05-17,30200000,4,15,21,28,50,54,39
melate,4215,2026-05-20,30300000,8,33,44,50,52,54,31
melate,4216,2026-05-22,30400000,13,14,20,50,52,56,44
melate,4217,2026-05-24,30500000,30,33,44,45,46,48,16
melate,4218,2026-05-27,30000000,7,13,15,22,25,49,50
melate,4219,2026-05-29,30100000,10,15,30,35,39,49,44
melate,4220,2026-05-31,30200000,10,14,17,29,49,51,8
melate,4221,2026-06-03,30300000,8,12,20,27,31,36,2
melate,4222,2026-06-05,30400000,2,3,12,16,20,42,36
melate,4223,2026-06-07,30500000,10,29,37,43,47,51,1
melate,4224,2026-06-10,30600000,17,22,42,45,54,55,2
melate,4225,2026-06-12,30700000,17,23,26,27,32,39,41
melate,4226,2026-06-14,32200000,19,23,34,41,48,55,2
melate,4227,2026-06-17,35000000,2,6,8,12,29,34,13
melate,4228,2026-06-19,37900000,5,12,25,37,39,43,33
melate,4229,2026-06-21,41300000,10,12,23,28,43,56,31
melate,4230,2026-06-24,43800000,8,17,21,37,43,54,35
melate,4231,2026-06-26,47100000,6,8,9,16,23,50,24
melate,4232,2026-06-28,30000000,3,15,28,30,32,54,19
melate,4233,2026-07-01,30000000,2,4,8,13,14,22,37
melate,4234,2026-07-03,30100000,11,12,15,19,36,44,52
melate,4235,2026-07-05,30200000,13,19,22,37,46,48,28
melate,4236,2026-07-08,30300000,22,34,38,43,44,45,56
melate,4237,2026-07-10,30400000,1,2,20,35,48,56,4
melate,4238,2026-07-12,30500000,7,11,15,20,24,40,54
melate,4239,2026-07-15,30600000,14,23,31,50,51,52,33
melate,4240,2026-07-17,30700000,2,23,39,41,49,55,14
melate,4241,2026-07-19,30800000,9,16,35,45,50,51,34
melate,4242,2026-07-22,33200000,1,3,7,8,37,50,6
melate,4243,2026-07-24,36200000,26,33,38,45,47,56,46
melate,4244,2026-07-26,39800000,5,11,33,37,45,54,13
melate,4245,2026-07-29,42400000,1,17,20,22,33,35,51
melate,4246,2026-07-31,46000000,6,14,21,32,40,49,45
revancha,1009,1997-08-06,2000000,2,12,25,29,33,42,
revancha,1010,1997-08-10,2000000,4,12,15,19,20,34,
revancha,1011,1997-08-13,3000000,4,10,15,18,26,39,
revancha,1012,1997-08-17,2000000,1,13,28,29,36,42,
revancha,1013,1997-08-20,3000000,8,11,14,19,21,34,
revancha,1014,1997-08-24,4000000,5,10,16,20,31,33,
revancha,1015,1997-08-27,6000000,15,17,22,30,31,42,
revancha,1016,1997-08-31,8000000,1,5,26,31,34,43,
revancha,1017,1997-09-03,8000000,16,27,31,35,38,40,
revancha,1018,1997-09-07,12000000,13,22,23,24,27,38,
revancha,1019,1997-09-10,13000000,3,5,19,25,28,36,
revancha,1020,1997-09-14,14000000,1,5,9,12,35,39,
revancha,1021,1997-09-17,2000000,7,15,33,34,35,39,
revancha,1022,1997-09-21,3000000,1,14,18,33,35,40,
revancha,1023,1997-09-24,4000000,8,17,20,21,28,44,
revancha,1024,1997-09-28,5000000,3,11,17,21,37,44,
revancha,1025,1997-10-01,6000000,3,4,8,12,15,31,
revancha,1026,1997-10-05,7000000,4,11,12,13,17,34,
revancha,1027,1997-10-08,2000000,1,12,14,28,39,43,
revancha,1028,1997-10-12,2000000,7,12,14,16,19,26,
revancha,1029,1997-10-15,2000000,16,19,24,26,27,36,
revancha,1030,1997-10-19,3000000,15,19,29,32,42,44,
revancha,1031,1997-10-22,5000000,10,11,12,21,27,29,
revancha,1032,1997-10-26,6000000,2,8,11,18,20,27,
revancha,1033,1997-10-29,2000000,1,7,33,38,42,43,
revancha,1034,1997-11-02,3000000,11,22,25,26,31,38,
revancha,1035,1997-11-05,4000000,5,11,22,31,34,43,
revancha,1036,1997-11-09,6000000,8,9,17,24,40,42,
revancha,1037,1997-11-12,7000000,7,26,27,30,33,44,
revancha,1038,1997-11-16,8000000,1,12,14,32,34,37,
revancha,1039,1997-11-19,9000000,1,9,23,26,29,36,
revancha,1040,1997-11-23,10000000,2,24,28,29,31,34,
revancha,1041,1997-11-26,12000000,11,20,22,29,39,42,
revancha,1042,1997-11-30,12000000,7,16,18,21,29,36,
revancha,1043,1997-12-03,13000000,3,5,8,9,32,39,
revancha,1044,1997-12-07,14000000,17,23,30,32,40,41,
revancha,1045,1997-12-10,15000000,7,17,26,28,36,43,
revancha,1046,1997-12-14,16000000,13,14,19,25,26,40,
revancha,1047,1997-12-17,17000000,3,17,19,21,30,34,
revancha,1048,1997-12-21,18000000,12,21,22,28,29,43,
revancha,1049,1997-12-24,19000000,13,16,17,18,21,24,
revancha,1050,1997-12-28,20000000,1,6,13,18,22,39,
revancha,1051,1997-12-31,21000000,3,6,9,11,13,28,
revancha,1052,1998-01-04,2000000,9,18,21,29,39,43,
revancha,1053,1998-01-07,4000000,3,6,8,21,22,28,
revancha,1054,1998-01-11,5000000,8,11,26,32,41,44,
revancha,1055,1998-01-14,5000000,2,9,12,14,23,36,
revancha,1056,1998-01-18,6000000,13,14,26,38,43,44,
revancha,1057,1998-01-21,7000000,3,7,13,20,37,38,
revancha,1058,1998-01-25,8000000,5,12,15,18,24,37,
revancha,1059,1998-01-28,9000000,2,8,11,26,43,44,
revancha,1060,1998-02-01,10000000,1,14,37,38,40,42,
revancha,1061,1998-02-04,11000000,7,14,19,20,27,39,
revancha,1062,1998-02-08,12000000,3,18,22,40,42,43,
revancha,1063,1998-02-11,13000000,1,2,6,19,29,43,
revancha,1064,1998-02-15,14000000,7,9,11,17,32,44,
revancha,1065,1998-02-18,15000000,7,12,30,34,36,43,
revancha,1066,1998-02-22,16000000,2,3,6,17,40,41,
revancha,1067,1998-02-25,17000000,12,18,20,21,29,41,
revancha,1068,1998-03-01,18000000,12,13,14,31,34,41,
revancha,1069,1998-03-04,19000000,1,15,19,29,39,40,
revancha,1070,1998-03-08,2000000,6,10,15,20,26,28,
revancha,1071,1998-03-11,3000000,2,3,12,16,21,25,
revancha,1072,1998-03-15,4000000,12,15,25,30,36,38,
revancha,1073,1998-03-18,5000000,5,27,31,38,42,44,
revancha,1074,1998-03-22,6000000,8,16,20,30,35,40,
revancha,1075,1998-03-25,7000000,3,4,9,12,30,40,
revancha,1076,1998-03-29,8000000,2,9,10,17,33,39,
revancha,1077,1998-04-01,9000000,13,21,23,25,32,37,
revancha,1078,1998-04-05,10000000,2,18,24,33,38,42,
revancha,1079,1998-04-08,11000000,18,23,28,36,37,40,
revancha,1080,1998-04-12,12000000,15,17,22,27,29,39,
revancha,1081,1998-04-15,13000000,5,6,7,22,33,38,
revancha,1082,1998-04-19,14000000,5,11,21,26,27,31,
revancha,1083,1998-04-22,15000000,12,17,19,22,30,44,
revancha,1084,1998-04-26,16000000,9,11,16,17,18,43,
revancha,1085,1998-04-29,17000000,8,10,18,20,23,36,
revancha,1086,1998-05-03,3000000,4,30,31,32,36,42,
revancha,1087,1998-05-06,3000000,14,16,21,23,31,43,
revancha,1088,1998-05-10,4000000,6,20,21,25,28,41,
revancha,1089,1998-05-13,5000000,4,7,15,23,28,32,
revancha,1090,1998-05-17,6000000,6,19,32,33,36,37,
revancha,1091,1998-05-20,7000000,11,21,34,39,42,44,
revancha,1092,1998-05-24,8000000,5,9,22,30,35,37,
revancha,1093,1998-05-27,9000000,2,5,10,17,22,26,
revancha,1094,1998-05-31,2000000,1,7,12,14,29,37,
revancha,1095,1998-06-03,3000000,9,22,23,25,32,44,
revancha,1096,1998-06-07,4000000,1,13,20,30,36,42,
revancha,1097,1998-06-10,5000000,5,11,18,30,32,35,
revancha,1098,1998-06-14,6000000,3,11,22,23,34,41,
revancha,1099,1998-06-17,7000000,2,10,18,27,34,36,
revancha,1100,1998-06-21,8000000,3,15,18,23,33,38,
revancha,1101,1998-06-24,9000000,5,6,21,23,40,44,
revancha,1102,1998-06-28,10000000,7,12,38,39,41,42,
revancha,1103,1998-07-01,11000000,1,22,25,33,36,37,
revancha,1104,1998-07-05,12000000,13,18,21,27,38,43,
revancha,1105,1998-07-08,13000000,10,28,38,41,42,43,
revancha,1106,1998-07-12,14000000,1,7,8,14,20,26,
revancha,1107,1998-07-15,15000000,2,4,8,27,32,33,
revancha,1108,1998-07-19,16000000,8,12,23,24,29,39,
revancha,1109,1998-07-22,17000000,2,6,22,29,32,40,
revancha,1110,1998-07-26,18000000,6,16,17,26,28,34,
revancha,1111,1998-07-29,19000000,4,15,24,29,30,39,
revancha,1112,1998-08-02,20000000,8,12,23,24,40,42,
revancha,1113,1998-08-05,21000000,9,17,29,35,38,40,
revancha,1114,1998-08-09,22000000,1,28,30,40,41,43,
revancha,1115,1998-08-12,23000000,10,15,23,25,31,40,
revancha,1116,1998-08-16,24000000,6,9,20,28,36,43,
revancha,1117,1998-08-19,25000000,1,3,5,7,33,38,
revancha,1118,1998-08-23,27000000,3,21,26,33,38,41,
revancha,1119,1998-08-26,2000000,5,16,24,28,35,41,
revancha,1120,1998-08-30,3000000,13,22,26,35,37,42,
revancha,1121,1998-09-02,4000000,10,28,34,35,36,41,
revancha,1122,1998-09-06,5000000,8,9,22,26,34,37,
revancha,1123,1998-09-09,6000000,3,4,10,19,28,41,
revancha,1124,1998-09-13,7000000,2,9,13,37,41,43,
revancha,1125,1998-09-16,8000000,11,18,22,27,30,44,
revancha,1126,1998-09-20,9000000,1,6,24,26,33,37,
revancha,1127,1998-09-23,10000000,1,2,7,23,25,35,
revancha,1128,1998-09-27,11000000,5,8,17,18,35,44,
revancha,1129,1998-09-30,12000000,9,16,19,24,26,43,
revancha,1130,1998-10-04,13000000,1,9,10,18,25,33,
revancha,1131,1998-10-07,14000000,4,22,26,29,41,44,
revancha,1132,1998-10-11,15000000,2,19,23,35,36,40,
revancha,1133,1998-10-14,16000000,4,8,12,13,39,43,
revancha,1134,1998-10-18,17000000,6,12,16,20,41,43,
revancha,1135,1998-10-21,18000000,16,20,26,30,31,36,
revancha,1136,1998-10-25,19000000,3,11,12,22,23,34,
revancha,1137,1998-10-28,20000000,2,14,27,40,43,44,
revancha,1138,1998-11-01,21000000,11,13,23,25,33,38,
revancha,1139,1998-11-04,22000000,4,11,29,30,37,41,
revancha,1140,1998-11-08,23000000,19,23,26,28,36,39,
revancha,1141,1998-11-11,24000000,2,8,15,16,19,33,
revancha,1142,1998-11-15,2000000,17,24,26,29,38,41,
revancha,1143,1998-11-18,3000000,17,27,29,33,37,38,
revancha,1144,1998-11-22,4000000,5,10,19,21,36,38,
revancha,1145,1998-11-25,5000000,9,15,18,19,23,44,
revancha,1146,1998-11-29,6000000,1,16,21,31,33,40,
revancha,1147,1998-12-02,2000000,1,19,29,33,36,40,
revancha,1148,1998-12-06,3000000,13,17,21,22,30,37,
revancha,1149,1998-12-09,4000000,1,10,25,32,36,39,
revancha,1150,1998-12-13,2000000,1,9,14,17,21,33,
revancha,1151,1998-12-16,3000000,4,6,10,13,31,32,
revancha,1152,1998-12-20,4000000,13,16,25,28,31,42,
revancha,1153,1998-12-23,5000000,8,12,14,18,41,44,
revancha,1154,1998-12-27,6000000,1,2,6,10,19,23,
revancha,1155,1998-12-30,7000000,10,18,27,28,40,42,
revancha,1156,1999-01-03,8000000,19,21,24,30,34,41,
revancha,1157,1999-01-06,9000000,8,14,29,33,38,43,
revancha,1158,1999-01-10,10000000,3,17,20,25,35,37,
revancha,1159,1999-01-13,11000000,11,16,32,38,39,44,
revancha,1160,1999-01-17,2000000,13,30,34,39,41,44,
revancha,1161,1999-01-20,3000000,3,10,29,35,41,42,
revancha,1162,1999-01-24,4000000,6,11,15,17,22,42,
revancha,1163,1999-01-27,5000000,1,15,17,24,33,36,
revancha,1164,1999-01-31,6000000,19,21,26,30,43,44,
revancha,1165,1999-02-03,7000000,8,9,12,13,22,24,
revancha,1166,1999-02-07,8000000,1,16,28,31,36,43,
revancha,1167,1999-02-10,9000000,3,12,13,18,25,41,
revancha,1168,1999-02-14,10000000,6,9,10,13,22,35,
revancha,1169,1999-02-17,11000000,6,11,17,18,30,43,
revancha,1170,1999-02-21,12000000,2,3,17,18,27,29,
revancha,1171,1999-02-24,13000000,10,11,18,21,27,32,
revancha,1172,1999-02-28,14000000,3,6,7,8,17,43,
revancha,1173,1999-03-03,15000000,2,5,18,26,30,31,
revancha,1174,1999-03-07,16000000,6,8,18,24,32,39,
revancha,1175,1999-03-10,17000000,7,33,35,40,42,44,
revancha,1176,1999-03-14,18000000,3,19,37,39,40,43,
revancha,1177,1999-03-17,19000000,6,12,18,20,25,32,
revancha,1178,1999-03-21,20000000,10,15,21,25,29,39,
revancha,1179,1999-03-24,21000000,21,23,25,29,33,44,
revancha,1180,1999-03-28,22000000,5,7,12,13,32,43,
revancha,1181,1999-03-31,23000000,3,18,23,31,34,38,
revancha,1182,1999-04-04,24000000,6,25,28,30,35,42,
revancha,1183,1999-04-07,25000000,17,21,25,28,31,34,
revancha,1184,1999-04-11,26000000,4,8,27,31,32,35,
revancha,1185,1999-04-14,27000000,12,19,20,24,30,34,
revancha,1186,1999-04-18,28000000,2,10,15,30,42,44,
revancha,1187,1999-04-21,30000000,3,18,21,29,37,39,
revancha,1188,1999-04-25,2000000,6,11,14,21,23,27,
revancha,1189,1999-04-28,2000000,13,24,30,34,36,41,
revancha,1190,1999-05-02,3000000,5,14,15,23,31,44,
revancha,1191,1999-05-05,4000000,5,7,16,31,32,36,
revancha,1192,1999-05-09,5000000,7,10,17,21,37,43,
revancha,1193,1999-05-12,6000000,1,5,6,15,35,42,
revancha,1194,1999-05-16,7000000,5,9,17,18,29,42,
revancha,1195,1999-05-19,8000000,5,25,30,34,39,44,
revancha,1196,1999-05-23,9000000,3,6,23,28,30,42,
revancha,1197,1999-05-26,10000000,5,14,15,25,26,34,
revancha,1198,1999-05-30,11000000,3,14,17,24,30,41,
revancha,1199,1999-06-02,12000000,2,5,12,26,28,39,
revancha,1200,1999-06-06,2000000,4,25,27,34,36,41,
revancha,1201,1999-06-09,3000000,3,18,21,23,29,41,
revancha,1202,1999-06-13,4000000,2,13,26,37,38,42,
revancha,1203,1999-06-16,5000000,11,12,14,26,34,38,
revancha,1204,1999-06-20,6000000,13,17,30,31,34,41,
revancha,1205,1999-06-23,7000000,16,18,28,30,31,39,
revancha,1206,1999-06-27,8000000,1,12,13,19,25,32,
revancha,1207,1999-06-30,9000000,9,18,23,25,29,31,
revancha,1208,1999-07-04,10000000,4,19,27,32,33,43,
revancha,1209,1999-07-07,1000000,5,17,22,26,29,30,
revancha,1210,1999-07-11,3000000,5,9,21,28,33,44,
revancha,1211,1999-07-14,2000000,1,6,11,24,35,40,
revancha,1212,1999-07-18,3000000,15,16,19,22,25,28,
revancha,1213,1999-07-21,4000000,12,17,22,29,34,36,
revancha,1214,1999-07-25,5000000,5,8,15,20,21,39,
revancha,1215,1999-07-28,6000000,10,18,20,32,35,38,
revancha,1216,1999-08-01,7000000,12,14,27,31,34,44,
revancha,1217,1999-08-04,8000000,15,18,19,38,39,43,
revancha,1218,1999-08-08,9000000,7,8,14,18,35,36,
revancha,1219,1999-08-11,10000000,6,12,13,17,22,32,
revancha,1220,1999-08-15,11000000,4,5,11,14,18,43,
revancha,1221,1999-08-18,12000000,4,20,21,32,37,39,
revancha,1222,1999-08-22,13000000,6,7,8,11,15,44,
revancha,1223,1999-08-25,14000000,6,9,13,26,35,37,
revancha,1224,1999-08-29,15000000,2,17,25,26,27,42,
revancha,1225,1999-09-01,16000000,3,19,22,25,31,34,
revancha,1226,1999-09-05,17000000,3,8,18,34,37,42,
revancha,1227,1999-09-08,18000000,7,18,32,37,40,41,
revancha,1228,1999-09-12,19000000,4,10,12,19,26,35,
revancha,1229,1999-09-15,2000000,2,5,7,28,39,44,
revancha,1230,1999-09-19,3000000,2,5,8,11,22,28,
revancha,1231,1999-09-22,2000000,1,20,25,29,34,39,
revancha,1232,1999-09-26,3000000,15,17,22,27,31,33,
revancha,1233,1999-09-29,4000000,2,12,13,22,29,35,
revancha,1234,1999-10-03,2000000,1,4,9,18,21,27,
revancha,1235,1999-10-06,3000000,3,11,12,19,41,44,
revancha,1236,1999-10-10,4000000,15,19,21,23,27,30,
revancha,1237,1999-10-13,5000000,3,8,14,15,40,44,
revancha,1238,1999-10-17,6000000,24,26,30,34,38,43,
revancha,1239,1999-10-20,7000000,3,15,30,31,34,41,
revancha,1240,1999-10-24,8000000,4,11,13,14,33,41,
revancha,1241,1999-10-27,9000000,7,20,21,26,39,42,
revancha,1242,1999-10-31,10000000,4,11,16,21,31,40,
revancha,1243,1999-11-03,11000000,3,18,24,29,36,38,
revancha,1244,1999-11-07,12000000,4,5,11,20,24,37,
revancha,1245,1999-11-10,14000000,5,22,26,30,36,44,
revancha,1246,1999-11-14,2000000,3,10,16,17,37,41,
revancha,1247,1999-11-17,3000000,5,17,27,34,39,43,
revancha,1248,1999-11-21,4000000,8,13,15,26,31,34,
revancha,1249,1999-11-24,5000000,13,22,23,29,37,43,
revancha,1250,1999-11-28,7000000,2,9,26,31,36,42,
revancha,1251,1999-12-01,7000000,2,8,26,29,34,41,
revancha,1252,1999-12-05,2000000,12,15,18,22,32,34,
revancha,1253,1999-12-08,3000000,4,21,28,31,41,43,
revancha,1254,1999-12-12,4000000,4,5,16,29,35,42,
revancha,1255,1999-12-15,5000000,11,12,13,33,34,43,
revancha,1256,1999-12-19,6000000,5,6,15,19,32,39,
revancha,1257,1999-12-22,7000000,2,16,25,31,32,44,
revancha,1258,1999-12-26,8000000,11,24,25,31,34,35,
revancha,1259,1999-12-29,10000000,10,14,22,24,30,44,
revancha,1260,2000-01-02,10000000,8,10,12,13,14,23,
revancha,1261,2000-01-05,11000000,2,6,9,14,15,27,
revancha,1262,2000-01-09,12000000,1,2,8,11,12,41,
revancha,1263,2000-01-12,2000000,1,12,16,27,29,31,
revancha,1264,2000-01-16,3000000,4,24,27,29,31,34,
revancha,1265,2000-01-19,4000000,8,12,26,28,32,34,
revancha,1266,2000-01-23,2000000,18,20,29,36,37,42,
revancha,1267,2000-01-26,3000000,3,8,9,15,16,44,
revancha,1268,2000-01-30,4000000,2,3,13,27,31,37,
revancha,1269,2000-02-02,5000000,6,18,20,21,40,43,
revancha,1270,2000-02-06,7000000,1,16,23,25,31,35,
revancha,1271,2000-02-09,8000000,14,23,29,33,35,42,
revancha,1272,2000-02-13,9000000,12,21,22,34,40,41,
revancha,1273,2000-02-16,2000000,17,18,19,23,27,42,
revancha,1274,2000-02-20,3000000,22,24,26,29,32,44,
revancha,1275,2000-02-23,4000000,3,14,20,22,32,41,
revancha,1276,2000-02-27,5000000,2,9,14,17,37,38,
revancha,1277,2000-03-01,6000000,5,6,17,23,35,41,
revancha,1278,2000-03-05,7000000,4,6,8,34,42,43,
revancha,1279,2000-03-08,8000000,1,2,15,21,30,42,
revancha,1280,2000-03-12,9000000,5,7,14,16,26,28,
revancha,1281,2000-03-15,10000000,3,15,17,22,27,31,
revancha,1282,2000-03-19,11000000,3,14,15,20,27,33,
revancha,1283,2000-03-22,11500000,2,7,10,25,38,42,
revancha,1284,2000-03-26,2000000,2,3,4,23,29,31,
revancha,1285,2000-03-29,2000000,7,15,26,29,34,41,
revancha,1286,2000-04-02,3000000,12,13,22,31,38,39,
revancha,1287,2000-04-05,4000000,3,7,13,19,42,44,
revancha,1288,2000-04-09,5000000,5,18,20,22,26,42,
revancha,1289,2000-04-12,6000000,10,28,29,30,38,42,
revancha,1290,2000-04-16,7000000,2,13,25,27,33,38,
revancha,1291,2000-04-19,7500000,19,24,28,31,39,41,
revancha,1292,2000-04-23,8000000,16,21,22,30,41,44,
revancha,1293,2000-04-26,8500000,6,8,10,20,23,39,
revancha,1294,2000-04-30,9000000,5,10,18,31,43,44,
revancha,1295,2000-05-03,9500000,11,13,17,19,28,33,
revancha,1296,2000-05-07,10000000,6,13,15,21,29,31,
revancha,1297,2000-05-10,10500000,7,10,32,35,36,44,
revancha,1298,2000-05-14,11000000,3,11,22,24,27,43,
revancha,1299,2000-05-17,12000000,13,18,29,39,40,42,
revancha,1300,2000-05-21,12500000,6,22,31,34,35,42,
revancha,1301,2000-05-24,13000000,2,12,25,26,37,38,
revancha,1302,2000-05-28,14000000,2,17,18,30,34,35,
revancha,1303,2000-05-31,2000000,2,8,23,25,31,41,
revancha,1304,2000-06-04,2500000,1,3,5,10,15,31,
revancha,1305,2000-06-07,2000000,21,29,30,38,40,41,
revancha,1306,2000-06-11,2500000,5,6,18,25,27,40,
revancha,1307,2000-06-14,3000000,1,10,14,22,24,36,
revancha,1308,2000-06-18,3500000,16,20,22,26,27,35,
revancha,1309,2000-06-21,4000000,10,13,16,27,33,36,
revancha,1310,2000-06-25,4500000,1,2,10,18,29,43,
revancha,1311,2000-06-28,5000000,5,10,18,35,37,43,
revancha,1312,2000-07-02,6000000,1,3,31,34,36,41,
revancha,1313,2000-07-05,6500000,3,14,17,22,27,44,
revancha,1314,2000-07-09,2000000,5,14,15,26,31,37,
revancha,1315,2000-07-12,2500000,2,16,37,39,40,43,
revancha,1316,2000-07-16,3000000,21,23,26,28,35,37,
revancha,1317,2000-07-19,4000000,9,10,14,18,30,41,
revancha,1318,2000-07-23,5000000,3,12,15,23,30,31,
revancha,1319,2000-07-26,6000000,1,7,17,23,30,38,
revancha,1320,2000-07-30,2000000,3,20,22,23,31,40,
revancha,1321,2000-08-02,2500000,17,19,28,29,35,43,
revancha,1322,2000-08-06,3000000,9,17,20,21,31,43,
revancha,1323,2000-08-09,3500000,2,9,11,15,22,43,
revancha,1324,2000-08-13,2000000,1,7,11,16,19,34,
revancha,1325,2000-08-16,2500000,10,12,19,23,24,39,
revancha,1326,2000-08-20,3000000,13,23,26,30,32,37,
revancha,1327,2000-08-23,3500000,1,3,4,22,31,43,
revancha,1328,2000-08-27,4000000,5,9,10,14,37,38,
revancha,1329,2000-08-30,4500000,3,8,23,24,33,35,
revancha,1330,2000-09-03,5000000,7,14,24,26,31,40,
revancha,1331,2000-09-06,6000000,13,18,27,28,37,41,
revancha,1332,2000-09-10,7000000,2,5,24,33,34,38,
revancha,1333,2000-09-13,8000000,15,16,23,25,26,32,
revancha,1334,2000-09-17,9000000,6,8,15,29,33,38,
revancha,1335,2000-09-20,10000000,5,10,13,20,36,43,
revancha,1336,2000-09-24,11000000,3,19,21,29,37,44,
revancha,1337,2000-09-27,12000000,8,10,39,41,43,44,
revancha,1338,2000-10-01,13000000,2,9,10,14,27,35,
revancha,1339,2000-10-04,14000000,9,12,17,18,23,42,
revancha,1340,2000-10-08,15000000,6,20,21,32,35,37,
revancha,1341,2000-10-11,16000000,1,2,10,16,35,41,
revancha,1342,2000-10-15,17000000,7,15,17,21,26,33,
revancha,1343,2000-10-18,2000000,2,9,13,22,34,37,
revancha,1344,2000-10-22,2000000,11,13,25,27,30,40,
revancha,1345,2000-10-25,2500000,1,10,23,26,30,37,
revancha,1346,2000-10-29,3000000,11,12,14,23,29,39,
revancha,1347,2000-11-01,3500000,2,3,24,40,42,43,
revancha,1348,2000-11-05,4000000,8,9,12,27,32,41,
revancha,1349,2000-11-08,5000000,27,28,31,33,34,38,
revancha,1350,2000-11-12,6000000,5,9,28,33,34,39,
revancha,1351,2000-11-15,2500000,3,12,17,32,34,38,
revancha,1352,2000-11-19,2500000,2,12,24,25,27,29,
revancha,1353,2000-11-22,3000000,1,13,28,29,32,42,
revancha,1354,2000-11-26,3500000,6,13,19,20,39,42,
revancha,1355,2000-11-29,4000000,3,4,12,17,19,33,
revancha,1356,2000-12-03,4500000,2,12,21,23,34,44,
revancha,1357,2000-12-06,2000000,2,6,19,26,35,38,
revancha,1358,2000-12-10,2500000,12,17,19,22,25,28,
revancha,1359,2000-12-13,3000000,20,24,27,32,35,38,
revancha,1360,2000-12-17,3500000,6,22,23,29,34,36,
revancha,1361,2000-12-20,4000000,3,6,20,26,28,32,
revancha,1362,2000-12-24,2000000,2,6,11,19,20,43,
revancha,1363,2000-12-27,2500000,9,11,14,16,32,40,
revancha,1364,2000-12-31,3000000,3,14,18,27,28,36,
revancha,1365,2001-01-03,3500000,1,12,13,31,32,38,
revancha,1366,2001-01-07,4000000,3,10,12,15,25,44,
revancha,1367,2001-01-10,4500000,11,12,15,24,32,41,
revancha,1368,2001-01-14,5000000,4,5,6,26,31,35,
revancha,1369,2001-01-17,6000000,1,2,10,19,29,42,
revancha,1370,2001-01-21,7000000,3,10,28,31,33,40,
revancha,1371,2001-01-24,8000000,1,10,16,29,30,40,
revancha,1372,2001-01-28,8500000,11,19,30,31,32,38,
revancha,1373,2001-01-31,9000000,20,21,27,29,39,43,
revancha,1374,2001-02-04,10000000,3,16,22,29,39,42,
revancha,1375,2001-02-07,11000000,5,8,15,24,26,41,
revancha,1376,2001-02-11,12000000,6,13,15,23,27,42,
revancha,1377,2001-02-14,13000000,6,9,10,19,33,40,
revancha,1378,2001-02-18,14000000,4,10,17,28,38,42,
revancha,1379,2001-02-21,2000000,4,6,10,12,28,35,
revancha,1380,2001-02-25,8250000,14,26,30,31,34,38,
revancha,1381,2001-02-28,300000,1,3,22,27,31,32,
revancha,1382,2001-03-04,350000,3,4,9,20,23,30,
revancha,1383,2001-03-07,400000,5,17,18,19,40,42,
revancha,1384,2001-03-11,450000,3,9,16,37,41,44,
revancha,1385,2001-03-14,500000,12,13,15,28,33,35,
revancha,1386,2001-03-18,600000,6,12,27,30,36,41,
revancha,1387,2001-03-21,7000000,4,13,14,22,32,39,
revancha,1388,2001-03-25,2000000,2,4,15,23,39,44,
revancha,1389,2001-03-28,2500000,8,11,16,18,36,43,
revancha,1390,2001-04-01,3000000,2,3,9,10,16,20,
revancha,1391,2001-04-04,4000000,7,10,29,30,32,43,
revancha,1392,2001-04-08,8000000,8,12,16,26,28,38,
revancha,1393,2001-04-11,8500000,1,6,19,35,39,42,
revancha,1394,2001-04-15,9000000,5,10,17,18,35,41,
revancha,1395,2001-04-18,10000000,12,20,28,40,43,44,
revancha,1396,2001-04-22,12000000,2,20,25,28,38,42,
revancha,1397,2001-04-25,12000000,1,7,19,20,27,35,
revancha,1398,2001-04-29,13000000,6,16,27,30,36,39,
revancha,1399,2001-05-02,14000000,2,12,16,25,42,44,
revancha,1400,2001-05-06,15000000,3,9,10,23,39,41,
revancha,1401,2001-05-09,16500000,3,10,15,26,43,44,
revancha,1402,2001-05-13,17500000,10,14,17,26,34,42,
revancha,1403,2001-05-16,18500000,3,25,34,36,39,40,
revancha,1404,2001-05-20,20000000,24,25,28,30,33,44,
revancha,1405,2001-05-23,21000000,3,7,12,17,25,27,
revancha,1406,2001-05-27,23000000,2,3,15,21,23,42,
revancha,1407,2001-05-30,24500000,7,14,23,29,32,34,
revancha,1408,2001-06-03,26500000,3,7,17,23,28,30,
revancha,1409,2001-06-06,28000000,10,18,19,20,21,33,
revancha,1410,2001-06-10,29000000,4,9,22,32,34,44,
revancha,1411,2001-06-13,30000000,21,23,28,35,41,42,
revancha,1412,2001-06-17,32000000,1,8,16,25,28,43,
revancha,1413,2001-06-20,34000000,1,21,25,33,36,38,
revancha,1414,2001-06-24,36000000,6,18,21,22,35,43,
revancha,1415,2001-06-27,38000000,7,8,10,21,26,30,
revancha,1416,2001-07-01,39000000,2,21,22,29,38,43,
revancha,1417,2001-07-04,41000000,7,15,17,18,34,41,
revancha,1418,2001-07-08,44000000,4,5,29,31,32,40,
revancha,1419,2001-07-11,47000000,4,6,16,32,35,38,
revancha,1420,2001-07-15,50000000,1,2,5,10,19,24,
revancha,1421,2001-07-18,55000000,12,20,21,34,37,43,
revancha,1422,2001-07-22,2000000,5,7,11,18,21,35,
revancha,1423,2001-07-25,3000000,5,11,15,17,32,39,
revancha,1424,2001-07-29,2000000,5,20,31,35,37,42,
revancha,1425,2001-08-01,3000000,2,11,17,18,42,44,
revancha,1426,2001-08-05,4000000,5,9,23,24,39,43,
revancha,1427,2001-08-08,5000000,5,10,14,24,26,37,
revancha,1428,2001-08-12,2000000,10,13,23,27,31,44,
revancha,1429,2001-08-15,3000000,1,4,12,23,27,37,
revancha,1430,2001-08-19,4000000,2,9,11,32,39,42,
revancha,1431,2001-08-22,5000000,15,16,25,30,32,38,
revancha,1432,2001-08-26,6000000,5,8,11,21,22,30,
revancha,1433,2001-08-29,7000000,2,11,12,13,21,42,
revancha,1434,2001-09-02,8000000,2,18,27,28,31,43,
revancha,1435,2001-09-05,10000000,10,19,27,29,37,40,
revancha,1436,2001-09-09,11000000,2,6,8,17,26,29,
revancha,1437,2001-09-12,12000000,6,11,12,13,20,39,
revancha,1438,2001-09-16,12000000,3,22,28,29,30,44,
revancha,1439,2001-09-19,15000000,17,18,33,34,38,44,
revancha,1440,2001-09-23,16000000,4,14,23,24,33,37,
revancha,1441,2001-09-26,17000000,6,7,20,23,32,41,
revancha,1442,2001-09-30,18000000,18,19,25,37,42,44,
revancha,1443,2001-10-03,2000000,4,15,19,33,39,42,
revancha,1444,2001-10-07,3000000,6,22,23,27,38,42,
revancha,1445,2001-10-10,4000000,5,10,16,24,28,34,
revancha,1446,2001-10-14,5000000,7,16,17,24,34,42,
revancha,1447,2001-10-17,2000000,3,17,25,36,38,44,
revancha,1448,2001-10-21,3000000,13,30,33,35,37,41,
revancha,1449,2001-10-24,4000000,3,12,27,32,35,41,
revancha,1450,2001-10-28,5000000,6,20,22,24,41,42,
revancha,1451,2001-10-31,6000000,1,18,19,30,32,43,
revancha,1452,2001-11-04,7000000,4,7,16,27,29,32,
revancha,1453,2001-11-07,8000000,3,11,15,16,22,29,
revancha,1454,2001-11-11,9000000,16,20,24,28,36,44,
revancha,1455,2001-11-14,10000000,15,18,20,23,29,39,
revancha,1456,2001-11-18,11000000,4,7,19,20,26,30,
revancha,1457,2001-11-21,12000000,16,32,36,40,41,42,
revancha,1458,2001-11-25,13000000,3,6,7,19,23,29,
revancha,1459,2001-11-28,14000000,11,21,30,39,40,42,
revancha,1460,2001-12-02,15000000,10,14,21,28,41,44,
revancha,1461,2001-12-05,2000000,11,12,19,20,26,29,
revancha,1462,2001-12-09,3000000,2,3,6,30,32,38,
revancha,1463,2001-12-12,4000000,9,23,32,39,42,43,
revancha,1464,2001-12-16,5000000,6,7,25,29,33,40,
revancha,1465,2001-12-19,6000000,1,4,10,32,33,44,
revancha,1466,2001-12-23,7000000,5,7,11,15,21,39,
revancha,1467,2001-12-26,8000000,3,11,13,14,39,43,
revancha,1468,2001-12-30,9000000,10,13,15,17,24,35,
revancha,1469,2002-01-02,10000000,12,16,17,25,26,31,
revancha,1470,2002-01-06,11000000,2,9,13,24,28,29,
revancha,1471,2002-01-09,13000000,8,9,10,28,31,33,
revancha,1472,2002-01-13,15000000,3,19,24,32,33,44,
revancha,1473,2002-01-16,2000000,21,22,30,35,36,43,
revancha,1474,2002-01-20,3000000,17,29,30,36,41,42,
revancha,1475,2002-01-23,4000000,2,8,9,19,25,37,
revancha,1476,2002-01-27,5000000,1,10,18,26,27,39,
revancha,1477,2002-01-30,6000000,6,7,8,21,36,44,
revancha,1478,2002-02-03,7000000,15,20,25,27,35,37,
revancha,1479,2002-02-06,8000000,14,30,36,39,41,42,
revancha,1480,2002-02-10,9000000,2,17,27,28,35,38,
revancha,1481,2002-02-13,10000000,3,18,21,23,25,35,
revancha,1482,2002-02-17,2000000,5,7,9,30,31,37,
revancha,1483,2002-02-20,3000000,12,20,22,24,29,43,
revancha,1484,2002-02-24,4000000,11,14,15,29,39,43,
revancha,1485,2002-02-27,5000000,13,26,29,30,34,37,
revancha,1486,2002-03-03,6000000,2,14,21,37,38,39,
revancha,1487,2002-03-06,7000000,13,16,24,31,36,37,
revancha,1488,2002-03-10,8000000,9,10,21,29,31,35,
revancha,1489,2002-03-13,9000000,2,11,23,37,38,44,
revancha,1490,2002-03-17,10000000,11,14,27,34,35,40,
revancha,1491,2002-03-20,11000000,9,16,22,23,27,37,
revancha,1492,2002-03-24,12000000,6,11,12,31,33,42,
revancha,1493,2002-03-27,13000000,1,5,6,27,34,43,
revancha,1494,2002-03-31,14000000,12,13,17,24,29,40,
revancha,1495,2002-04-03,15000000,13,14,21,30,41,42,
revancha,1496,2002-04-07,16000000,7,10,16,17,28,32,
revancha,1497,2002-04-10,17000000,4,18,23,25,39,40,
revancha,1498,2002-04-14,2000000,8,24,27,30,37,38,
revancha,1499,2002-04-17,3000000,4,12,19,27,35,39,
revancha,1500,2002-04-21,2000000,4,10,12,38,40,41,
revancha,1501,2002-04-24,3000000,10,23,30,33,35,40,
revancha,1502,2002-04-28,4000000,2,11,19,33,41,42,
revancha,1503,2002-05-01,5000000,2,4,14,21,22,43,
revancha,1504,2002-05-05,6000000,5,9,21,24,31,32,
revancha,1505,2002-05-08,7000000,3,7,13,20,34,38,
revancha,1506,2002-05-12,8000000,9,23,28,29,31,33,
revancha,1507,2002-05-15,9000000,1,4,11,21,24,26,
revancha,1508,2002-05-19,10000000,1,20,25,26,33,34,
revancha,1509,2002-05-22,11000000,4,13,23,34,37,38,
revancha,1510,2002-05-26,2000000,7,8,9,13,22,42,
revancha,1511,2002-05-29,3000000,5,20,21,26,37,40,
revancha,1512,2002-06-02,4000000,8,11,13,16,22,25,
revancha,1513,2002-06-05,5000000,4,6,24,26,31,44,
revancha,1514,2002-06-09,6000000,12,18,20,33,35,41,
revancha,1515,2002-06-12,7000000,6,24,28,32,36,39,
revancha,1516,2002-06-16,8000000,5,7,10,14,24,34,
revancha,1517,2002-06-19,9000000,2,8,23,30,33,42,
revancha,1518,2002-06-23,2000000,3,4,12,23,29,32,
revancha,1519,2002-06-26,3000000,1,24,32,34,35,43,
revancha,1520,2002-06-30,4000000,2,5,30,31,34,41,
revancha,1521,2002-07-03,5000000,6,11,13,14,29,39,
revancha,1522,2002-07-07,6000000,2,35,40,42,43,44,
revancha,1523,2002-07-10,7000000,4,7,17,19,38,43,
revancha,1524,2002-07-14,9000000,1,8,9,10,19,23,
revancha,1525,2002-07-17,12000000,3,13,21,22,40,43,
revancha,1526,2002-07-21,13000000,9,23,25,33,37,42,
revancha,1527,2002-07-24,14000000,8,10,14,15,25,34,
revancha,1528,2002-07-28,15000000,7,28,30,34,36,41,
revancha,1529,2002-07-31,17000000,2,5,14,20,24,36,
revancha,1530,2002-08-04,18000000,7,18,23,33,37,41,
revancha,1531,2002-08-07,2000000,11,15,21,26,27,32,
revancha,1532,2002-08-11,2000000,6,10,15,19,25,30,
revancha,1533,2002-08-14,2000000,11,14,17,29,32,39,
revancha,1534,2002-08-18,5000000,7,11,14,22,29,43,
revancha,1535,2002-08-21,6000000,4,12,16,20,24,42,
revancha,1536,2002-08-25,7000000,3,5,16,17,21,39,
revancha,1537,2002-08-28,8000000,2,10,21,22,36,40,
revancha,1538,2002-09-01,9000000,1,3,5,10,14,26,
revancha,1539,2002-09-04,10000000,7,17,18,32,34,39,
revancha,1540,2002-09-08,11000000,11,23,25,29,34,38,
revancha,1541,2002-09-11,12000000,13,16,25,34,38,44,
revancha,1542,2002-09-15,13000000,7,14,30,32,40,42,
revancha,1543,2002-09-18,14000000,7,8,24,25,29,32,
revancha,1544,2002-09-22,16000000,11,16,26,30,37,39,
revancha,1545,2002-09-25,17000000,5,19,26,30,36,38,
revancha,1546,2002-09-29,19000000,14,16,17,18,20,37,
revancha,1547,2002-10-02,20000000,15,17,18,20,34,38,
revancha,1548,2002-10-06,22000000,1,7,10,21,44,46,
revancha,1549,2002-10-09,23000000,6,23,24,30,40,45,
revancha,1550,2002-10-13,24000000,9,16,20,21,41,46,
revancha,1551,2002-10-16,26000000,14,23,25,26,36,39,
revancha,1552,2002-10-20,28000000,11,14,21,25,26,36,
revancha,1553,2002-10-23,32000000,6,10,13,34,39,44,
revancha,1554,2002-10-27,32000000,8,10,26,27,28,35,
revancha,1555,2002-10-30,34000000,2,24,28,29,33,47,
revancha,1556,2002-11-03,38000000,7,8,22,28,35,43,
revancha,1557,2002-11-06,39000000,4,17,19,22,29,41,
revancha,1558,2002-11-10,40000000,22,24,28,30,38,41,
revancha,1559,2002-11-13,41000000,1,5,8,11,16,24,
revancha,1560,2002-11-17,43000000,11,13,18,21,30,45,
revancha,1561,2002-11-20,45000000,2,6,7,30,37,47,
revancha,1562,2002-11-24,47000000,13,14,26,28,41,47,
revancha,1563,2002-11-27,50000000,3,8,13,27,38,42,
revancha,1564,2002-12-01,51000000,10,19,21,33,40,43,
revancha,1565,2002-12-04,53000000,7,19,21,28,41,46,
revancha,1566,2002-12-08,4000000,6,12,13,34,37,43,
revancha,1567,2002-12-11,5000000,4,9,20,28,34,36,
revancha,1568,2002-12-15,6000000,1,6,19,21,43,45,
revancha,1569,2002-12-18,7000000,11,14,16,24,28,34,
revancha,1570,2002-12-22,8000000,6,11,26,30,33,44,
revancha,1571,2002-12-25,9000000,5,6,19,20,34,45,
revancha,1572,2002-12-29,10000000,13,20,23,32,38,46,
revancha,1573,2003-01-01,12000000,2,10,30,38,42,46,
revancha,1574,2003-01-05,13000000,4,6,8,16,30,42,
revancha,1575,2003-01-08,14000000,3,13,14,15,40,43,
revancha,1576,2003-01-12,4000000,6,11,26,29,33,38,
revancha,1577,2003-01-15,5000000,5,15,34,41,45,46,
revancha,1578,2003-01-19,6000000,15,18,19,24,31,42,
revancha,1579,2003-01-22,7000000,2,17,30,39,43,44,
revancha,1580,2003-01-26,8000000,4,18,20,31,35,38,
revancha,1581,2003-01-29,9000000,1,8,25,32,36,43,
revancha,1582,2003-02-02,10000000,2,13,21,22,40,47,
revancha,1583,2003-02-05,11000000,1,14,15,16,17,31,
revancha,1584,2003-02-09,12000000,2,27,28,33,38,45,
revancha,1585,2003-02-12,13000000,14,19,31,40,46,47,
revancha,1586,2003-02-16,4000000,1,7,21,26,30,33,
revancha,1587,2003-02-19,5000000,1,8,11,21,24,28,
revancha,1588,2003-02-23,6000000,14,17,39,42,43,47,
revancha,1589,2003-02-26,4000000,16,22,24,27,35,36,
revancha,1590,2003-03-02,5000000,4,10,20,21,25,41,
revancha,1591,2003-03-05,6000000,1,2,7,10,20,28,
revancha,1592,2003-03-09,7000000,1,8,15,27,31,45,
revancha,1593,2003-03-12,8000000,6,7,15,18,34,42,
revancha,1594,2003-03-16,9000000,10,18,26,30,37,44,
revancha,1595,2003-03-19,10000000,16,17,37,38,39,46,
revancha,1596,2003-03-23,11000000,2,3,19,24,31,34,
revancha,1597,2003-03-26,12000000,11,14,18,27,36,41,
revancha,1598,2003-03-30,14000000,3,8,10,30,36,37,
revancha,1599,2003-04-02,16000000,2,10,14,42,44,45,
revancha,1600,2003-04-06,17000000,1,7,18,20,30,43,
revancha,1601,2003-04-09,18000000,3,12,15,20,30,36,
revancha,1602,2003-04-13,20000000,11,14,27,30,37,39,
revancha,1603,2003-04-16,21000000,2,5,25,35,42,44,
revancha,1604,2003-04-20,23000000,11,13,18,20,34,44,
revancha,1605,2003-04-23,24000000,3,11,12,16,19,35,
revancha,1606,2003-04-27,25000000,9,13,17,25,34,46,
revancha,1607,2003-04-30,4000000,5,19,21,31,35,41,
revancha,1608,2003-05-04,5000000,1,13,16,17,42,44,
revancha,1609,2003-05-07,6000000,6,16,33,35,46,47,
revancha,1610,2003-05-11,7000000,11,14,20,24,33,42,
revancha,1611,2003-05-14,8000000,9,25,27,36,39,43,
revancha,1612,2003-05-18,9000000,4,18,27,34,36,41,
revancha,1613,2003-05-21,10000000,15,17,21,25,28,29,
revancha,1614,2003-05-25,4000000,4,8,13,23,24,38,
revancha,1615,2003-05-28,5000000,8,9,11,28,31,32,
revancha,1616,2003-06-01,4000000,9,23,27,30,32,35,
revancha,1617,2003-06-04,5000000,2,7,8,11,15,46,
revancha,1618,2003-06-08,6000000,9,12,15,22,25,26,
revancha,1619,2003-06-11,7000000,4,19,24,27,31,37,
revancha,1620,2003-06-15,8000000,1,20,25,28,41,46,
revancha,1621,2003-06-18,9000000,12,17,20,23,30,43,
revancha,1622,2003-06-22,10000000,1,9,36,37,42,45,
revancha,1623,2003-06-25,11000000,13,19,24,32,37,42,
revancha,1624,2003-06-29,12000000,3,8,15,16,26,43,
revancha,1625,2003-07-02,13000000,1,10,16,26,32,41,
revancha,1626,2003-07-06,14000000,1,3,9,18,33,42,
revancha,1627,2003-07-09,4000000,3,13,17,32,36,40,
revancha,1628,2003-07-13,4000000,11,16,25,33,40,43,
revancha,1629,2003-07-16,5000000,2,4,13,22,43,46,
revancha,1630,2003-07-20,6000000,12,18,19,25,30,35,
revancha,1631,2003-07-23,7000000,6,11,17,33,43,47,
revancha,1632,2003-07-27,8000000,6,14,18,20,42,43,
revancha,1633,2003-07-30,9000000,15,18,35,38,39,42,
revancha,1634,2003-08-03,10000000,3,9,17,18,30,31,
revancha,1635,2003-08-06,11000000,3,4,20,25,34,39,
revancha,1636,2003-08-10,12000000,3,14,25,30,32,34,
revancha,1637,2003-08-13,13000000,2,9,27,36,41,45,
revancha,1638,2003-08-17,14000000,3,8,13,31,37,44,
revancha,1639,2003-08-20,15000000,10,15,21,34,38,39,
revancha,1640,2003-08-24,16000000,5,18,25,28,29,32,
revancha,1641,2003-08-27,17000000,12,32,34,36,38,40,
revancha,1642,2003-08-31,18000000,12,26,30,33,35,46,
revancha,1643,2003-09-03,19000000,8,16,18,30,31,39,
revancha,1644,2003-09-07,21000000,2,17,20,21,32,39,
revancha,1645,2003-09-10,22000000,2,4,19,27,36,42,
revancha,1646,2003-09-14,24000000,8,13,20,37,39,41,
revancha,1647,2003-09-17,4000000,9,24,30,34,41,45,
revancha,1648,2003-09-21,5000000,2,6,18,33,37,41,
revancha,1649,2003-09-24,6000000,1,16,29,31,33,42,
revancha,1650,2003-09-28,7000000,19,23,24,30,35,39,
revancha,1651,2003-10-01,8000000,10,11,16,32,42,43,
revancha,1652,2003-10-05,9000000,4,28,30,32,34,44,
revancha,1653,2003-10-08,10000000,5,6,11,40,46,47,
revancha,1654,2003-10-12,11000000,2,4,13,29,33,44,
revancha,1655,2003-10-15,12000000,3,6,15,25,35,39,
revancha,1656,2003-10-19,14000000,11,17,24,28,43,46,
revancha,1657,2003-10-22,17000000,4,8,13,14,22,39,
revancha,1658,2003-10-26,4000000,5,26,31,39,42,45,
revancha,1659,2003-10-29,5000000,1,3,15,17,19,30,
revancha,1660,2003-11-02,6000000,7,11,14,20,27,41,
revancha,1661,2003-11-05,4000000,3,22,30,33,35,45,
revancha,1662,2003-11-09,6000000,7,20,32,35,36,41,
revancha,1663,2003-11-12,7000000,1,4,8,11,18,36,
revancha,1664,2003-11-16,9000000,2,16,31,33,37,42,
revancha,1665,2003-11-19,11000000,7,12,15,16,44,47,
revancha,1666,2003-11-23,12000000,13,16,31,37,39,45,
revancha,1667,2003-11-26,4000000,5,10,25,35,37,38,
revancha,1668,2003-11-30,5000000,1,2,20,26,29,34,
revancha,1669,2003-12-03,6000000,4,8,11,24,28,46,
revancha,1670,2003-12-07,7000000,2,7,24,26,43,47,
revancha,1671,2003-12-10,8000000,2,5,9,12,20,34,
revancha,1672,2003-12-17,9000000,5,9,11,19,22,43,
revancha,1673,2003-12-17,4000000,8,12,24,30,38,45,
revancha,1674,2003-12-21,5000000,6,14,18,19,28,37,
revancha,1675,2003-12-24,6000000,10,14,16,24,32,38,
revancha,1676,2003-12-28,7000000,2,16,19,30,31,35,
revancha,1677,2003-12-31,8000000,2,5,8,9,15,34,
revancha,1678,2004-01-04,4000000,3,6,9,14,29,42,
revancha,1679,2004-01-07,4000000,4,5,10,12,16,43,
revancha,1680,2004-01-11,5000000,5,24,27,32,34,37,
revancha,1681,2004-01-14,6000000,3,7,11,20,31,35,
revancha,1682,2004-01-18,4000000,3,19,21,22,24,33,
revancha,1683,2004-01-21,5000000,1,28,33,36,40,42,
revancha,1684,2004-01-25,6000000,4,10,12,17,32,43,
revancha,1685,2004-01-28,4000000,4,9,19,22,31,35,
revancha,1686,2004-02-01,5000000,5,9,37,39,40,47,
revancha,1687,2004-02-04,6000000,10,17,24,38,39,41,
revancha,1688,2004-02-08,7000000,10,16,31,42,44,46,
revancha,1689,2004-02-11,8000000,2,20,24,26,28,41,
revancha,1690,2004-02-15,4000000,3,27,32,33,39,44,
revancha,1691,2004-02-18,5000000,16,17,18,24,29,35,
revancha,1692,2004-02-22,6000000,6,18,20,28,30,42,
revancha,1693,2004-02-25,7000000,15,17,20,21,30,38,
revancha,1694,2004-02-29,8000000,22,36,37,40,41,44,
revancha,1695,2004-03-03,9000000,1,11,14,25,26,46,
revancha,1696,2004-03-07,10000000,19,21,27,28,31,47,
revancha,1697,2004-03-10,11000000,2,10,17,35,46,47,
revancha,1698,2004-03-14,12000000,10,22,24,28,36,42,
revancha,1699,2004-03-17,13000000,15,34,39,43,44,46,
revancha,1700,2004-03-21,14000000,5,9,11,13,22,24,
revancha,1701,2004-03-24,4000000,10,17,25,35,46,47,
revancha,1702,2004-03-28,5000000,2,5,24,25,30,40,
revancha,1703,2004-03-31,6000000,16,21,22,34,37,45,
revancha,1704,2004-04-04,7000000,2,9,14,32,36,47,
revancha,1705,2004-04-07,8000000,5,11,22,23,31,36,
revancha,1706,2004-04-11,9000000,8,12,39,41,43,47,
revancha,1707,2004-04-14,10000000,1,20,21,25,37,44,
revancha,1708,2004-04-18,11000000,7,9,27,30,35,44,
revancha,1709,2004-04-21,12000000,10,11,16,18,20,37,
revancha,1710,2004-04-25,13000000,1,4,5,13,20,26,
revancha,1711,2004-04-28,14000000,5,7,12,18,25,46,
revancha,1712,2004-05-02,16000000,8,14,21,28,40,41,
revancha,1713,2004-05-05,17000000,3,7,13,14,16,30,
revancha,1714,2004-05-09,18000000,4,29,33,35,39,43,
revancha,1715,2004-05-12,20000000,1,2,22,34,39,40,
revancha,1716,2004-05-16,21000000,2,27,29,36,37,42,
revancha,1717,2004-05-19,22000000,2,7,9,10,21,45,
revancha,1718,2004-05-23,24000000,2,5,19,21,24,33,
revancha,1719,2004-05-26,26000000,4,6,7,18,39,47,
revancha,1720,2004-05-30,27000000,15,17,23,33,34,38,
revancha,1721,2004-06-02,29000000,9,10,24,32,33,40,
revancha,1722,2004-06-06,32000000,1,3,11,13,14,43,
revancha,1723,2004-06-09,34000000,4,10,13,14,27,30,
revancha,1724,2004-06-13,4000000,3,11,27,33,45,47,
revancha,1725,2004-06-16,5000000,10,11,15,17,30,47,
revancha,1726,2004-06-20,6000000,7,9,13,26,32,39,
revancha,1727,2004-06-23,7000000,6,18,29,30,37,41,
revancha,1728,2004-06-27,8000000,5,15,29,33,39,44,
revancha,1729,2004-06-30,9000000,2,8,24,35,43,46,
revancha,1730,2004-07-04,10000000,7,29,36,37,39,46,
revancha,1731,2004-07-07,11000000,10,14,31,32,38,45,
revancha,1732,2004-07-11,12000000,3,14,24,26,28,46,
revancha,1733,2004-07-14,13000000,9,11,13,24,37,47,
revancha,1734,2004-07-18,15000000,6,8,9,31,35,37,
revancha,1735,2004-07-21,16000000,4,11,13,14,26,47,
revancha,1736,2004-07-25,17000000,4,11,24,29,30,40,
revancha,1737,2004-07-28,18000000,5,18,20,22,24,31,
revancha,1738,2004-08-01,19000000,2,4,13,23,28,40,
revancha,1739,2004-08-04,20000000,1,7,21,25,36,46,
revancha,1740,2004-08-08,22000000,1,2,4,12,14,34,
revancha,1741,2004-08-11,23000000,2,6,9,18,19,35,
revancha,1742,2004-08-15,25000000,13,16,19,23,28,31,
revancha,1743,2004-08-18,26000000,1,13,14,26,33,42,
revancha,1744,2004-08-22,4000000,1,7,8,25,35,39,
revancha,1745,2004-08-25,5000000,22,23,26,29,30,35,
revancha,1746,2004-08-29,6000000,3,21,22,26,31,37,
revancha,1747,2004-09-01,7000000,3,17,21,24,32,42,
revancha,1748,2004-09-05,8000000,1,7,9,29,37,45,
revancha,1749,2004-09-08,9000000,11,16,25,30,31,36,
revancha,1750,2004-09-12,10000000,4,5,12,14,22,31,
revancha,1751,2004-09-15,4000000,2,10,20,32,33,38,
revancha,1752,2004-09-19,4000000,7,10,11,28,38,45,
revancha,1753,2004-09-22,5000000,2,9,16,31,32,44,
revancha,1754,2004-09-26,6000000,6,9,11,13,33,36,
revancha,1755,2004-09-29,7000000,1,8,28,32,35,43,
revancha,1756,2004-10-03,8000000,6,10,17,30,37,46,
revancha,1757,2004-10-06,9000000,12,15,41,43,45,46,
revancha,1758,2004-10-10,10000000,12,23,27,30,40,41,
revancha,1759,2004-10-13,11000000,2,10,19,32,34,37,
revancha,1760,2004-10-17,12000000,8,15,28,36,39,41,
revancha,1761,2004-10-20,4000000,9,29,32,37,39,42,
revancha,1762,2004-10-24,5000000,14,20,24,28,30,45,
revancha,1763,2004-10-27,6000000,7,13,16,19,20,46,
revancha,1764,2004-10-31,7000000,1,6,13,15,44,47,
revancha,1765,2004-11-03,8000000,5,7,12,13,16,29,
revancha,1766,2004-11-07,9000000,1,11,13,22,27,28,
revancha,1767,2004-11-10,4000000,19,21,24,36,41,46,
revancha,1768,2004-11-14,5000000,4,7,26,30,33,36,
revancha,1769,2004-11-17,6000000,1,12,15,36,41,45,
revancha,1770,2004-11-21,7000000,14,16,21,27,42,45,
revancha,1771,2004-11-24,8000000,11,12,18,20,30,32,
revancha,1772,2004-11-28,4000000,2,3,21,24,26,28,
revancha,1773,2004-12-01,5000000,7,11,13,16,31,34,
revancha,1774,2004-12-05,4000000,13,14,17,20,25,47,
revancha,1775,2004-12-08,5000000,2,3,35,39,40,47,
revancha,1776,2004-12-12,6000000,2,15,26,34,37,42,
revancha,1777,2004-12-15,7000000,2,9,18,25,28,42,
revancha,1778,2004-12-19,8000000,7,14,20,37,40,46,
revancha,1779,2004-12-22,9000000,9,11,14,17,19,21,
revancha,1780,2004-12-26,11000000,7,8,16,20,24,38,
revancha,1781,2004-12-29,13000000,2,5,7,23,28,46,
revancha,1782,2005-01-02,15000000,8,12,26,32,39,45,
revancha,1783,2005-01-05,17000000,1,8,9,23,39,42,
revancha,1784,2005-01-09,20000000,6,17,23,25,29,40,
revancha,1785,2005-01-12,26000000,8,9,17,19,23,47,
revancha,1786,2005-01-16,28000000,8,16,22,25,28,47,
revancha,1787,2005-01-19,4000000,2,8,9,25,39,42,
revancha,1788,2005-01-23,5000000,10,17,38,43,45,47,
revancha,1789,2005-01-26,6000000,2,5,9,27,34,41,
revancha,1790,2005-01-30,4000000,2,4,21,26,36,45,
revancha,1791,2005-02-02,6000000,17,19,33,34,39,43,
revancha,1792,2005-02-06,7000000,4,5,8,34,43,45,
revancha,1793,2005-02-09,8000000,9,10,13,15,25,27,
revancha,1794,2005-02-13,9000000,4,14,15,23,37,44,
revancha,1795,2005-02-16,10000000,13,20,22,28,29,34,
revancha,1796,2005-02-20,11000000,19,28,32,36,37,39,
revancha,1797,2005-02-23,12000000,11,29,33,36,39,45,
revancha,1798,2005-02-27,14000000,4,9,15,18,40,45,
revancha,1799,2005-03-02,16000000,1,15,27,29,34,35,
revancha,1800,2005-03-06,18000000,19,25,31,37,43,44,
revancha,1801,2005-03-09,19000000,27,29,31,32,34,43,
revancha,1802,2005-03-13,20000000,4,14,17,24,46,47,
revancha,1803,2005-03-16,21000000,3,11,23,31,32,47,
revancha,1804,2005-03-20,4000000,5,21,30,35,40,47,
revancha,1805,2005-03-23,5000000,3,5,16,36,40,47,
revancha,1806,2005-03-27,4000000,3,7,11,14,21,24,
revancha,1807,2005-03-30,5000000,5,11,27,38,39,44,
revancha,1808,2005-04-03,4000000,3,10,14,23,26,37,
revancha,1809,2005-04-06,5000000,23,25,36,38,43,47,
revancha,1810,2005-04-10,6000000,4,6,28,33,38,44,
revancha,1811,2005-04-13,7000000,12,13,37,39,41,47,
revancha,1812,2005-04-17,8000000,5,6,11,16,34,38,
revancha,1813,2005-04-20,9000000,1,5,21,28,43,46,
revancha,1814,2005-04-24,10000000,4,10,14,36,45,47,
revancha,1815,2005-04-27,11000000,2,4,9,18,23,37,
revancha,1816,2005-05-01,12000000,18,29,32,40,42,43,
revancha,1817,2005-05-04,13000000,10,14,21,22,42,44,
revancha,1818,2005-05-08,14000000,2,11,19,25,28,36,
revancha,1819,2005-05-11,4000000,1,11,16,25,30,31,
revancha,1820,2005-05-15,5000000,10,15,20,24,35,44,
revancha,1821,2005-05-18,6000000,2,12,13,33,45,46,
revancha,1822,2005-05-22,7000000,7,9,12,35,39,44,
revancha,1823,2005-05-25,8000000,4,17,30,35,36,45,
revancha,1824,2005-05-29,4000000,8,12,25,42,45,47,
revancha,1825,2005-06-01,5000000,11,18,19,22,40,47,
revancha,1826,2005-06-05,6000000,6,7,9,17,18,44,
revancha,1827,2005-06-08,7000000,6,22,34,35,42,43,
revancha,1828,2005-06-12,8000000,3,15,33,39,44,45,
revancha,1829,2005-06-15,9000000,7,8,17,32,33,38,
revancha,1830,2005-06-19,10000000,5,8,15,25,35,37,
revancha,1831,2005-06-22,11000000,1,2,3,11,16,29,
revancha,1832,2005-06-26,12000000,3,13,19,25,31,36,
revancha,1833,2005-06-29,13000000,4,16,29,34,42,43,
revancha,1834,2005-07-03,14000000,4,11,12,19,38,41,
revancha,1835,2005-07-06,15000000,14,18,26,42,43,47,
revancha,1836,2005-07-10,16000000,4,7,15,30,34,45,
revancha,1837,2005-07-13,17000000,2,10,15,20,31,46,
revancha,1838,2005-07-17,18000000,2,13,16,20,24,46,
revancha,1839,2005-07-20,19000000,14,30,34,36,41,43,
revancha,1840,2005-07-24,20000000,9,10,20,23,37,43,
revancha,1841,2005-07-27,21000000,17,20,29,32,37,46,
revancha,1842,2005-07-31,22000000,16,19,29,30,38,44,
revancha,1843,2005-08-03,24000000,4,6,9,17,36,39,
revancha,1844,2005-08-07,25000000,11,13,14,32,37,43,
revancha,1845,2005-08-10,27000000,23,26,27,28,30,38,
revancha,1846,2005-08-14,28000000,10,19,21,29,41,45,
revancha,1847,2005-08-17,30000000,16,20,24,28,43,44,
revancha,1848,2005-08-21,33000000,8,11,13,15,17,34,
revancha,1849,2005-08-24,36000000,1,2,17,23,34,41,
revancha,1850,2005-08-28,39000000,6,19,29,32,42,47,
revancha,1851,2005-08-31,40000000,7,19,21,22,37,40,
revancha,1852,2005-09-04,41000000,2,7,8,36,41,43,
revancha,1853,2005-09-07,43000000,1,8,9,16,21,29,
revancha,1854,2005-09-11,45000000,3,26,29,30,32,41,
revancha,1855,2005-09-14,47000000,4,6,7,23,28,34,
revancha,1856,2005-09-18,49000000,4,15,22,31,33,39,
revancha,1857,2005-09-21,51000000,3,12,32,40,45,46,
revancha,1858,2005-09-25,53000000,1,8,10,15,37,41,
revancha,1859,2005-09-28,4000000,5,10,18,20,33,42,
revancha,1860,2005-10-02,5000000,25,26,27,34,43,45,
revancha,1861,2005-10-05,6000000,3,20,27,30,32,37,
revancha,1862,2005-10-09,7000000,13,23,35,36,42,43,
revancha,1863,2005-10-12,8000000,9,25,37,43,45,46,
revancha,1864,2005-10-16,9000000,9,10,24,37,42,46,
revancha,1865,2005-10-19,10000000,7,9,16,29,35,42,
revancha,1866,2005-10-23,11000000,1,9,11,18,45,46,
revancha,1867,2005-10-26,12000000,1,10,11,18,42,44,
revancha,1868,2005-10-30,13000000,20,32,33,42,43,44,
revancha,1869,2005-11-02,14000000,2,18,23,27,32,38,
revancha,1870,2005-11-06,15000000,10,16,17,33,39,41,
revancha,1871,2005-11-09,4000000,7,10,16,18,19,23,
revancha,1872,2005-11-13,5000000,4,6,25,31,38,46,
revancha,1873,2005-11-16,6000000,2,9,21,28,37,45,
revancha,1874,2005-11-20,7000000,1,5,7,10,16,19,
revancha,1875,2005-11-23,8000000,2,9,22,28,33,40,
revancha,1876,2005-11-27,9000000,17,24,33,35,38,44,
revancha,1877,2005-11-30,10000000,10,12,30,35,44,45,
revancha,1878,2005-12-04,11000000,7,12,15,18,35,45,
revancha,1879,2005-12-07,12000000,1,11,20,21,23,49,
revancha,1880,2005-12-11,13000000,11,28,32,34,39,42,
revancha,1881,2005-12-14,14000000,24,26,27,29,34,50,
revancha,1882,2005-12-18,16000000,4,8,14,17,30,33,
revancha,1883,2005-12-21,17000000,3,16,23,28,40,51,
revancha,1884,2005-12-25,18000000,6,33,36,41,47,50,
revancha,1885,2005-12-28,20000000,13,16,21,37,40,46,
revancha,1886,2006-01-01,22000000,2,13,17,38,44,46,
revancha,1887,2006-01-04,24000000,5,9,14,15,26,44,
revancha,1888,2006-01-08,26000000,2,4,13,29,33,37,
revancha,1889,2006-01-11,29000000,2,13,22,28,34,40,
revancha,1890,2006-01-15,31000000,9,10,30,34,40,51,
revancha,1891,2006-01-18,35000000,7,8,12,19,24,48,
revancha,1892,2006-01-22,38000000,9,10,11,18,31,35,
revancha,1893,2006-01-25,41000000,15,19,20,31,41,47,
revancha,1894,2006-01-29,44000000,2,10,17,24,36,41,
revancha,1895,2006-02-01,49000000,7,17,27,30,35,50,
revancha,1896,2006-02-05,54000000,7,10,21,28,37,39,
revancha,1897,2006-02-08,58000000,1,10,19,22,26,51,
revancha,1898,2006-02-12,63000000,2,6,16,20,22,34,
revancha,1899,2006-02-15,6000000,1,11,15,20,31,42,
revancha,1900,2006-02-19,7000000,4,13,26,34,37,42,
revancha,1901,2006-02-22,8000000,1,21,22,30,46,48,
revancha,1902,2006-02-26,9000000,5,26,28,30,40,43,
revancha,1903,2006-03-01,10000000,1,15,17,32,36,48,
revancha,1904,2006-03-05,11000000,1,16,23,27,30,42,
revancha,1905,2006-03-08,6000000,3,7,11,17,20,25,
revancha,1906,2006-03-12,7000000,10,13,16,21,39,42,
revancha,1907,2006-03-15,8000000,3,18,26,31,41,43,
revancha,1908,2006-03-19,9000000,6,7,21,24,33,43,
revancha,1909,2006-03-22,10000000,3,17,23,27,37,51,
revancha,1910,2006-03-26,11000000,7,18,29,42,46,50,
revancha,1911,2006-03-29,12000000,6,8,28,32,36,38,
revancha,1912,2006-04-02,13000000,13,14,19,22,23,51,
revancha,1913,2006-04-05,14000000,9,19,25,30,34,43,
revancha,1914,2006-04-09,15000000,1,7,17,18,23,31,
revancha,1915,2006-04-12,16000000,4,7,11,37,38,49,
revancha,1916,2006-04-16,18000000,14,17,30,33,47,49,
revancha,1917,2006-04-19,20000000,4,21,23,24,39,49,
revancha,1918,2006-04-23,22000000,2,3,14,19,24,37,
revancha,1919,2006-04-26,24000000,3,19,20,23,38,40,
revancha,1920,2006-04-30,26000000,3,9,12,32,47,49,
revancha,1921,2006-05-03,28000000,9,21,22,47,49,50,
revancha,1922,2006-05-07,31000000,2,17,26,34,35,49,
revancha,1923,2006-05-10,34000000,9,11,13,19,35,47,
revancha,1924,2006-05-14,36000000,9,15,30,37,46,50,
revancha,1925,2006-05-17,6000000,5,9,34,37,42,48,
revancha,1926,2006-05-21,7000000,3,14,21,28,40,47,
revancha,1927,2006-05-24,8000000,5,6,18,25,37,49,
revancha,1928,2006-05-28,9000000,3,5,9,37,47,48,
revancha,1929,2006-05-31,10000000,11,16,20,31,48,49,
revancha,1930,2006-06-04,11000000,13,22,35,41,44,49,
revancha,1931,2006-06-07,12000000,3,8,16,26,36,45,
revancha,1932,2006-06-11,13000000,2,5,19,20,28,51,
revancha,1933,2006-06-14,14000000,4,18,31,37,50,51,
revancha,1934,2006-06-18,15000000,1,27,33,36,41,49,
revancha,1935,2006-06-21,17000000,14,22,34,35,36,44,
revancha,1936,2006-06-25,18000000,7,9,11,16,32,43,
revancha,1937,2006-06-28,20000000,27,31,43,46,48,49,
revancha,1938,2006-07-02,21000000,7,11,14,47,49,50,
revancha,1939,2006-07-05,23000000,5,23,30,38,42,45,
revancha,1940,2006-07-09,25000000,18,27,30,39,40,51,
revancha,1941,2006-07-12,27000000,8,36,37,42,43,46,
revancha,1942,2006-07-16,29000000,11,25,27,39,43,50,
revancha,1943,2006-07-19,31000000,12,13,19,34,46,51,
revancha,1944,2006-07-23,33000000,11,19,21,25,29,36,
revancha,1945,2006-07-26,36000000,1,5,15,29,43,44,
revancha,1946,2006-07-30,38000000,4,16,23,26,32,51,
revancha,1947,2006-08-02,39000000,12,24,25,29,40,43,
revancha,1948,2006-08-06,41000000,4,10,17,25,33,40,
revancha,1949,2006-08-09,43000000,1,22,27,30,36,48,
revancha,1950,2006-08-13,45000000,8,16,18,20,39,51,
revancha,1951,2006-08-16,47000000,1,6,43,45,49,51,
revancha,1952,2006-08-20,49000000,3,7,9,24,32,49,
revancha,1953,2006-08-23,51000000,2,11,19,34,50,51,
revancha,1954,2006-08-27,53000000,9,15,21,23,31,34,
revancha,1955,2006-08-30,56000000,16,19,24,31,33,46,
revancha,1956,2006-09-03,58000000,7,8,23,26,27,36,
revancha,1957,2006-09-06,61000000,3,5,15,30,45,49,
revancha,1958,2006-09-10,64000000,8,12,13,33,34,35,
revancha,1959,2006-09-13,67000000,6,16,19,23,27,49,
revancha,1960,2006-09-17,70000000,3,9,10,15,34,43,
revancha,1961,2006-09-20,73000000,1,16,42,46,47,51,
revancha,1962,2006-09-24,77000000,4,8,28,43,45,49,
revancha,1963,2006-09-27,81000000,5,11,14,38,40,41,
revancha,1964,2006-10-01,86000000,1,15,16,26,39,50,
revancha,1965,2006-10-04,6000000,2,9,10,21,38,39,
revancha,1966,2006-10-08,7000000,2,3,15,24,31,38,
revancha,1967,2006-10-11,8000000,12,20,22,23,35,40,
revancha,1968,2006-10-15,9000000,1,2,6,32,43,45,
revancha,1969,2006-10-18,10000000,3,5,9,26,39,40,
revancha,1970,2006-10-22,12000000,10,16,20,22,23,35,
revancha,1971,2006-10-25,6000000,1,19,20,34,41,51,
revancha,1972,2006-10-29,7000000,7,8,13,26,32,36,
revancha,1973,2006-11-01,8000000,13,31,32,38,42,44,
revancha,1974,2006-11-05,9000000,1,5,26,36,43,49,
revancha,1975,2006-11-08,10000000,1,10,11,19,29,41,
revancha,1976,2006-11-12,11000000,22,36,37,43,48,50,
revancha,1977,2006-11-15,13000000,7,10,12,27,42,43,
revancha,1978,2006-11-19,14000,4,8,10,16,43,46,
revancha,1979,2006-11-22,15000000,10,22,24,43,45,47,
revancha,1980,2006-11-26,17000000,2,8,13,39,49,50,
revancha,1981,2006-11-29,6000000,7,10,13,25,31,45,
revancha,1982,2006-12-03,7000000,4,8,22,38,40,44,
revancha,1983,2006-12-06,8000000,2,17,33,38,42,50,
revancha,1984,2006-12-10,6000000,10,26,28,29,37,38,
revancha,1985,2006-12-13,7000000,2,12,13,14,26,38,
revancha,1986,2006-12-17,8000000,1,3,7,29,35,37,
revancha,1987,2006-12-20,6000000,5,11,17,22,42,50,
revancha,1988,2006-12-24,7000000,4,10,13,20,32,38,
revancha,1989,2006-12-27,0,1,8,17,27,28,50,
revancha,1990,2006-12-31,9000000,3,13,18,24,26,50,
revancha,1991,2007-01-03,10000000,3,4,10,15,35,46,
revancha,1992,2007-01-07,11000000,27,30,34,44,48,51,
revancha,1993,2007-01-10,6000000,10,14,22,26,33,36,
revancha,1994,2007-01-14,7000000,4,6,24,31,32,43,
revancha,1995,2007-01-17,6000000,4,6,7,8,9,21,
revancha,1996,2007-01-21,6000000,1,12,18,24,26,38,
revancha,1997,2007-01-24,6000000,4,5,12,23,27,39,
revancha,1998,2007-01-28,7000000,25,33,36,40,43,51,
revancha,1999,2007-01-31,8000000,4,13,15,19,29,41,
revancha,2000,2007-02-04,9000000,8,22,26,28,31,48,
revancha,2001,2007-02-07,10000000,1,20,28,35,42,44,
revancha,2002,2007-02-11,11000000,8,15,21,25,26,43,
revancha,2003,2007-02-14,13000000,16,20,21,27,29,39,
revancha,2004,2007-02-18,15000000,9,13,15,32,41,50,
revancha,2005,2007-02-21,17000000,10,18,23,26,31,39,
revancha,2006,2007-02-25,18000000,6,9,22,31,33,38,
revancha,2007,2007-02-28,20000000,9,12,15,18,21,44,
revancha,2008,2007-03-04,22000000,7,10,12,16,20,35,
revancha,2009,2007-03-07,24000000,5,24,33,35,45,49,
revancha,2010,2007-03-11,26000000,1,21,28,35,43,46,
revancha,2011,2007-03-14,6000000,7,9,19,29,34,40,
revancha,2012,2007-03-18,7000000,2,23,41,43,44,49,
revancha,2013,2007-03-21,8000000,4,30,35,45,50,51,
revancha,2014,2007-03-25,9000000,3,7,30,39,42,50,
revancha,2015,2007-03-28,6000000,9,12,26,28,35,42,
revancha,2016,2007-04-01,7000000,1,3,6,13,26,34,
revancha,2017,2007-04-04,8000000,6,8,17,23,26,47,
revancha,2018,2007-04-08,9000000,16,19,32,37,44,49,
revancha,2019,2007-04-11,11000000,18,28,39,41,45,46,
revancha,2020,2007-04-15,14000000,9,17,45,46,48,49,
revancha,2021,2007-04-18,19000000,1,22,26,33,47,51,
revancha,2022,2007-04-22,22000000,3,20,22,23,40,41,
revancha,2023,2007-04-25,26000000,28,34,38,42,46,47,
revancha,2024,2007-04-29,30000000,1,3,9,29,30,41,
revancha,2025,2007-05-02,35000000,10,19,21,28,37,38,
revancha,2026,2007-05-06,0,1,12,27,35,43,50,
revancha,2027,2007-05-09,46000000,4,23,24,34,38,44,
revancha,2028,2007-05-13,51000000,2,13,21,32,41,45,
revancha,2029,2007-05-16,58000000,2,4,15,30,31,41,
revancha,2030,2007-05-20,67000000,22,31,36,39,43,51,
revancha,2031,2007-05-23,77000000,6,12,21,23,27,33,
revancha,2032,2007-05-27,83000000,4,9,22,24,28,32,
revancha,2033,2007-05-30,95000000,14,18,21,29,34,50,
revancha,2034,2007-06-03,99000000,1,9,23,24,34,37,
revancha,2035,2007-06-06,103000000,5,7,11,19,31,49,
revancha,2036,2007-06-10,6000000,16,17,32,36,38,48,
revancha,2037,2007-06-13,7000000,3,17,20,25,32,44,
revancha,2038,2007-06-17,8000000,3,13,14,25,49,50,
revancha,2039,2007-06-20,10000000,7,9,23,36,42,50,
revancha,2040,2007-06-24,12000000,7,23,28,33,38,44,
revancha,2041,2007-06-27,14000000,2,34,38,47,49,50,
revancha,2042,2007-07-01,16000000,9,19,21,24,27,43,
revancha,2043,2007-07-04,18000000,11,14,38,43,44,45,
revancha,2044,2007-07-08,21000000,14,17,28,44,48,51,
revancha,2045,2007-07-11,24000000,10,13,29,34,38,49,
revancha,2046,2007-07-15,6000000,7,12,13,24,38,41,
revancha,2047,2007-07-18,7000000,5,17,27,37,39,45,
revancha,2048,2007-07-22,6000000,3,14,29,34,36,47,
revancha,2049,2007-07-25,6000000,5,7,10,16,24,38,
revancha,2050,2007-07-29,7000000,4,13,26,35,37,50,
revancha,2051,2007-08-01,8000000,6,16,26,35,38,48,
revancha,2052,2007-08-05,9000000,5,8,10,20,32,35,
revancha,2053,2007-08-08,10000000,16,17,18,19,24,47,
revancha,2054,2007-08-12,6000000,14,24,35,38,39,48,
revancha,2055,2007-08-15,7000000,23,24,27,46,48,51,
revancha,2056,2007-08-19,8000000,9,16,25,27,39,45,
revancha,2057,2007-08-22,9000000,10,31,33,34,38,47,
revancha,2058,2007-08-26,10000000,3,4,13,18,21,26,
revancha,2059,2007-08-29,11000000,6,18,22,24,32,46,
revancha,2060,2007-09-02,13000000,12,13,19,35,39,41,
revancha,2061,2007-09-05,15000000,19,20,35,41,44,46,
revancha,2062,2007-09-09,17000000,6,9,15,24,39,40,
revancha,2063,2007-09-12,19000000,6,7,13,20,23,48,
revancha,2064,2007-09-16,21000000,5,11,12,20,29,31,
revancha,2065,2007-09-19,23000000,15,20,27,40,42,43,
revancha,2066,2007-09-23,25000000,29,33,34,35,41,50,
revancha,2067,2007-09-26,6000000,3,9,13,17,25,27,
revancha,2068,2007-09-30,7000000,5,12,17,19,37,41,
revancha,2069,2007-10-03,8000000,14,36,37,42,43,48,
revancha,2070,2007-10-07,9000000,5,8,13,18,30,32,
revancha,2071,2007-10-10,10000000,18,21,25,30,34,43,
revancha,2072,2007-10-14,11000000,3,4,32,33,39,51,
revancha,2073,2007-10-17,14000000,8,9,23,38,50,51,
revancha,2074,2007-10-21,16000000,2,8,11,14,43,48,
revancha,2075,2007-10-24,18000000,7,10,14,39,40,48,
revancha,2076,2007-10-28,21000000,2,12,22,23,29,44,
revancha,2077,2007-10-31,24000000,9,13,19,34,39,40,
revancha,2078,2007-11-04,27000000,9,11,14,34,39,42,
revancha,2079,2007-11-07,29000000,5,19,24,30,35,44,
revancha,2080,2007-11-11,6000000,12,17,24,29,31,36,
revancha,2081,2007-11-14,7000000,4,14,32,34,35,50,
revancha,2082,2007-11-18,8000000,3,11,22,33,37,40,
revancha,2083,2007-11-21,11000000,1,2,6,18,20,44,
revancha,2084,2007-11-25,14000000,4,16,24,28,37,51,
revancha,2085,2007-11-28,15000000,7,17,33,40,46,47,
revancha,2086,2007-12-02,17000000,2,7,9,34,42,43,
revancha,2087,2007-12-05,19000000,1,5,12,21,31,35,
revancha,2088,2007-12-09,23000000,4,8,24,29,36,40,
revancha,2089,2007-12-12,25000000,18,22,39,42,44,56,
revancha,2090,2007-12-16,26000000,2,4,25,33,44,50,
revancha,2091,2007-12-19,28000000,8,21,33,35,41,44,
revancha,2092,2007-12-23,29000000,8,12,31,33,46,55,
revancha,2093,2007-12-26,32000000,5,39,42,43,44,48,
revancha,2094,2007-12-30,34000000,4,18,23,31,41,44,
revancha,2095,2008-01-02,36000000,4,7,13,30,40,54,
revancha,2096,2008-01-06,37000000,7,15,27,31,32,56,
revancha,2097,2008-01-09,38000000,4,5,28,32,40,44,
revancha,2098,2008-01-13,39000000,4,9,22,33,38,45,
revancha,2099,2008-01-16,41000000,23,40,48,51,53,55,
revancha,2100,2008-01-20,43000000,9,21,28,36,38,53,
revancha,2101,2008-01-23,45000000,3,15,18,24,28,38,
revancha,2102,2008-01-27,47000000,12,22,24,25,29,53,
revancha,2103,2008-01-30,48000000,2,19,27,29,43,51,
revancha,2104,2008-02-03,51000000,10,16,21,25,36,43,
revancha,2105,2008-02-06,10000000,11,20,21,23,45,49,
revancha,2106,2008-02-10,11000000,19,26,28,32,48,49,
revancha,2107,2008-02-13,12000000,4,22,23,27,28,33,
revancha,2108,2008-02-17,13000000,9,10,11,33,50,55,
revancha,2109,2008-02-20,14000000,4,10,12,24,27,33,
revancha,2110,2008-02-24,15000000,7,26,30,33,40,42,
revancha,2111,2008-02-27,16000000,24,30,32,47,50,51,
revancha,2112,2008-03-02,17000000,16,19,37,42,43,50,
revancha,2113,2008-03-05,19000000,9,12,21,22,37,46,
revancha,2114,2008-03-09,21000000,3,16,27,33,34,43,
revancha,2115,2008-03-12,24000000,6,17,19,20,26,37,
revancha,2116,2008-03-16,26000000,5,34,43,45,49,52,
revancha,2117,2008-03-19,29000000,2,18,19,22,24,28,
revancha,2118,2008-03-23,30000000,4,13,14,34,35,41,
revancha,2119,2008-03-26,31000000,9,27,30,37,38,45,
revancha,2120,2008-03-30,0,8,10,12,28,37,56,
revancha,2121,2008-04-02,34000000,19,21,26,31,37,52,
revancha,2122,2008-04-06,36000000,16,31,32,35,39,49,
revancha,2123,2008-04-09,38000000,1,4,24,27,38,41,
revancha,2124,2008-04-13,41000000,4,11,22,36,41,50,
revancha,2125,2008-04-16,42000000,18,26,29,31,34,46,
revancha,2126,2008-04-20,43000000,12,13,28,35,52,54,
revancha,2127,2008-04-23,46000000,6,25,27,35,51,55,
revancha,2128,2008-04-27,48000000,6,25,32,34,41,56,
revancha,2129,2008-04-30,50000000,7,9,20,22,35,48,
revancha,2130,2008-05-04,10000000,21,23,32,35,37,51,
revancha,2131,2008-05-07,11000000,4,6,13,38,49,50,
revancha,2132,2008-05-11,12000000,25,29,37,38,39,55,
revancha,2133,2008-05-14,13000000,12,13,17,23,24,30,
revancha,2134,2008-05-18,14000000,16,19,20,24,27,47,
revancha,2135,2008-05-21,15000000,1,5,36,40,41,47,
revancha,2136,2008-05-25,16000000,4,6,8,10,23,44,
revancha,2137,2008-05-28,17000000,5,18,19,21,40,41,
revancha,2138,2008-06-01,18000000,5,6,22,42,45,52,
revancha,2139,2008-06-04,19000000,3,20,33,34,44,48,
revancha,2140,2008-06-08,20000000,1,11,23,38,41,44,
revancha,2141,2008-06-11,22000000,2,4,7,19,39,52,
revancha,2142,2008-06-15,0,3,6,20,28,52,53,
revancha,2143,2008-06-18,26000000,30,34,36,47,52,53,
revancha,2144,2008-06-22,28000000,4,7,23,33,42,45,
revancha,2145,2008-06-25,30000000,8,10,19,30,35,45,
revancha,2146,2008-06-29,31000000,7,24,25,26,51,55,
revancha,2147,2008-07-02,10000000,11,14,23,34,44,56,
revancha,2148,2008-07-06,11000000,10,19,32,45,46,49,
revancha,2149,2008-07-09,12000000,32,42,45,46,51,55,
revancha,2150,2008-07-13,13000000,10,14,15,25,28,48,
revancha,2151,2008-07-16,14000000,10,23,32,39,41,54,
revancha,2152,2008-07-20,15000000,25,32,38,45,50,52,
revancha,2153,2008-07-23,16000000,18,20,28,30,40,53,
revancha,2154,2008-07-27,17000000,23,26,43,49,53,54,
revancha,2155,2008-07-30,10000000,5,11,23,28,37,41,
revancha,2156,2008-08-03,11000000,14,23,25,30,39,41,
revancha,2157,2008-08-06,12000000,1,7,8,29,47,48,
revancha,2158,2008-08-10,13000000,1,7,16,17,19,41,
revancha,2159,2008-08-13,14000000,8,11,12,24,32,42,
revancha,2160,2008-08-17,15000000,21,27,29,31,42,53,
revancha,2161,2008-08-20,16000000,3,7,9,15,38,48,
revancha,2162,2008-08-24,17000000,40,48,50,51,53,55,
revancha,2163,2008-08-27,18000000,7,14,28,31,36,56,
revancha,2164,2008-08-31,19000000,6,20,35,41,43,48,
revancha,2165,2008-09-03,20000000,1,3,24,28,45,46,
revancha,2166,2008-09-07,21000000,12,13,15,37,50,56,
revancha,2167,2008-09-10,23000000,8,26,32,35,37,50,
revancha,2168,2008-09-14,24000000,5,6,39,46,48,54,
revancha,2169,2008-09-17,26000000,33,37,47,51,53,54,
revancha,2170,2008-09-21,28000000,1,12,28,29,43,50,
revancha,2171,2008-09-24,30000000,7,31,33,34,48,50,
revancha,2172,2008-09-28,31000000,12,26,32,35,37,43,
revancha,2173,2008-10-01,33000000,11,15,18,30,39,54,
revancha,2174,2008-10-05,34000000,7,17,21,30,32,50,
revancha,2175,2008-10-08,36000000,6,8,27,30,46,48,
revancha,2176,2008-10-12,10000000,3,15,19,36,43,51,
revancha,2177,2008-10-15,11000000,8,20,23,34,41,55,
revancha,2178,2008-10-19,12000000,13,17,27,40,47,56,
revancha,2179,2008-10-22,13000000,24,25,26,29,37,41,
revancha,2180,2008-10-26,14000000,4,10,17,22,31,55,
revancha,2181,2008-10-29,15000000,4,8,23,32,50,52,
revancha,2182,2008-11-02,16000000,5,10,12,29,37,51,
revancha,2183,2008-11-05,17000000,5,21,30,38,42,50,
revancha,2184,2008-11-09,18000000,7,19,38,50,51,52,
revancha,2185,2008-11-12,19000000,4,10,15,34,36,37,
revancha,2186,2008-11-16,20000000,8,10,11,16,32,53,
revancha,2187,2008-11-19,10000000,6,8,11,23,32,36,
revancha,2188,2008-11-23,11000000,2,20,23,43,46,54,
revancha,2189,2008-11-26,12000000,7,22,32,45,50,55,
revancha,2190,2008-11-30,13000000,2,6,9,44,53,54,
revancha,2191,2008-12-03,14000000,10,17,32,35,37,43,
revancha,2192,2008-12-07,15000000,1,7,15,27,29,39,
revancha,2193,2008-12-10,16000000,10,24,35,37,46,50,
revancha,2194,2008-12-14,18000000,18,25,27,29,41,45,
revancha,2195,2008-12-17,22000000,20,35,40,41,48,52,
revancha,2196,2008-12-21,26000000,3,9,22,47,52,56,
revancha,2197,2008-12-24,30000000,1,7,10,21,32,45,
revancha,2198,2008-12-28,33000000,3,31,33,43,47,50,
revancha,2199,2008-12-31,37000000,2,5,10,36,43,56,
revancha,2200,2009-01-04,10000000,6,28,33,42,44,49,
revancha,2201,2009-01-07,11000000,15,17,26,29,42,54,
revancha,2202,2009-01-11,12000000,4,6,24,38,39,49,
revancha,2203,2009-01-14,10000000,9,13,27,39,40,51,
revancha,2204,2009-01-18,11000000,17,20,21,23,30,38,
revancha,2205,2009-01-21,12000000,4,12,15,23,41,42,
revancha,2206,2009-01-25,13000000,4,5,6,33,36,46,
revancha,2207,2009-01-28,14000000,3,12,21,25,42,44,
revancha,2208,2009-02-01,15000000,2,4,6,14,45,54,
revancha,2209,2009-02-04,16000000,6,11,13,24,30,41,
revancha,2210,2009-02-08,17000000,2,10,13,17,22,26,
revancha,2211,2009-02-11,18000000,10,12,23,31,32,34,
revancha,2212,2009-02-15,19000000,7,14,19,42,48,53,
revancha,2213,2009-02-18,20000000,8,16,19,23,34,40,
revancha,2214,2009-02-22,10000000,7,13,14,15,29,44,
revancha,2215,2009-02-25,11000000,9,10,34,35,44,53,
revancha,2216,2009-03-01,10000000,17,24,25,26,33,38,
revancha,2217,2009-03-04,11000000,1,5,25,28,49,53,
revancha,2218,2009-03-08,12000000,6,7,21,25,36,49,
revancha,2219,2009-03-11,13000000,4,9,27,32,35,55,
revancha,2220,2009-03-15,14000000,2,10,11,28,36,55,
revancha,2221,2009-03-18,15000000,7,31,32,34,39,46,
revancha,2222,2009-03-22,10000000,11,17,22,33,36,44,
revancha,2223,2009-03-25,11000000,1,13,30,36,55,56,
revancha,2224,2009-03-29,12000000,3,25,31,35,43,54,
revancha,2225,2009-04-01,13000000,1,4,5,12,14,27,
revancha,2226,2009-04-05,14000000,8,21,26,29,36,46,
revancha,2227,2009-04-08,15000000,2,15,20,25,31,52,
revancha,2228,2009-04-12,16000000,1,2,14,18,19,37,
revancha,2229,2009-04-15,17000000,1,31,38,39,49,52,
revancha,2230,2009-04-19,18000000,10,11,28,33,42,56,
revancha,2231,2009-04-22,20000000,15,33,40,43,53,56,
revancha,2232,2009-04-26,23000000,14,19,26,39,48,50,
revancha,2233,2009-04-29,26000000,1,20,21,49,52,55,
revancha,2234,2009-05-03,0,2,9,15,17,51,53,
revancha,2235,2009-05-06,32000000,4,8,28,35,36,48,
revancha,2236,2009-05-10,35000000,2,30,35,39,43,52,
revancha,2237,2009-05-13,37000000,1,16,17,22,24,51,
revancha,2238,2009-05-17,39000000,6,16,21,26,50,55,
revancha,2239,2009-05-20,41000000,7,22,28,33,39,40,
revancha,2240,2009-05-24,43000000,2,6,27,30,47,55,
revancha,2241,2009-05-27,44000000,6,14,39,44,47,54,
revancha,2242,2009-05-31,46000000,3,10,16,19,45,49,
revancha,2243,2009-06-03,48000000,9,15,32,33,47,54,
revancha,2244,2009-06-07,50000000,1,26,34,46,55,56,
revancha,2245,2009-06-10,53000000,23,27,29,39,51,55,
revancha,2246,2009-06-14,55000000,8,16,21,27,48,56,
revancha,2247,2009-06-17,57000000,14,15,39,40,47,52,
revancha,2248,2009-06-21,59000000,16,22,29,34,37,52,
revancha,2249,2009-06-24,61000000,29,31,37,45,46,47,
revancha,2250,2009-06-28,64000000,4,8,16,29,42,51,
revancha,2251,2009-07-01,66000000,6,15,38,41,55,56,
revancha,2252,2009-07-05,68000000,6,15,17,40,43,46,
revancha,2253,2009-07-08,72000000,11,16,24,28,29,36,
revancha,2254,2009-07-12,74000000,17,25,31,36,42,43,
revancha,2255,2009-07-15,76000000,1,9,22,23,33,48,
revancha,2256,2009-07-19,79000000,2,17,30,40,48,51,
revancha,2257,2009-07-22,82000000,15,29,36,42,46,49,
revancha,2258,2009-07-26,85000000,6,14,25,26,34,35,
revancha,2259,2009-07-29,10000000,7,9,16,33,44,47,
revancha,2260,2009-08-02,11000000,2,9,22,25,27,31,
revancha,2261,2009-08-05,12000000,3,6,15,17,18,42,
revancha,2262,2009-08-09,13000000,3,12,30,33,34,53,
revancha,2263,2009-08-12,14000000,4,7,42,46,51,55,
revancha,2264,2009-08-16,15000000,1,14,33,45,49,55,
revancha,2265,2009-08-19,16000000,10,26,29,35,42,53,
revancha,2266,2009-08-23,17000000,12,13,19,25,41,52,
revancha,2267,2009-08-26,18000000,4,5,7,16,23,44,
revancha,2268,2009-08-30,19000000,3,5,7,16,25,49,
revancha,2269,2009-09-02,20000000,24,29,33,37,48,52,
revancha,2270,2009-09-06,21000000,13,21,25,40,44,45,
revancha,2271,2009-09-09,22000000,8,17,19,37,45,56,
revancha,2272,2009-09-13,23000000,13,22,25,40,55,56,
revancha,2273,2009-09-16,25000000,5,6,21,32,40,53,
revancha,2274,2009-09-20,27000000,22,23,33,42,43,55,
revancha,2275,2009-09-23,29000000,2,7,13,27,28,54,
revancha,2276,2009-09-27,31000000,6,24,30,33,36,43,
revancha,2277,2009-09-30,33000000,16,21,29,39,41,47,
revancha,2278,2009-10-04,35000000,2,3,15,43,46,49,
revancha,2279,2009-10-07,37000000,2,12,19,28,29,51,
revancha,2280,2009-10-11,39000000,12,27,29,38,43,51,
revancha,2281,2009-10-14,41000000,8,15,21,39,46,55,
revancha,2282,2009-10-18,43000000,11,27,37,41,48,50,
revancha,2283,2009-10-21,45000000,8,13,25,30,34,48,
revancha,2284,2009-10-25,47000000,3,22,23,25,36,45,
revancha,2285,2009-10-28,48000000,9,14,18,40,50,52,
revancha,2286,2009-11-01,50000000,13,15,26,30,37,43,
revancha,2287,2009-11-04,52000000,4,5,11,36,40,52,
revancha,2288,2009-11-08,54000000,4,12,14,20,24,38,
revancha,2289,2009-11-11,56000000,3,8,19,20,34,40,
revancha,2290,2009-11-15,57000000,6,16,26,43,50,52,
revancha,2291,2009-11-18,59000000,3,10,28,29,43,50,
revancha,2292,2009-11-22,61000000,4,8,13,16,22,23,
revancha,2293,2009-11-25,62000000,6,7,18,22,26,30,
revancha,2294,2009-11-29,64000000,3,13,19,35,42,55,
revancha,2295,2009-12-02,66000000,13,20,22,34,44,50,
revancha,2296,2009-12-06,68000000,28,35,37,41,42,55,
revancha,2297,2009-12-09,70000000,12,43,45,52,53,54,
revancha,2298,2009-12-13,72000000,13,15,35,36,38,52,
revancha,2299,2009-12-16,75000000,14,26,30,36,41,42,
revancha,2300,2009-12-20,77000000,6,24,34,38,44,49,
revancha,2301,2009-12-23,79000000,17,22,23,29,31,46,
revancha,2302,2009-12-27,81000000,1,4,13,45,51,55,
revancha,2303,2009-12-30,84000000,1,12,21,28,34,48,
revancha,2304,2010-01-03,86000000,21,30,31,41,52,54,
revancha,2305,2010-01-06,90000000,4,11,14,29,40,45,
revancha,2306,2010-01-10,92000000,13,19,25,33,41,52,
revancha,2307,2010-01-13,95000000,3,7,20,22,51,56,
revancha,2308,2010-01-17,98000000,5,7,17,20,26,51,
revancha,2309,2010-01-20,101000000,3,8,16,27,46,49,
revancha,2310,2010-01-24,104000000,18,29,34,40,49,55,
revancha,2311,2010-01-27,107000000,5,7,18,26,28,33,
revancha,2312,2010-01-31,110000000,4,11,17,28,40,46,
revancha,2313,2010-02-03,114000000,10,12,24,31,47,49,
revancha,2314,2010-02-07,117000000,15,17,28,35,41,49,
revancha,2315,2010-02-10,120000000,9,10,11,25,28,29,
revancha,2316,2010-02-14,121000000,35,37,44,45,47,56,
revancha,2317,2010-02-17,124000000,3,26,32,38,48,53,
revancha,2318,2010-02-21,126000000,23,24,29,39,43,45,
revancha,2319,2010-02-24,128000000,14,19,20,22,44,53,
revancha,2320,2010-02-28,130000000,10,14,28,30,36,40,
revancha,2321,2010-03-03,133000000,4,20,31,38,46,56,
revancha,2322,2010-03-07,135000000,9,12,17,25,28,37,
revancha,2323,2010-03-10,137000000,12,14,26,28,42,52,
revancha,2324,2010-03-14,139000000,21,22,33,37,39,54,
revancha,2325,2010-03-17,141000000,8,11,30,32,37,44,
revancha,2326,2010-03-21,143000000,8,9,16,41,46,54,
revancha,2327,2010-03-24,145000000,11,12,14,26,39,47,
revancha,2328,2010-03-28,147000000,1,28,38,46,49,50,
revancha,2329,2010-03-31,149000000,5,23,36,37,39,43,
revancha,2330,2010-04-04,151000000,2,22,32,42,45,56,
revancha,2331,2010-04-07,153000000,4,10,16,39,45,49,
revancha,2332,2010-04-11,156000000,1,20,21,36,40,47,
revancha,2333,2010-04-14,159000000,9,12,26,27,36,49,
revancha,2334,2010-04-18,161000000,20,26,30,32,43,56,
revancha,2335,2010-04-21,164000000,5,11,24,31,47,52,
revancha,2336,2010-04-25,166000000,6,13,14,15,49,54,
revancha,2337,2010-04-28,169000000,2,24,33,36,40,46,
revancha,2338,2010-05-02,171000000,20,24,25,33,50,54,
revancha,2339,2010-05-05,174000000,3,16,31,36,37,40,
revancha,2340,2010-05-09,177000000,2,9,13,15,16,38,
revancha,2341,2010-05-12,179000000,6,17,31,36,42,56,
revancha,2342,2010-05-16,182000000,4,17,18,31,52,55,
revancha,2343,2010-05-19,186000000,15,17,19,33,40,41,
revancha,2344,2010-05-23,188000000,3,25,30,33,36,46,
revancha,2345,2010-05-26,192000000,2,9,12,21,29,52,
revancha,2346,2010-05-30,195000000,3,7,14,20,23,54,
revancha,2347,2010-06-02,198000000,1,11,15,33,40,48,
revancha,2348,2010-06-06,202000000,16,18,19,21,31,38,
revancha,2349,2010-06-09,206000000,9,27,30,34,46,48,
revancha,2350,2010-06-13,210000000,10,11,24,42,45,53,
revancha,2351,2010-06-16,214000000,16,17,40,43,45,47,
revancha,2352,2010-06-20,219000000,2,17,26,36,50,54,
revancha,2353,2010-06-23,224000000,22,30,39,43,44,53,
revancha,2354,2010-06-27,228000000,2,15,23,26,29,30,
revancha,2355,2010-06-30,232000000,2,18,28,43,44,46,
revancha,2356,2010-07-04,234000000,9,14,18,38,43,45,
revancha,2357,2010-07-07,237000000,9,16,26,38,48,50,
revancha,2358,2010-07-11,239000000,4,28,31,32,40,42,
revancha,2359,2010-07-14,241000000,1,10,22,40,41,46,
revancha,2360,2010-07-18,244000000,1,9,10,35,42,54,
revancha,2361,2010-07-21,247000000,16,18,48,49,50,52,
revancha,2362,2010-07-25,249000000,9,11,14,24,40,54,
revancha,2363,2010-07-28,252000000,14,17,39,40,50,53,
revancha,2364,2010-08-01,254000000,6,12,22,28,37,50,
revancha,2365,2010-08-04,257000000,4,32,33,37,48,54,
revancha,2366,2010-08-08,259000000,7,25,29,38,39,54,
revancha,2367,2010-08-11,262000000,34,35,40,41,54,56,
revancha,2368,2010-08-15,264000000,4,6,11,22,35,47,
revancha,2369,2010-08-18,267000000,2,16,28,37,50,51,
revancha,2370,2010-08-22,269000000,10,18,21,37,38,39,
revancha,2371,2010-08-25,20000000,3,11,13,24,30,56,
revancha,2372,2010-08-29,21000000,3,19,26,35,51,52,
revancha,2373,2010-09-01,22000000,1,9,27,38,48,49,
revancha,2374,2010-09-05,23000000,8,21,25,45,52,54,
revancha,2375,2010-09-08,26000000,2,9,14,15,28,55,
revancha,2376,2010-09-12,30000000,13,25,26,35,36,50,
revancha,2377,2010-09-15,35000000,1,17,18,24,33,48,
revancha,2378,2010-09-19,41000000,5,9,15,17,23,43,
revancha,2379,2010-09-22,44000000,6,8,23,24,28,54,
revancha,2380,2010-09-26,48000000,24,27,34,36,39,55,
revancha,2381,2010-09-29,53000000,2,12,18,45,49,50,
revancha,2382,2010-10-03,57000000,4,13,18,24,32,50,
revancha,2383,2010-10-06,61000000,8,19,29,30,36,50,
revancha,2384,2010-10-10,65000000,6,13,16,19,41,56,
revancha,2385,2010-10-13,70000000,3,8,22,29,47,48,
revancha,2386,2010-10-17,73000000,9,12,17,20,23,38,
revancha,2387,2010-10-20,77000000,8,18,20,36,40,54,
revancha,2388,2010-10-24,81000000,12,16,33,37,41,43,
revancha,2389,2010-10-27,85000000,15,18,30,35,36,40,
revancha,2390,2010-10-31,89000000,6,8,9,23,36,47,
revancha,2391,2010-11-03,92000000,7,11,24,25,37,54,
revancha,2392,2010-11-07,97000000,1,11,15,28,34,56,
revancha,2393,2010-11-10,101000000,4,6,7,41,51,56,
revancha,2394,2010-11-14,105000000,2,13,14,24,34,55,
revancha,2395,2010-11-17,109000000,5,24,32,39,40,46,
revancha,2396,2010-11-21,113000000,26,28,35,43,49,50,
revancha,2397,2010-11-24,118000000,2,25,27,32,37,53,
revancha,2398,2010-11-28,121000000,14,31,36,42,50,54,
revancha,2399,2010-12-01,126000000,7,10,27,30,31,51,
revancha,2400,2010-12-05,130000000,1,15,16,23,44,53,
revancha,2401,2010-12-08,134000000,11,21,26,32,40,55,
revancha,2402,2010-12-12,138000000,8,13,15,20,28,35,
revancha,2403,2010-12-15,20000000,13,18,19,22,47,54,
revancha,2404,2010-12-19,21000000,6,11,14,20,44,55,
revancha,2405,2010-12-22,22000000,12,19,23,30,47,48,
revancha,2406,2010-12-26,23000000,26,27,35,36,38,51,
revancha,2407,2010-12-29,24000000,12,24,27,32,33,43,
revancha,2408,2011-01-02,25000000,8,13,19,33,40,54,
revancha,2409,2011-01-05,28000000,2,9,10,17,28,40,
revancha,2410,2011-01-09,32000000,1,15,24,36,47,49,
revancha,2411,2011-01-12,36000000,21,27,31,44,52,56,
revancha,2412,2011-01-16,39000000,7,8,14,30,43,46,
revancha,2413,2011-01-19,43000000,23,28,34,40,45,50,
revancha,2414,2011-01-23,47000000,15,18,40,42,51,54,
revancha,2415,2011-01-26,51000000,4,18,20,23,41,44,
revancha,2416,2011-01-30,54000000,8,22,30,49,50,53,
revancha,2417,2011-02-02,59000000,29,30,36,44,46,53,
revancha,2418,2011-02-06,62000000,1,8,14,34,37,47,
revancha,2419,2011-02-09,66000000,9,19,29,33,46,50,
revancha,2420,2011-02-13,70000000,4,5,13,19,25,52,
revancha,2421,2011-02-16,74000000,10,13,18,22,35,44,
revancha,2422,2011-02-20,77000000,9,11,23,33,45,56,
revancha,2423,2011-02-23,81000000,2,11,16,42,49,50,
revancha,2424,2011-02-27,85000000,1,11,14,38,41,43,
revancha,2425,2011-03-02,89000000,6,7,14,18,28,46,
revancha,2426,2011-03-06,93000000,1,11,24,31,34,47,
revancha,2427,2011-03-09,97000000,5,17,21,24,26,47,
revancha,2428,2011-03-13,100000000,4,16,33,43,46,48,
revancha,2429,2011-03-16,105000000,2,27,28,33,45,50,
revancha,2430,2011-03-20,109000000,14,15,17,18,33,38,
revancha,2431,2011-03-23,113000000,1,2,3,39,46,50,
revancha,2432,2011-03-27,117000000,13,16,26,34,35,52,
revancha,2433,2011-03-30,121000000,4,8,33,35,36,55,
revancha,2434,2011-04-03,125000000,5,6,26,33,35,38,
revancha,2435,2011-04-06,130000000,4,8,13,17,20,29,
revancha,2436,2011-04-10,134000000,7,9,19,26,31,44,
revancha,2437,2011-04-13,138000000,8,22,23,32,37,54,
revancha,2438,2011-04-17,143000000,3,5,15,25,36,41,
revancha,2439,2011-04-20,148000000,28,31,33,36,38,43,
revancha,2440,2011-04-24,152000000,5,14,18,27,53,55,
revancha,2441,2011-04-27,156000000,30,33,38,39,55,56,
revancha,2442,2011-05-01,161000000,16,22,40,42,44,53,
revancha,2443,2011-05-04,167000000,2,7,11,36,42,49,
revancha,2444,2011-05-08,172000000,1,6,29,31,35,37,
revancha,2445,2011-05-11,20000000,1,3,7,12,15,33,
revancha,2446,2011-05-15,21000000,9,15,22,26,46,47,
revancha,2447,2011-05-18,22000000,1,6,13,42,48,54,
revancha,2448,2011-05-22,20000000,7,16,18,23,35,48,
revancha,2449,2011-05-25,21000000,1,19,21,37,49,53,
revancha,2450,2011-05-29,22000000,4,13,14,42,45,56,
revancha,2451,2011-06-01,23000000,20,22,23,33,43,44,
revancha,2452,2011-06-05,24000000,2,17,23,24,51,55,
revancha,2453,2011-06-08,25000000,8,18,26,33,41,43,
revancha,2454,2011-06-12,26000000,7,11,14,21,52,56,
revancha,2455,2011-06-15,28000000,2,9,15,41,42,44,
revancha,2456,2011-06-19,32000000,18,39,40,50,54,56,
revancha,2457,2011-06-22,20000000,18,19,26,43,46,51,
revancha,2458,2011-06-26,21000000,7,10,40,42,50,53,
revancha,2459,2011-06-29,22000000,3,18,22,39,47,53,
revancha,2460,2011-07-03,23000000,4,10,18,23,40,48,
revancha,2461,2011-07-06,24000000,1,3,15,19,24,39,
revancha,2462,2011-07-10,25000000,5,41,45,51,52,53,
revancha,2463,2011-07-13,26000000,13,22,30,33,49,56,
revancha,2464,2011-07-17,27000000,18,25,30,34,36,47,
revancha,2465,2011-07-20,31000000,2,20,36,38,41,55,
revancha,2466,2011-07-24,35000000,2,11,17,25,49,52,
revancha,2467,2011-07-27,37000000,6,22,37,38,39,54,
revancha,2468,2011-07-31,41000000,5,32,40,41,43,44,
revancha,2469,2011-08-03,45000000,4,15,24,39,44,47,
revancha,2470,2011-08-07,49000000,2,9,35,40,49,55,
revancha,2471,2011-08-10,53000000,5,15,17,33,50,54,
revancha,2472,2011-08-14,55000000,4,16,29,37,48,56,
revancha,2473,2011-08-17,60000000,2,11,16,26,28,35,
revancha,2474,2011-08-21,63000000,13,21,26,29,43,46,
revancha,2475,2011-08-24,67000000,10,37,39,41,42,46,
revancha,2476,2011-08-28,70000000,9,13,23,26,27,29,
revancha,2477,2011-08-31,73000000,3,5,16,32,38,40,
revancha,2478,2011-09-04,77000000,1,13,14,22,30,43,
revancha,2479,2011-09-07,81000000,12,15,18,28,36,48,
revancha,2480,2011-09-11,84000000,30,36,46,52,53,54,
revancha,2481,2011-09-14,20000000,7,10,12,18,21,27,
revancha,2482,2011-09-18,21000000,2,5,19,47,50,52,
revancha,2483,2011-09-21,22000000,5,20,32,36,45,54,
revancha,2484,2011-09-25,23000000,12,24,28,40,49,53,
revancha,2485,2011-09-28,24000000,4,20,26,37,51,56,
revancha,2486,2011-10-02,25000000,26,40,43,44,51,55,
revancha,2487,2011-10-05,27000000,14,24,46,51,53,56,
revancha,2488,2011-10-09,30000000,13,22,34,42,44,48,
revancha,2489,2011-10-12,34000000,1,10,29,31,39,44,
revancha,2490,2011-10-16,38000000,14,24,26,31,44,56,
revancha,2491,2011-10-19,42000000,2,4,10,19,30,46,
revancha,2492,2011-10-23,46000000,5,24,27,32,33,36,
revancha,2493,2011-10-26,50000000,5,14,18,23,34,42,
revancha,2494,2011-10-30,54000000,3,20,31,51,52,54,
revancha,2495,2011-11-02,58000000,7,20,30,37,46,48,
revancha,2496,2011-11-06,62000000,5,9,18,19,27,51,
revancha,2497,2011-11-09,66000000,3,36,37,39,40,49,
revancha,2498,2011-11-13,69000000,4,25,39,41,46,49,
revancha,2499,2011-11-16,73000000,12,16,18,27,30,51,
revancha,2500,2011-11-20,77000000,1,13,17,51,53,55,
revancha,2501,2011-11-23,80000000,6,7,9,39,42,53,
revancha,2502,2011-11-27,83000000,7,9,10,15,39,44,
revancha,2503,2011-11-30,86000000,1,14,23,29,45,52,
revancha,2504,2011-12-04,20000000,7,18,23,27,45,54,
revancha,2505,2011-12-07,21000000,6,31,34,35,45,55,
revancha,2506,2011-12-11,22000000,8,9,28,34,42,49,
revancha,2507,2011-12-14,23000000,21,25,26,38,47,51,
revancha,2508,2011-12-18,24000000,2,5,16,32,46,50,
revancha,2509,2011-12-21,25000000,10,11,13,44,52,55,
revancha,2510,2011-12-25,26000000,3,12,18,27,34,48,
revancha,2511,2011-12-28,27000000,11,22,30,41,42,56,
revancha,2512,2012-01-01,29000000,2,19,23,29,43,45,
revancha,2513,2012-01-04,33000000,9,17,23,47,50,55,
revancha,2514,2012-01-08,37000000,10,15,19,26,38,44,
revancha,2515,2012-01-11,41000000,13,19,25,27,31,47,
revancha,2516,2012-01-15,44000000,1,6,27,31,45,49,
revancha,2517,2012-01-18,48000000,24,28,30,35,36,45,
revancha,2518,2012-01-22,20000000,9,20,36,51,53,54,
revancha,2519,2012-01-25,21000000,19,21,25,39,48,53,
revancha,2520,2012-01-29,22000000,12,22,26,42,53,56,
revancha,2521,2012-02-01,23000000,3,5,35,38,52,56,
revancha,2522,2012-02-05,24000000,3,12,19,31,37,49,
revancha,2523,2012-02-08,25000000,6,8,20,29,40,44,
revancha,2524,2012-02-12,26000000,2,5,20,24,36,37,
revancha,2525,2012-02-15,27000000,7,12,24,25,44,47,
revancha,2526,2012-02-19,28000000,2,29,34,39,49,54,
revancha,2527,2012-02-22,31000000,10,20,23,53,55,56,
revancha,2528,2012-02-26,34000000,26,28,33,44,46,54,
revancha,2529,2012-02-29,38000000,3,13,15,16,17,24,
revancha,2530,2012-03-04,41000000,7,10,18,20,42,48,
revancha,2531,2012-03-07,44000000,4,5,7,29,36,37,
revancha,2532,2012-03-11,47000000,14,15,28,31,40,50,
revancha,2533,2012-03-14,50000000,7,22,30,31,38,44,
revancha,2534,2012-03-18,53000000,6,28,36,38,39,41,
revancha,2535,2012-03-21,56000000,23,24,26,35,36,38,
revancha,2536,2012-03-25,60000000,6,9,16,26,51,54,
revancha,2537,2012-03-28,63000000,4,21,44,48,49,56,
revancha,2538,2012-04-01,66000000,10,36,42,50,51,55,
revancha,2539,2012-04-04,69000000,5,13,25,46,52,56,
revancha,2540,2012-04-08,73000000,13,20,23,33,39,51,
revancha,2541,2012-04-11,77000000,1,9,27,42,50,53,
revancha,2542,2012-04-15,80000000,1,3,12,29,50,52,
revancha,2543,2012-04-18,20000000,6,11,24,33,49,56,
revancha,2544,2012-04-22,20000000,7,9,14,24,48,56,
revancha,2545,2012-04-25,21000000,7,23,28,30,45,47,
revancha,2546,2012-04-29,22000000,11,14,25,29,53,55,
revancha,2547,2012-05-02,23000000,5,11,24,25,29,36,
revancha,2548,2012-05-06,24000000,8,18,25,28,29,30,
revancha,2549,2012-05-09,25000000,2,10,17,19,20,44,
revancha,2550,2012-05-13,26000000,2,4,6,18,42,51,
revancha,2551,2012-05-16,27000000,2,14,19,21,26,40,
revancha,2552,2012-05-20,28000000,19,24,29,39,49,51,
revancha,2553,2012-05-23,30000000,5,7,15,18,23,37,
revancha,2554,2012-05-27,33000000,4,8,15,29,30,52,
revancha,2555,2012-05-30,36000000,15,28,31,43,49,52,
revancha,2556,2012-06-03,39000000,5,9,25,36,40,48,
revancha,2557,2012-06-06,43000000,10,12,16,21,47,49,
revancha,2558,2012-06-10,46000000,3,9,37,39,40,54,
revancha,2559,2012-06-13,20000000,8,13,16,20,37,43,
revancha,2560,2012-06-17,21000000,2,6,8,12,31,49,
revancha,2561,2012-06-20,22000000,3,13,15,18,40,54,
revancha,2562,2012-06-24,23000000,1,16,31,35,45,46,
revancha,2563,2012-06-27,24000000,5,10,14,20,25,51,
revancha,2564,2012-07-01,25000000,4,20,22,41,49,51,
revancha,2565,2012-07-04,26000000,3,13,25,35,41,50,
revancha,2566,2012-07-08,27000000,4,22,26,27,37,41,
revancha,2567,2012-07-11,28000000,2,13,24,49,53,55,
revancha,2568,2012-07-15,30000000,15,23,37,40,48,49,
revancha,2569,2012-07-18,34000000,13,21,28,29,30,39,
revancha,2570,2012-07-22,36000000,3,23,36,39,41,48,
revancha,2571,2012-07-25,38000000,2,6,18,25,51,55,
revancha,2572,2012-07-29,20000000,1,27,34,41,50,56,
revancha,2573,2012-08-01,21000000,5,7,9,10,25,45,
revancha,2574,2012-08-05,22000000,19,24,25,27,30,36,
revancha,2575,2012-08-08,23000000,6,7,9,17,29,46,
revancha,2576,2012-08-12,24000000,5,21,32,34,41,53,
revancha,2577,2012-08-15,25000000,3,7,33,50,52,56,
revancha,2578,2012-08-19,26000000,9,28,31,39,47,52,
revancha,2579,2012-08-22,27000000,11,15,26,43,51,53,
revancha,2580,2012-08-26,28000000,3,18,22,23,25,37,
revancha,2581,2012-08-29,29000000,12,14,15,24,44,50,
revancha,2582,2012-09-02,30000000,3,5,10,12,20,37,
revancha,2583,2012-09-05,31000000,5,16,31,38,40,53,
revancha,2584,2012-09-09,32500000,15,20,29,50,53,56,
revancha,2585,2012-09-12,35000000,10,16,26,33,34,55,
revancha,2586,2012-09-16,37500000,8,21,24,33,34,40,
revancha,2587,2012-09-19,40500000,1,13,24,25,43,46,
revancha,2588,2012-09-23,43000000,4,11,16,17,20,45,
revancha,2589,2012-09-26,45500000,13,14,24,31,50,55,
revancha,2590,2012-09-30,48000000,4,16,26,31,33,36,
revancha,2591,2012-10-03,51000000,6,13,23,30,33,45,
revancha,2592,2012-10-07,54000000,13,18,20,34,51,55,
revancha,2593,2012-10-10,57000000,6,21,25,36,41,48,
revancha,2594,2012-10-14,59500000,12,13,17,26,41,55,
revancha,2595,2012-10-17,62500000,12,16,30,32,40,54,
revancha,2596,2012-10-21,65000000,11,13,22,26,36,48,
revancha,2597,2012-10-24,68000000,1,37,38,39,41,51,
revancha,2598,2012-10-28,20000000,3,5,11,30,35,50,
revancha,2599,2012-10-31,20000000,3,9,14,27,42,53,
revancha,2600,2012-11-04,21000000,10,27,40,53,55,56,
revancha,2601,2012-11-07,22000000,16,17,28,41,44,53,
revancha,2602,2012-11-11,23000000,14,26,39,41,44,48,
revancha,2603,2012-11-14,24000000,1,12,19,26,38,54,
revancha,2604,2012-11-18,25000000,4,15,17,21,35,37,
revancha,2605,2012-11-21,26000000,1,26,35,48,52,54,
revancha,2606,2012-11-25,27000000,9,20,45,54,55,56,
revancha,2607,2012-11-28,28000000,22,24,30,40,50,56,
revancha,2608,2012-12-02,29000000,7,15,16,21,36,39,
revancha,2609,2012-12-05,32000000,14,25,27,34,50,55,
revancha,2610,2012-12-09,35000000,1,9,20,28,33,44,
revancha,2611,2012-12-12,38000000,11,17,28,38,50,56,
revancha,2612,2012-12-16,41500000,2,7,16,25,33,54,
revancha,2613,2012-12-19,44000000,2,8,30,34,37,39,
revancha,2614,2012-12-23,47500000,1,11,18,22,26,30,
revancha,2615,2012-12-26,51500000,11,12,14,27,31,50,
revancha,2616,2012-12-30,54000000,5,8,16,32,44,45,
revancha,2617,2013-01-02,58000000,2,14,16,26,34,43,
revancha,2618,2013-01-06,60500000,10,19,25,35,44,56,
revancha,2619,2013-01-09,64500000,5,7,31,38,47,50,
revancha,2620,2013-01-13,68000000,5,9,11,17,33,34,
revancha,2621,2013-01-16,71500000,21,27,28,30,35,40,
revancha,2622,2013-01-20,75000000,14,22,43,48,55,56,
revancha,2623,2013-01-23,79000000,8,10,11,17,34,35,
revancha,2624,2013-01-27,82500000,2,12,22,33,35,44,
revancha,2625,2013-01-30,86000000,8,10,16,21,45,47,
revancha,2626,2013-02-03,89500000,5,15,18,21,42,56,
revancha,2627,2013-02-06,93500000,5,27,29,31,43,44,
revancha,2628,2013-02-10,97000000,2,13,33,36,38,43,
revancha,2629,2013-02-13,101000000,1,3,15,32,46,53,
revancha,2630,2013-02-17,104500000,9,16,24,28,43,55,
revancha,2631,2013-02-20,109000000,6,7,10,18,49,56,
revancha,2632,2013-02-24,113000000,8,15,20,31,38,54,
revancha,2633,2013-02-27,117000000,4,17,19,26,52,54,
revancha,2634,2013-03-03,120500000,21,23,28,46,47,53,
revancha,2635,2013-03-06,125000000,5,6,7,25,38,40,
revancha,2636,2013-03-10,129000000,15,29,33,38,48,54,
revancha,2637,2013-03-13,133500000,5,25,29,32,40,55,
revancha,2638,2013-03-17,137500000,17,20,33,42,43,52,
revancha,2639,2013-03-20,142000000,23,29,35,37,45,54,
revancha,2640,2013-03-24,146000000,3,26,31,38,49,56,
revancha,2641,2013-03-27,150000000,2,4,13,19,52,55,
revancha,2642,2013-03-31,154000000,1,4,15,23,33,47,
revancha,2643,2013-04-03,158000000,16,26,33,35,40,54,
revancha,2644,2013-04-07,162500000,1,4,11,26,44,47,
revancha,2645,2013-04-10,167500000,6,17,27,32,41,53,
revancha,2646,2013-04-14,172000000,9,15,16,24,33,50,
revancha,2647,2013-04-17,177000000,1,4,9,26,42,46,
revancha,2648,2013-04-21,181000000,11,12,21,39,40,45,
revancha,2649,2013-04-24,186500000,4,6,26,38,43,50,
revancha,2650,2013-04-28,190500000,1,12,16,18,35,48,
revancha,2651,2013-05-01,195000000,2,3,11,32,37,40,
revancha,2652,2013-05-05,200000000,1,7,23,25,44,55,
revancha,2653,2013-05-08,205000000,18,26,33,39,43,45,
revancha,2654,2013-05-12,210000000,2,4,41,48,49,52,
revancha,2655,2013-05-15,215000000,8,11,26,32,38,41,
revancha,2656,2013-05-19,220000000,4,14,20,34,39,40,
revancha,2657,2013-05-22,226000000,5,22,32,36,50,55,
revancha,2658,2013-05-26,230000000,8,18,23,29,30,37,
revancha,2659,2013-05-29,235000000,10,30,32,44,45,47,
revancha,2660,2013-06-02,240500000,21,29,31,42,46,49,
revancha,2661,2013-06-05,247000000,4,13,21,25,29,50,
revancha,2662,2013-06-09,251500000,3,10,26,42,43,50,
revancha,2663,2013-06-12,257000000,3,4,9,17,31,56,
revancha,2664,2013-06-16,261500000,9,11,23,25,33,42,
revancha,2665,2013-06-19,267000000,2,3,13,34,39,50,
revancha,2666,2013-06-23,272000000,2,19,26,32,33,49,
revancha,2667,2013-06-26,278000000,13,21,22,24,47,55,
revancha,2668,2013-06-30,283000000,1,12,20,35,46,47,
revancha,2669,2013-07-03,288000000,5,6,23,33,35,44,
revancha,2670,2013-07-07,292000000,5,11,25,26,30,35,
revancha,2671,2013-07-10,297000000,3,7,34,42,46,52,
revancha,2672,2013-07-14,301000000,9,12,17,24,29,54,
revancha,2673,2013-07-17,305500000,17,21,30,35,36,40,
revancha,2674,2013-07-21,310000000,3,12,17,38,39,48,
revancha,2675,2013-07-24,314500000,3,8,11,14,15,24,
revancha,2676,2013-07-28,318000000,4,27,42,46,50,53,
revancha,2677,2013-07-31,322500000,4,10,18,36,50,52,
revancha,2678,2013-08-04,326000000,5,7,17,24,35,56,
revancha,2679,2013-08-07,20000000,2,15,20,32,36,51,
revancha,2680,2013-08-11,21000000,4,12,18,22,30,43,
revancha,2681,2013-08-14,22000000,8,23,28,33,47,52,
revancha,2682,2013-08-18,23000000,7,15,19,40,46,54,
revancha,2683,2013-08-21,24000000,13,33,37,42,48,55,
revancha,2684,2013-08-25,25000000,3,17,26,28,31,32,
revancha,2685,2013-08-28,26000000,4,15,18,30,31,44,
revancha,2686,2013-09-01,27000000,10,16,19,37,48,56,
revancha,2687,2013-09-04,28000000,6,9,24,26,32,49,
revancha,2688,2013-09-08,29500000,1,5,6,8,15,29,
revancha,2689,2013-09-11,32500000,30,35,36,39,40,45,
revancha,2690,2013-09-15,35000000,12,13,35,42,46,49,
revancha,2691,2013-09-18,38500000,5,23,26,34,35,55,
revancha,2692,2013-09-22,40500000,3,8,11,37,40,53,
revancha,2693,2013-09-25,43500000,4,13,18,32,36,47,
revancha,2694,2013-09-29,46000000,14,21,25,30,34,56,
revancha,2695,2013-10-02,49000000,2,3,6,8,19,30,
revancha,2696,2013-10-06,52000000,25,28,31,41,43,53,
revancha,2697,2013-10-09,55000000,2,4,6,27,45,51,
revancha,2698,2013-10-13,57000000,7,11,13,21,34,50,
revancha,2699,2013-10-16,60000000,7,29,35,37,50,51,
revancha,2700,2013-10-20,63000000,12,18,23,25,38,40,
revancha,2701,2013-10-23,66000000,7,17,32,36,38,39,
revancha,2702,2013-10-27,68500000,9,10,11,16,26,29,
revancha,2703,2013-10-30,71000000,21,25,27,36,40,55,
revancha,2704,2013-11-03,74000000,2,11,16,23,24,31,
revancha,2705,2013-11-06,77000000,17,18,30,39,45,46,
revancha,2706,2013-11-10,80000000,5,24,30,35,43,48,
revancha,2707,2013-11-13,83000000,17,25,31,32,37,56,
revancha,2708,2013-11-17,86000000,4,7,28,29,50,53,
revancha,2709,2013-11-20,89000000,3,12,14,16,27,56,
revancha,2710,2013-11-24,91000000,19,21,24,26,45,50,
revancha,2711,2013-11-27,94500000,8,15,19,25,26,27,
revancha,2712,2013-12-01,97000000,1,19,30,43,45,46,
revancha,2713,2013-12-04,101000000,1,12,44,46,51,55,
revancha,2714,2013-12-08,104000000,18,23,38,40,43,52,
revancha,2715,2013-12-11,107000000,5,11,13,17,21,35,
revancha,2716,2013-12-15,109500000,6,8,13,19,21,25,
revancha,2717,2013-12-18,112500000,8,9,16,40,41,46,
revancha,2718,2013-12-22,116000000,16,21,33,34,39,45,
revancha,2719,2013-12-25,118500000,3,17,24,30,34,46,
revancha,2720,2013-12-29,121500000,2,24,27,32,42,52,
revancha,2721,2014-01-01,125000000,1,10,13,24,30,40,
revancha,2722,2014-01-05,128000000,4,22,29,33,46,52,
revancha,2723,2014-01-08,131500000,2,32,37,39,48,52,
revancha,2724,2014-01-12,135000000,2,13,19,30,38,56,
revancha,2725,2014-01-15,138500000,7,18,19,38,50,56,
revancha,2726,2014-01-19,141000000,4,7,8,12,25,50,
revancha,2727,2014-01-22,144500000,8,19,40,42,50,52,
revancha,2728,2014-01-26,147500000,17,21,23,32,34,45,
revancha,2729,2014-01-29,151000000,2,10,34,36,42,50,
revancha,2730,2014-02-02,153500000,17,23,32,34,40,41,
revancha,2731,2014-02-05,157500000,15,19,29,50,51,53,
revancha,2732,2014-02-09,161000000,14,17,18,39,46,53,
revancha,2733,2014-02-12,164500000,7,18,23,24,31,56,
revancha,2734,2014-02-16,167000000,5,26,27,30,44,51,
revancha,2735,2014-02-19,170000000,1,26,33,34,44,45,
revancha,2736,2014-02-23,173000000,7,17,18,29,33,52,
revancha,2737,2014-02-26,176000000,1,11,14,22,27,34,
revancha,2738,2014-03-02,178500000,11,12,28,30,50,54,
revancha,2739,2014-03-05,182000000,10,14,36,49,51,54,
revancha,2740,2014-03-09,185000000,3,9,21,27,46,48,
revancha,2741,2014-03-12,188000000,3,4,13,22,27,29,
revancha,2742,2014-03-16,190000000,25,33,34,50,52,53,
revancha,2743,2014-03-19,193500000,14,23,26,31,37,45,
revancha,2744,2014-03-23,196000000,4,5,20,36,41,53,
revancha,2745,2014-03-26,199500000,15,19,21,24,38,48,
revancha,2746,2014-03-30,202000000,2,21,27,29,33,47,
revancha,2747,2014-04-02,205000000,3,4,15,26,42,47,
revancha,2748,2014-04-06,208000000,24,33,36,43,48,52,
revancha,2749,2014-04-09,211000000,1,2,4,22,36,37,
revancha,2750,2014-04-13,214000000,14,24,46,54,55,56,
revancha,2751,2014-04-16,217000000,2,21,24,32,37,47,
revancha,2752,2014-04-20,219500000,7,10,14,22,39,54,
revancha,2753,2014-04-23,222000000,17,26,28,31,37,47,
revancha,2754,2014-04-27,225000000,8,10,23,26,44,56,
revancha,2755,2014-04-30,229000000,4,12,16,20,22,47,
revancha,2756,2014-05-04,231500000,12,19,33,34,41,55,
revancha,2757,2014-05-07,234500000,32,34,35,36,50,55,
revancha,2758,2014-05-11,238000000,9,22,44,45,48,49,
revancha,2759,2014-05-14,241000000,11,13,19,25,36,37,
revancha,2760,2014-05-18,244000000,1,5,20,27,35,54,
revancha,2761,2014-05-21,247000000,24,32,39,43,47,51,
revancha,2762,2014-05-25,251000000,5,15,17,22,38,46,
revancha,2763,2014-05-28,254000000,17,18,31,39,47,54,
revancha,2764,2014-06-01,256500000,8,9,17,34,38,53,
revancha,2765,2014-06-04,260500000,23,25,26,28,55,56,
revancha,2766,2014-06-08,263500000,8,24,30,31,43,44,
revancha,2767,2014-06-11,267000000,3,4,7,24,28,56,
revancha,2768,2014-06-15,269000000,6,13,27,46,52,55,
revancha,2769,2014-06-18,273000000,20,30,35,40,41,45,
revancha,2770,2014-06-22,276000000,5,25,32,35,40,51,
revancha,2771,2014-06-25,279000000,4,5,14,39,42,45,
revancha,2772,2014-06-29,282000000,8,17,20,22,28,44,
revancha,2773,2014-07-02,285000000,13,19,21,25,54,56,
revancha,2774,2014-07-06,288000000,5,25,26,29,32,37,
revancha,2775,2014-07-09,292000000,3,20,22,31,43,52,
revancha,2776,2014-07-13,294500000,1,26,39,40,41,52,
revancha,2777,2014-07-16,298500000,16,19,28,34,48,49,
revancha,2778,2014-07-20,302000000,4,10,13,31,38,54,
revancha,2779,2014-07-23,305000000,14,16,17,31,48,56,
revancha,2780,2014-07-27,308000000,2,3,15,16,26,47,
revancha,2781,2014-07-30,311500000,6,26,29,41,46,48,
revancha,2782,2014-08-03,315000000,18,20,27,38,47,54,
revancha,2783,2014-08-06,319000000,6,7,15,23,31,46,
revancha,2784,2014-08-10,322000000,19,29,33,34,43,46,
revancha,2785,2014-08-13,326000000,13,20,35,36,37,52,
revancha,2786,2014-08-17,329000000,4,23,28,44,45,48,
revancha,2787,2014-08-20,332500000,16,24,27,29,35,53,
revancha,2788,2014-08-24,335500000,6,12,13,24,36,53,
revancha,2789,2014-08-27,339000000,16,24,47,50,52,55,
revancha,2790,2014-08-31,341500000,1,16,45,46,53,54,
revancha,2791,2014-09-03,345000000,1,7,16,22,34,55,
revancha,2792,2014-09-07,348000000,3,4,15,18,21,34,
revancha,2793,2014-09-10,351500000,16,22,27,28,30,49,
revancha,2794,2014-09-14,354000000,7,10,28,33,41,45,
revancha,2795,2014-09-17,357500000,24,28,30,32,37,47,
revancha,2796,2014-09-21,360000000,4,41,45,52,53,55,
revancha,2797,2014-09-24,364000000,17,29,31,35,46,54,
revancha,2798,2014-09-28,367000000,2,13,16,29,45,49,
revancha,2799,2014-10-01,370000000,8,24,27,38,51,52,
revancha,2800,2014-10-05,373500000,7,17,22,32,42,53,
revancha,2801,2014-10-08,376500000,5,13,21,43,45,53,
revancha,2802,2014-10-12,379500000,2,6,27,41,44,46,
revancha,2803,2014-10-15,383000000,7,25,29,35,43,54,
revancha,2804,2014-10-19,385000000,12,22,37,39,46,49,
revancha,2805,2014-10-22,389000000,4,19,32,35,42,56,
revancha,2806,2014-10-26,392000000,10,19,27,42,46,54,
revancha,2807,2014-10-29,395000000,4,38,43,47,50,53,
revancha,2808,2014-11-02,398500000,22,23,40,50,52,56,
revancha,2809,2014-11-05,402500000,2,24,33,45,49,51,
revancha,2810,2014-11-09,405500000,24,28,32,36,40,52,
revancha,2811,2014-11-12,409000000,6,12,25,31,37,42,
revancha,2812,2014-11-16,412000000,5,18,20,32,33,49,
revancha,2813,2014-11-19,415500000,2,21,24,28,29,53,
revancha,2814,2014-11-23,20000000,10,12,31,32,38,42,
revancha,2815,2014-11-26,21000000,4,21,22,33,34,50,
revancha,2816,2014-11-30,22000000,3,16,17,18,36,43,
revancha,2817,2014-12-03,23000000,16,18,20,25,47,55,
revancha,2818,2014-12-07,24000000,3,11,32,40,41,47,
revancha,2819,2014-12-10,20000000,8,16,18,19,33,45,
revancha,2820,2014-12-14,21000000,3,4,11,12,36,53,
revancha,2821,2014-12-17,22000000,3,32,35,36,43,56,
revancha,2822,2014-12-21,23000000,4,32,33,35,39,42,
revancha,2823,2014-12-24,24000000,1,17,34,38,48,54,
revancha,2824,2014-12-28,25000000,3,12,25,33,39,51,
revancha,2825,2014-12-31,26000000,17,36,40,42,48,50,
revancha,2826,2015-01-04,27000000,1,6,21,25,48,55,
revancha,2827,2015-01-07,28000000,1,5,16,20,31,52,
revancha,2828,2015-01-11,29000000,10,20,28,42,44,51,
revancha,2829,2015-01-14,31000000,27,32,36,39,43,46,
revancha,2830,2015-01-18,34000000,18,25,30,41,49,56,
revancha,2831,2015-01-21,37000000,18,22,25,45,49,52,
revancha,2832,2015-01-25,40500000,4,6,9,25,38,55,
revancha,2833,2015-01-28,43000000,13,23,26,37,51,54,
revancha,2834,2015-02-01,46000000,4,20,35,36,38,56,
revancha,2835,2015-02-04,48500000,1,4,17,31,43,56,
revancha,2836,2015-02-08,51500000,1,7,22,28,49,55,
revancha,2837,2015-02-11,55000000,8,13,31,36,41,54,
revancha,2838,2015-02-15,58000000,4,30,31,33,51,54,
revancha,2839,2015-02-18,61000000,13,23,26,39,47,48,
revancha,2840,2015-02-22,63500000,2,15,31,40,45,49,
revancha,2841,2015-02-25,67000000,17,18,37,38,43,52,
revancha,2842,2015-03-01,69500000,1,12,14,18,39,40,
revancha,2843,2015-03-04,73000000,2,6,7,25,29,34,
revancha,2844,2015-03-08,75500000,28,30,35,43,47,50,
revancha,2845,2015-03-11,79000000,9,33,37,45,48,52,
revancha,2846,2015-03-15,81500000,1,3,4,10,17,56,
revancha,2847,2015-03-18,84500000,15,24,30,40,52,55,
revancha,2848,2015-03-22,87500000,35,39,44,48,53,56,
revancha,2849,2015-03-25,91000000,3,20,28,32,49,52,
revancha,2850,2015-03-29,93500000,7,13,17,22,29,52,
revancha,2851,2015-04-01,96000000,2,9,13,16,17,23,
revancha,2852,2015-04-05,98000000,1,2,4,10,37,55,
revancha,2853,2015-04-08,101500000,8,28,39,44,47,55,
revancha,2854,2015-04-12,104000000,6,10,32,39,42,46,
revancha,2855,2015-04-15,107500000,12,28,37,43,45,52,
revancha,2856,2015-04-19,20000000,25,26,34,35,42,46,
revancha,2857,2015-04-22,20500000,22,26,40,45,52,53,
revancha,2858,2015-04-26,21000000,8,17,18,25,35,37,
revancha,2859,2015-04-29,21500000,5,6,9,10,16,36,
revancha,2860,2015-05-03,22000000,3,19,26,29,37,40,
revancha,2861,2015-05-06,22500000,2,18,22,40,46,52,
revancha,2862,2015-05-10,23000000,21,29,35,38,44,45,
revancha,2863,2015-05-13,20000000,7,23,26,30,44,56,
revancha,2864,2015-05-17,20500000,3,5,23,30,48,49,
revancha,2865,2015-05-20,21000000,15,25,29,33,34,36,
revancha,2866,2015-05-24,21500000,4,11,15,16,33,44,
revancha,2867,2015-05-27,22000000,6,26,31,41,42,56,
revancha,2868,2015-05-31,25500000,15,25,33,42,49,51,
revancha,2869,2015-06-03,26000000,14,15,17,36,39,54,
revancha,2870,2015-06-07,26500000,9,14,17,37,43,47,
revancha,2871,2015-06-10,27000000,4,11,29,30,36,54,
revancha,2872,2015-06-14,30000000,21,27,30,32,36,42,
revancha,2873,2015-06-17,33500000,5,6,20,31,41,49,
revancha,2874,2015-06-21,36000000,9,18,24,38,49,53,
revancha,2875,2015-06-24,39000000,4,13,14,23,30,55,
revancha,2876,2015-06-28,41500000,7,29,31,37,39,54,
revancha,2877,2015-07-01,45000000,3,16,21,25,29,43,
revancha,2878,2015-07-05,20000000,2,4,13,24,31,42,
revancha,2879,2015-07-08,20500000,14,20,36,44,47,56,
revancha,2880,2015-07-12,21000000,6,11,12,34,50,53,
revancha,2881,2015-07-15,21500000,17,20,23,25,41,55,
revancha,2882,2015-07-19,22000000,17,41,43,50,52,53,
revancha,2883,2015-07-22,22500000,2,10,30,36,37,47,
revancha,2884,2015-07-26,23000000,2,20,25,43,45,50,
revancha,2885,2015-07-29,24500000,15,27,34,35,36,48,
revancha,2886,2015-08-02,27500000,5,18,20,36,45,55,
revancha,2887,2015-08-05,31000000,14,20,32,39,41,46,
revancha,2888,2015-08-09,33000000,1,4,34,42,43,45,
revancha,2889,2015-08-12,36500000,4,29,31,33,37,51,
revancha,2890,2015-08-16,39500000,1,16,22,25,43,51,
revancha,2891,2015-08-19,43500000,19,28,29,43,48,53,
revancha,2892,2015-08-23,46500000,5,12,16,17,29,34,
revancha,2893,2015-08-26,50000000,6,12,24,41,47,55,
revancha,2894,2015-08-30,53000000,8,13,18,20,46,53,
revancha,2895,2015-09-02,57000000,16,18,22,37,45,46,
revancha,2896,2015-09-06,60000000,3,9,12,19,25,47,
revancha,2897,2015-09-09,64000000,8,16,28,30,31,44,
revancha,2898,2015-09-13,66500000,1,2,9,34,35,49,
revancha,2899,2015-09-16,70000000,14,18,27,28,42,51,
revancha,2900,2015-09-20,73000000,7,20,21,29,38,49,
revancha,2901,2015-09-23,77500000,3,15,19,37,42,44,
revancha,2902,2015-09-27,80000000,8,24,30,36,38,50,
revancha,2903,2015-09-30,83500000,10,21,23,35,37,53,
revancha,2904,2015-10-04,87000000,13,17,20,30,49,53,
revancha,2905,2015-10-07,89500000,3,12,16,40,42,53,
revancha,2906,2015-10-11,20000000,1,15,32,34,36,47,
revancha,2907,2015-10-14,20500000,20,22,25,27,30,38,
revancha,2908,2015-10-18,21000000,1,12,19,20,42,49,
revancha,2909,2015-10-21,21500000,18,33,36,37,46,49,
revancha,2910,2015-10-25,22000000,3,27,28,31,41,46,
revancha,2911,2015-10-28,22500000,1,5,14,36,48,51,
revancha,2912,2015-11-01,23000000,5,8,43,44,51,56,
revancha,2913,2015-11-04,23500000,25,31,34,36,37,45,
revancha,2914,2015-11-08,24000000,5,6,7,9,39,43,
revancha,2915,2015-11-11,26000000,7,31,32,34,38,49,
revancha,2916,2015-11-15,28500000,6,25,30,38,44,50,
revancha,2917,2015-11-18,20000000,5,25,27,31,45,47,
revancha,2918,2015-11-22,20500000,21,37,39,51,55,56,
revancha,2919,2015-11-25,21000000,13,14,37,39,43,46,
revancha,2920,2015-11-29,21500000,19,23,29,32,41,48,
revancha,2921,2015-12-02,22000000,23,30,32,38,48,54,
revancha,2922,2015-12-06,22500000,2,14,15,19,36,40,
revancha,2923,2015-12-09,23000000,1,6,10,16,29,33,
revancha,2924,2015-12-13,23500000,5,11,15,30,42,54,
revancha,2925,2015-12-16,24000000,13,20,22,26,31,56,
revancha,2926,2015-12-20,27000000,12,35,37,39,44,46,
revancha,2927,2015-12-23,30500000,2,9,14,20,24,38,
revancha,2928,2015-12-27,33500000,4,11,22,26,42,51,
revancha,2929,2015-12-30,36000000,3,8,13,21,23,31,
revancha,2930,2016-01-03,20000000,5,7,24,36,42,43,
revancha,2931,2016-01-06,20500000,32,42,43,44,45,56,
revancha,2932,2016-01-10,21000000,15,16,18,25,28,44,
revancha,2933,2016-01-13,21500000,1,8,12,27,36,51,
revancha,2934,2016-01-17,22000000,1,4,14,27,39,44,
revancha,2935,2016-01-20,22500000,13,15,17,39,45,46,
revancha,2936,2016-01-24,23500000,2,16,19,20,23,55,
revancha,2937,2016-01-27,24000000,11,21,28,31,35,49,
revancha,2938,2016-01-31,24500000,2,13,15,32,39,43,
revancha,2939,2016-02-03,27000000,3,37,38,39,55,56,
revancha,2940,2016-02-07,30000000,5,8,17,42,47,51,
revancha,2941,2016-02-10,33000000,16,28,29,43,50,54,
revancha,2942,2016-02-14,35500000,17,21,36,44,45,53,
revancha,2943,2016-02-17,38500000,3,4,26,27,35,36,
revancha,2944,2016-02-21,41000000,26,33,35,43,49,54,
revancha,2945,2016-02-24,44000000,13,21,22,23,25,51,
revancha,2946,2016-02-28,46500000,11,21,23,35,48,50,
revancha,2947,2016-03-02,49500000,8,18,22,30,33,52,
revancha,2948,2016-03-06,52000000,4,8,27,30,36,53,
revancha,2949,2016-03-09,54800000,7,14,20,22,37,44,
revancha,2950,2016-03-13,57100000,10,19,29,33,40,53,
revancha,2951,2016-03-16,60100000,13,16,26,33,39,54,
revancha,2952,2016-03-20,62500000,5,10,12,16,17,54,
revancha,2953,2016-03-23,20000000,7,8,25,28,50,54,
revancha,2954,2016-03-27,20100000,14,16,36,47,51,53,
revancha,2955,2016-03-30,20200000,9,12,40,46,47,50,
revancha,2956,2016-04-03,20300000,8,9,12,20,31,48,
revancha,2957,2016-04-06,20400000,17,19,37,48,51,52,
revancha,2958,2016-04-10,20500000,3,25,28,30,36,55,
revancha,2959,2016-04-13,20600000,15,19,22,24,50,51,
revancha,2960,2016-04-17,20700000,6,9,11,15,34,53,
revancha,2961,2016-04-20,21500000,1,7,13,15,38,41,
revancha,2962,2016-04-24,20000000,5,21,24,30,31,39,
revancha,2963,2016-04-27,20100000,7,8,29,33,51,55,
revancha,2964,2016-05-01,20200000,4,5,6,19,42,47,
revancha,2965,2016-05-04,20300000,3,12,34,35,36,39,
revancha,2966,2016-05-08,20400000,5,18,25,27,42,48,
revancha,2967,2016-05-11,20500000,13,24,32,36,38,53,
revancha,2968,2016-05-15,20000000,2,6,7,19,30,50,
revancha,2969,2016-05-18,20100000,1,26,32,41,46,49,
revancha,2970,2016-05-22,20200000,5,10,12,19,21,55,
revancha,2971,2016-05-25,20300000,14,21,22,27,37,54,
revancha,2972,2016-05-29,20400000,8,13,17,38,48,50,
revancha,2973,2016-06-01,20500000,2,9,11,28,48,51,
revancha,2974,2016-06-05,20600000,1,3,6,9,16,31,
revancha,2975,2016-06-08,20700000,12,20,29,45,46,52,
revancha,2976,2016-06-12,21000000,10,12,24,30,32,49,
revancha,2977,2016-06-15,24000000,2,21,30,39,40,41,
revancha,2978,2016-06-19,27000000,7,14,16,22,35,56,
revancha,2979,2016-06-22,29000000,8,10,24,31,37,38,
revancha,2980,2016-06-26,31000000,7,8,11,31,55,56,
revancha,2981,2016-06-29,34000000,6,7,20,29,44,47,
revancha,2982,2016-07-03,36500000,18,27,34,38,45,47,
revancha,2983,2016-07-06,40000000,21,26,33,40,42,46,
revancha,2984,2016-07-10,42000000,1,14,27,28,34,38,
revancha,2985,2016-07-13,45000000,8,18,20,26,37,52,
revancha,2986,2016-07-17,47500000,18,32,39,40,50,54,
revancha,2987,2016-07-20,51000000,1,14,31,32,37,51,
revancha,2988,2016-07-24,53000000,2,5,20,21,32,33,
revancha,2989,2016-07-27,56000000,4,5,15,24,32,39,
revancha,2990,2016-07-31,58000000,6,19,26,37,39,55,
revancha,2991,2016-08-03,61000000,18,38,40,44,51,53,
revancha,2992,2016-08-07,64000000,3,16,25,52,54,55,
revancha,2993,2016-08-10,67000000,14,19,22,23,25,28,
revancha,2994,2016-08-14,69500000,11,13,23,35,47,53,
revancha,2995,2016-08-17,20000000,2,15,17,40,45,49,
revancha,2996,2016-08-21,20100000,10,18,25,26,39,46,
revancha,2997,2016-08-24,20200000,18,22,24,37,46,51,
revancha,2998,2016-08-28,20300000,9,21,28,29,42,51,
revancha,2999,2016-08-31,20400000,1,28,41,43,48,50,
revancha,3000,2016-09-04,20500000,14,36,42,49,50,52,
revancha,3001,2016-09-07,20600000,4,12,21,51,53,56,
revancha,3002,2016-09-11,20700000,14,18,20,22,23,30,
revancha,3003,2016-09-14,23000000,19,32,35,46,50,51,
revancha,3004,2016-09-18,26500000,11,15,16,29,44,47,
revancha,3005,2016-09-21,29000000,9,40,41,43,44,50,
revancha,3006,2016-09-25,32000000,21,22,32,45,50,51,
revancha,3007,2016-09-28,35000000,6,10,25,40,46,56,
revancha,3008,2016-10-02,37500000,17,23,30,38,53,56,
revancha,3009,2016-10-05,40500000,2,12,17,26,44,49,
revancha,3010,2016-10-09,43500000,6,19,21,25,39,43,
revancha,3011,2016-10-12,46500000,9,19,25,26,38,53,
revancha,3012,2016-10-16,49000000,3,24,31,32,41,45,
revancha,3013,2016-10-19,52000000,9,15,26,30,36,39,
revancha,3014,2016-10-23,54500000,5,11,17,24,49,53,
revancha,3015,2016-10-26,57500000,9,18,33,35,53,54,
revancha,3016,2016-10-30,60000000,10,26,37,41,42,46,
revancha,3017,2016-11-02,63000000,11,14,26,29,38,50,
revancha,3018,2016-11-06,66000000,13,17,19,22,38,46,
revancha,3019,2016-11-09,69500000,5,23,36,46,47,56,
revancha,3020,2016-11-13,72000000,1,26,32,39,47,53,
revancha,3021,2016-11-16,75000000,9,11,21,46,54,55,
revancha,3022,2016-11-20,78000000,2,4,30,36,41,47,
revancha,3023,2016-11-23,81000000,6,10,18,24,48,56,
revancha,3024,2016-11-27,83500000,1,2,5,40,47,49,
revancha,3025,2016-11-30,87000000,5,15,29,38,46,53,
revancha,3026,2016-12-04,89900000,7,23,24,27,31,56,
revancha,3027,2016-12-07,91800000,5,11,16,26,34,55,
revancha,3028,2016-12-11,95000000,12,14,29,31,36,45,
revancha,3029,2016-12-14,97600000,13,15,32,34,36,38,
revancha,3030,2016-12-18,100000000,8,21,28,51,53,55,
revancha,3031,2016-12-21,102300000,13,15,30,33,47,50,
revancha,3032,2016-12-25,105100000,18,24,25,30,40,43,
revancha,3033,2016-12-28,107900000,17,32,34,38,49,53,
revancha,3034,2017-01-01,110600000,14,17,19,26,27,35,
revancha,3035,2017-01-04,113000000,8,29,32,39,43,44,
revancha,3036,2017-01-08,115100000,28,29,38,43,51,55,
revancha,3037,2017-01-11,118500000,21,23,32,37,44,55,
revancha,3038,2017-01-15,121500000,4,8,17,24,43,44,
revancha,3039,2017-01-18,124000000,35,36,37,40,46,54,
revancha,3040,2017-01-22,127000000,6,9,15,17,23,37,
revancha,3041,2017-01-25,130000000,25,27,30,39,40,50,
revancha,3042,2017-01-29,131900000,11,20,31,34,46,55,
revancha,3043,2017-02-01,134800000,2,18,19,21,35,54,
revancha,3044,2017-02-05,137400000,6,14,20,40,47,50,
revancha,3045,2017-02-08,140600000,11,28,32,40,43,47,
revancha,3046,2017-02-12,143000000,2,7,16,39,46,50,
revancha,3047,2017-02-15,146000000,2,6,9,15,32,34,
revancha,3048,2017-02-19,148000000,3,6,8,14,53,56,
revancha,3049,2017-02-22,20000000,2,33,37,38,39,50,
revancha,3050,2017-02-26,20100000,3,15,27,28,37,49,
revancha,3051,2017-03-01,20200000,32,44,46,47,51,54,
revancha,3052,2017-03-05,20300000,16,22,37,43,45,53,
revancha,3053,2017-03-08,20400000,4,21,25,44,46,51,
revancha,3054,2017-03-12,20500000,9,15,27,29,45,52,
revancha,3055,2017-03-15,20600000,2,26,43,46,47,51,
revancha,3056,2017-03-19,20700000,17,26,35,40,48,51,
revancha,3057,2017-03-22,22000000,15,24,26,44,49,53,
revancha,3058,2017-03-26,24500000,3,10,24,31,33,48,
revancha,3059,2017-03-29,20000000,13,15,16,26,38,50,
revancha,3060,2017-04-02,20100000,4,7,17,26,29,42,
revancha,3061,2017-04-05,20200000,8,9,37,40,43,45,
revancha,3062,2017-04-09,20300000,10,11,13,38,40,52,
revancha,3063,2017-04-12,20400000,4,27,29,40,47,53,
revancha,3064,2017-04-16,20500000,5,13,39,48,51,52,
revancha,3065,2017-04-19,20600000,2,15,16,18,48,55,
revancha,3066,2017-04-23,20700000,2,12,34,37,42,48,
revancha,3067,2017-04-26,20800000,4,17,32,33,44,49,
revancha,3068,2017-04-30,21500000,4,28,33,42,46,47,
revancha,3069,2017-05-03,24500000,10,11,14,26,33,42,
revancha,3070,2017-05-07,27000000,6,23,38,44,47,56,
revancha,3071,2017-05-10,29500000,8,17,25,40,51,53,
revancha,3072,2017-05-14,31900000,1,22,26,30,39,50,
revancha,3073,2017-05-17,34000000,6,11,22,27,33,51,
revancha,3074,2017-05-21,36700000,6,28,34,46,47,54,
revancha,3075,2017-05-24,39600000,1,2,28,32,35,42,
revancha,3076,2017-05-28,41500000,9,13,19,20,29,46,
revancha,3077,2017-05-31,43000000,13,22,27,39,45,51,
revancha,3078,2017-06-04,45200000,8,10,18,23,34,53,
revancha,3079,2017-06-07,48200000,3,12,27,28,49,55,
revancha,3080,2017-06-11,50500000,14,15,25,33,46,50,
revancha,3081,2017-06-14,53500000,6,20,32,50,51,55,
revancha,3082,2017-06-18,20000000,14,17,22,44,47,51,
revancha,3083,2017-06-21,20100000,5,26,27,29,41,54,
revancha,3084,2017-06-25,20200000,2,3,4,39,40,45,
revancha,3085,2017-06-28,20300000,11,19,31,34,46,55,
revancha,3086,2017-07-02,20400000,5,16,30,40,50,52,
revancha,3087,2017-07-05,20500000,10,11,24,29,40,48,
revancha,3088,2017-07-09,20600000,5,10,15,41,45,48,
revancha,3089,2017-07-12,20700000,12,15,16,18,41,47,
revancha,3090,2017-07-16,20800000,6,28,32,36,44,56,
revancha,3091,2017-07-19,23500000,16,23,24,27,32,46,
revancha,3092,2017-07-23,25000000,8,13,16,29,33,35,
revancha,3093,2017-07-26,28000000,6,9,12,36,39,49,
revancha,3094,2017-07-30,30500000,20,25,38,39,41,44,
revancha,3095,2017-08-02,33500000,12,26,27,28,36,37,
revancha,3096,2017-08-06,35500000,3,4,12,23,42,51,
revancha,3097,2017-08-09,38000000,9,24,32,36,37,56,
revancha,3098,2017-08-13,40500000,4,7,23,29,38,52,
revancha,3099,2017-08-16,43000000,16,20,21,31,39,54,
revancha,3100,2017-08-20,45000000,1,3,6,43,51,55,
revancha,3101,2017-08-23,48000000,5,11,31,37,40,55,
revancha,3102,2017-08-27,50000000,4,8,10,22,27,44,
revancha,3103,2017-08-30,52000000,6,19,20,26,38,43,
revancha,3104,2017-09-03,55000000,8,20,27,30,50,55,
revancha,3105,2017-09-06,58000000,19,20,32,37,39,47,
revancha,3106,2017-09-10,60500000,4,20,26,28,36,40,
revancha,3107,2017-09-13,63500000,15,16,21,35,46,56,
revancha,3108,2017-09-17,66000000,9,10,41,44,51,56,
revancha,3109,2017-09-20,69000000,10,13,22,24,30,35,
revancha,3110,2017-09-24,70000000,10,17,18,24,28,38,
revancha,3111,2017-09-27,72000000,3,8,17,24,43,44,
revancha,3112,2017-10-01,74500000,16,17,25,33,42,56,
revancha,3113,2017-10-04,78000000,2,13,15,22,28,34,
revancha,3114,2017-10-08,80000000,1,28,32,47,49,56,
revancha,3115,2017-10-11,82500000,24,28,40,41,47,53,
revancha,3116,2017-10-15,85500000,14,19,22,31,35,53,
revancha,3117,2017-10-18,20000000,2,4,9,11,27,29,
revancha,3118,2017-10-22,20100000,5,32,37,44,47,49,
revancha,3119,2017-10-25,20200000,14,15,22,32,47,53,
revancha,3120,2017-10-29,20300000,5,9,18,41,46,53,
revancha,3121,2017-11-01,20400000,3,7,12,13,28,37,
revancha,3122,2017-11-05,20500000,5,23,29,43,49,54,
revancha,3123,2017-11-08,20600000,7,14,30,34,37,56,
revancha,3124,2017-11-12,20700000,5,13,16,18,21,23,
revancha,3125,2017-11-15,21500000,17,27,30,40,51,55,
revancha,3126,2017-11-19,24300000,10,13,30,31,37,48,
revancha,3127,2017-11-22,27400000,12,15,21,25,40,54,
revancha,3128,2017-11-26,30000000,10,17,39,47,52,56,
revancha,3129,2017-11-29,33000000,17,24,29,33,35,39,
revancha,3130,2017-12-03,35000000,13,16,21,24,39,55,
revancha,3131,2017-12-06,37400000,10,30,31,32,37,46,
revancha,3132,2017-12-10,39800000,8,19,21,23,33,39,
revancha,3133,2017-12-13,42000000,7,11,26,31,51,55,
revancha,3134,2017-12-17,44800000,2,13,40,49,50,56,
revancha,3135,2017-12-20,47700000,5,16,34,45,50,51,
revancha,3136,2017-12-24,50300000,3,5,19,36,46,51,
revancha,3137,2017-12-27,52900000,4,11,40,45,51,53,
revancha,3138,2017-12-31,55700000,8,16,23,31,38,44,
revancha,3139,2018-01-03,58600000,5,19,30,39,42,44,
revancha,3140,2018-01-07,61000000,11,17,25,41,44,56,
revancha,3141,2018-01-10,64500000,2,6,8,52,53,55,
revancha,3142,2018-01-14,66700000,2,6,32,36,42,56,
revancha,3143,2018-01-17,69000000,15,28,29,40,44,45,
revancha,3144,2018-01-21,71500000,3,4,12,16,28,33,
revancha,3145,2018-01-24,75000000,12,25,26,36,39,53,
revancha,3146,2018-01-28,77000000,14,15,17,35,36,42,
revancha,3147,2018-01-31,80000000,13,19,33,35,37,55,
revancha,3148,2018-02-04,81900000,1,11,17,21,40,46,
revancha,3149,2018-02-07,85000000,3,4,27,32,42,47,
revancha,3150,2018-02-11,87500000,10,16,20,47,52,53,
revancha,3151,2018-02-14,90700000,2,3,5,17,47,48,
revancha,3152,2018-02-18,93000000,3,5,7,20,38,55,
revancha,3153,2018-02-21,95500000,2,34,37,38,46,48,
revancha,3154,2018-02-25,97900000,5,23,27,38,40,48,
revancha,3155,2018-02-28,101000000,8,25,30,34,38,43,
revancha,3156,2018-03-04,103600000,1,17,20,43,48,51,
revancha,3157,2018-03-07,106500000,1,2,5,15,38,48,
revancha,3158,2018-03-11,109000000,15,19,24,29,32,34,
revancha,3159,2018-03-14,112000000,9,18,19,24,43,51,
revancha,3160,2018-03-18,114600000,7,14,23,33,34,35,
revancha,3161,2018-03-21,117000000,1,9,22,23,29,39,
revancha,3162,2018-03-25,119000000,5,13,16,24,30,38,
revancha,3163,2018-03-28,122000000,15,19,21,36,42,50,
revancha,3164,2018-04-01,124500000,16,36,37,41,49,54,
revancha,3165,2018-04-04,126900000,3,6,18,35,46,48,
revancha,3166,2018-04-08,129500000,2,17,22,27,45,49,
revancha,3167,2018-04-11,132700000,11,26,29,39,42,53,
revancha,3168,2018-04-15,135500000,3,8,9,16,36,52,
revancha,3169,2018-04-18,138500000,6,11,13,25,34,46,
revancha,3170,2018-04-22,140900000,6,12,37,44,45,51,
revancha,3171,2018-04-25,143700000,18,19,37,47,48,53,
revancha,3172,2018-04-29,146300000,1,5,10,12,21,22,
revancha,3173,2018-05-02,149000000,9,27,28,37,45,49,
revancha,3174,2018-05-06,151600000,4,11,24,33,37,55,
revancha,3175,2018-05-09,154600000,3,14,20,28,37,56,
revancha,3176,2018-05-13,157000000,6,9,12,41,44,56,
revancha,3177,2018-05-16,160000000,12,27,35,36,37,46,
revancha,3178,2018-05-20,163300000,1,6,32,35,47,50,
revancha,3179,2018-05-23,166000000,9,28,35,39,43,48,
revancha,3180,2018-05-27,168700000,15,19,20,27,38,39,
revancha,3181,2018-05-30,171900000,4,6,9,20,34,49,
revancha,3182,2018-06-03,174500000,7,8,16,17,28,53,
revancha,3183,2018-06-06,177700000,14,20,34,47,48,49,
revancha,3184,2018-06-10,180800000,7,22,27,39,43,46,
revancha,3185,2018-06-13,183800000,10,15,20,46,54,55,
revancha,3186,2018-06-17,186300000,6,25,26,28,35,37,
revancha,3187,2018-06-20,189000000,6,7,13,18,19,30,
revancha,3188,2018-06-24,191500000,11,12,28,36,47,52,
revancha,3189,2018-06-27,194400000,17,18,26,27,36,37,
revancha,3190,2018-07-01,196500000,16,18,25,40,52,54,
revancha,3191,2018-07-04,199600000,2,7,25,30,41,52,
revancha,3192,2018-07-08,202000000,10,12,13,29,51,56,
revancha,3193,2018-07-11,205000000,13,21,29,30,46,52,
revancha,3194,2018-07-15,207400000,15,18,24,25,39,44,
revancha,3195,2018-07-18,210300000,8,27,32,40,45,56,
revancha,3196,2018-07-22,212900000,1,7,11,14,18,26,
revancha,3197,2018-07-25,215500000,12,19,33,34,45,53,
revancha,3198,2018-07-29,217800000,26,29,30,35,48,52,
revancha,3199,2018-08-01,220800000,7,17,27,35,49,50,
revancha,3200,2018-08-05,223600000,16,22,24,25,28,46,
revancha,3201,2018-08-08,226600000,4,9,12,16,21,30,
revancha,3202,2018-08-12,228900000,4,7,23,25,31,34,
revancha,3203,2018-08-15,231700000,2,22,31,40,45,50,
revancha,3204,2018-08-19,234500000,8,14,21,32,38,45,
revancha,3205,2018-08-22,237500000,7,8,26,44,53,55,
revancha,3206,2018-08-26,240000000,11,12,16,25,28,41,
revancha,3207,2018-08-29,242700000,16,17,27,30,48,56,
revancha,3208,2018-09-02,245500000,13,15,26,29,30,47,
revancha,3209,2018-09-05,248600000,3,4,16,33,39,46,
revancha,3210,2018-09-09,251300000,2,5,13,21,23,25,
revancha,3211,2018-09-12,254000000,9,13,24,33,49,50,
revancha,3212,2018-09-16,256600000,2,6,23,40,48,56,
revancha,3213,2018-09-19,259400000,13,39,45,48,53,55,
revancha,3214,2018-09-23,262200000,1,9,12,13,40,52,
revancha,3215,2018-09-26,265000000,1,12,17,21,42,48,
revancha,3216,2018-09-30,267700000,26,36,37,50,55,56,
revancha,3217,2018-10-03,271300000,2,17,27,37,38,46,
revancha,3218,2018-10-07,274500000,17,24,28,35,42,47,
revancha,3219,2018-10-10,277500000,12,18,37,44,46,51,
revancha,3220,2018-10-14,280300000,18,24,32,35,37,49,
revancha,3221,2018-10-17,238600000,9,13,29,31,45,48,
revancha,3222,2018-10-21,286400000,2,12,21,32,37,52,
revancha,3223,2018-10-24,289600000,5,7,12,24,28,36,
revancha,3224,2018-10-28,292000000,9,21,42,43,51,52,
revancha,3225,2018-10-31,295500000,2,9,22,26,34,55,
revancha,3226,2018-11-04,298500000,10,21,28,46,49,54,
revancha,3227,2018-11-07,302000000,7,10,40,42,43,56,
revancha,3228,2018-11-11,305300000,3,17,23,25,48,54,
revancha,3229,2018-11-14,308600000,3,5,7,34,48,50,
revancha,3230,2018-11-18,311000000,9,23,24,25,29,32,
revancha,3231,2018-11-21,314000000,3,8,13,15,40,44,
revancha,3232,2018-11-25,316800000,8,18,23,27,31,52,
revancha,3233,2018-11-28,320000000,5,16,22,32,37,50,
revancha,3234,2018-12-02,322500000,11,12,23,37,42,45,
revancha,3235,2018-12-05,325700000,4,6,24,33,42,43,
revancha,3236,2018-12-09,328700000,10,19,20,21,22,53,
revancha,3237,2018-12-12,332000000,9,14,27,31,49,50,
revancha,3238,2018-12-16,334800000,9,16,20,38,39,49,
revancha,3239,2018-12-19,338400000,13,17,29,30,36,44,
revancha,3240,2018-12-23,341200000,6,8,9,10,36,41,
revancha,3241,2018-12-26,344800000,1,5,8,38,42,46,
revancha,3242,2018-12-30,347200000,10,37,38,43,44,45,
revancha,3243,2019-01-02,350900000,1,2,4,10,34,55,
revancha,3244,2019-01-06,353700000,22,31,33,34,39,53,
revancha,3245,2019-01-09,357500000,5,11,31,35,36,48,
revancha,3246,2019-01-13,360700000,14,28,32,52,53,55,
revancha,3247,2019-01-16,364000000,31,44,45,47,48,56,
revancha,3248,2019-01-20,367500000,21,26,29,37,38,42,
revancha,3249,2019-01-23,370900000,12,19,22,34,41,55,
revancha,3250,2019-01-27,373800000,13,15,17,18,21,26,
revancha,3251,2019-01-30,376800000,22,30,37,41,54,56,
revancha,3252,2019-02-03,379900000,5,44,45,51,54,55,
revancha,3253,2019-02-06,383500000,2,10,16,23,28,48,
revancha,3254,2019-02-10,386500000,3,7,17,27,28,47,
revancha,3255,2019-02-13,389600000,2,3,5,31,32,50,
revancha,3256,2019-02-17,392400000,7,8,14,28,29,30,
revancha,3257,2019-02-20,395600000,4,23,25,34,48,51,
revancha,3258,2019-02-24,398700000,5,17,18,24,26,54,
revancha,3259,2019-02-27,401900000,13,22,24,29,46,48,
revancha,3260,2019-03-03,405000000,9,14,16,38,50,53,
revancha,3261,2019-03-06,408800000,7,9,15,30,42,45,
revancha,3262,2019-03-10,412000000,18,20,33,34,50,52,
revancha,3263,2019-03-13,415600000,2,22,23,36,47,50,
revancha,3264,2019-03-17,418800000,3,12,22,38,52,54,
revancha,3265,2019-03-20,422300000,17,18,31,34,38,53,
revancha,3266,2019-03-24,425300000,2,26,28,31,53,56,
revancha,3267,2019-03-27,429000000,6,24,39,43,50,55,
revancha,3268,2019-03-31,20000000,2,9,11,13,17,21,
revancha,3269,2019-04-03,20100000,5,7,23,30,35,47,
revancha,3270,2019-04-07,20200000,2,6,20,37,46,48,
revancha,3271,2019-04-10,20300000,2,21,22,34,48,51,
revancha,3272,2019-04-14,20400000,13,14,18,21,31,40,
revancha,3273,2019-04-17,20500000,5,9,10,20,32,43,
revancha,3274,2019-04-21,20600000,5,7,15,20,35,56,
revancha,3275,2019-04-24,21500000,14,29,38,41,47,49,
revancha,3276,2019-04-28,24300000,2,19,24,38,44,51,
revancha,3277,2019-05-01,27700000,1,26,32,42,47,48,
revancha,3278,2019-05-05,30400000,3,19,26,38,40,56,
revancha,3279,2019-05-08,33600000,4,7,11,33,50,54,
revancha,3280,2019-05-12,36000000,6,10,12,21,34,44,
revancha,3281,2019-05-15,38600000,4,8,13,16,23,24,
revancha,3282,2019-05-19,41000000,1,5,17,41,42,55,
revancha,3283,2019-05-22,44200000,5,8,20,29,31,52,
revancha,3284,2019-05-26,46700000,5,11,17,32,46,53,
revancha,3285,2019-05-29,49500000,4,17,21,24,50,53,
revancha,3286,2019-06-02,52000000,9,23,26,29,37,38,
revancha,3287,2019-06-05,55300000,19,27,32,34,46,50,
revancha,3288,2019-06-09,58200000,5,9,10,24,39,51,
revancha,3289,2019-06-12,61200000,5,18,21,34,49,54,
revancha,3290,2019-06-16,63800000,1,9,16,19,21,38,
revancha,3291,2019-06-19,66700000,20,27,33,40,48,54,
revancha,3292,2019-06-23,69500000,10,26,45,48,49,55,
revancha,3293,2019-06-26,72800000,17,29,36,49,55,56,
revancha,3294,2019-06-30,75600000,10,14,19,30,41,51,
revancha,3295,2019-07-03,78800000,1,15,20,29,42,52,
revancha,3296,2019-07-07,20000000,4,17,27,37,40,49,
revancha,3297,2019-07-10,20100000,4,5,12,42,48,49,
revancha,3298,2019-07-14,20200000,6,12,14,29,30,49,
revancha,3299,2019-07-17,20300000,27,30,31,39,41,42,
revancha,3300,2019-07-21,20400000,25,27,36,43,45,56,
revancha,3301,2019-07-24,20500000,8,17,26,35,52,55,
revancha,3302,2019-07-28,20600000,4,7,15,16,29,48,
revancha,3303,2019-07-31,22400000,1,11,43,44,53,56,
revancha,3304,2019-08-04,25200000,7,13,17,22,29,43,
revancha,3305,2019-08-07,20000000,10,18,25,26,40,41,
revancha,3306,2019-08-11,20000000,8,21,22,43,47,49,
revancha,3307,2019-08-14,20100000,5,22,25,34,40,51,
revancha,3308,2019-08-18,20200000,14,18,24,31,55,56,
revancha,3309,2019-08-21,20300000,5,6,19,39,52,53,
revancha,3310,2019-08-25,20400000,9,10,13,16,27,31,
revancha,3311,2019-08-28,20500000,5,6,15,16,37,52,
revancha,3312,2019-09-01,20600000,22,28,42,46,52,54,
revancha,3313,2019-09-04,23000000,14,17,21,27,49,54,
revancha,3314,2019-09-08,25600000,13,15,17,38,39,40,
revancha,3315,2019-09-11,20000000,6,7,15,28,34,55,
revancha,3316,2019-09-15,20100000,3,32,33,38,42,55,
revancha,3317,2019-09-18,20200000,2,4,16,50,52,56,
revancha,3318,2019-09-22,20300000,4,14,26,40,46,48,
revancha,3319,2019-09-25,20400000,11,20,23,32,41,48,
revancha,3320,2019-09-29,20500000,7,8,14,17,27,30,
revancha,3321,2019-10-02,20600000,12,16,25,44,47,49,
revancha,3322,2019-10-06,22800000,1,10,12,23,40,52,
revancha,3323,2019-10-09,26000000,29,32,36,37,41,46,
revancha,3324,2019-10-13,28700000,21,32,33,41,45,55,
revancha,3325,2019-10-16,32000000,12,13,35,36,47,49,
revancha,3326,2019-10-20,34700000,7,29,34,36,45,51,
revancha,3327,2019-10-23,37200000,3,16,31,32,40,50,
revancha,3328,2019-10-27,39500000,6,7,19,28,48,53,
revancha,3329,2019-10-30,41900000,4,19,32,38,44,51,
revancha,3330,2019-11-03,44200000,24,26,27,35,46,56,
revancha,3331,2019-11-06,47400000,2,4,22,33,39,51,
revancha,3332,2019-11-10,50000000,11,14,15,40,53,54,
revancha,3333,2019-11-13,53100000,24,25,31,35,38,42,
revancha,3334,2019-11-17,55700000,2,14,16,21,39,43,
revancha,3335,2019-11-20,58500000,15,21,35,37,38,52,
revancha,3336,2019-11-24,61100000,10,32,37,40,42,45,
revancha,3337,2019-11-27,64200000,10,21,24,31,39,51,
revancha,3338,2019-12-01,66800000,4,24,34,38,40,55,
revancha,3339,2019-12-04,69900000,1,4,8,16,35,36,
revancha,3340,2019-12-08,72500000,6,8,9,24,27,43,
revancha,3341,2019-12-11,75100000,3,19,33,36,43,49,
revancha,3342,2019-12-15,77700000,4,11,14,18,21,29,
revancha,3343,2019-12-18,80600000,2,14,15,22,35,44,
revancha,3344,2019-12-22,83200000,13,18,20,47,48,49,
revancha,3345,2019-12-25,86400000,1,24,30,35,39,51,
revancha,3346,2019-12-29,88100000,12,21,24,35,39,48,
revancha,3347,2020-01-01,91400000,3,10,22,32,36,44,
revancha,3348,2020-01-05,93800000,13,23,33,36,40,50,
revancha,3349,2020-01-08,97000000,5,8,9,15,40,44,
revancha,3350,2020-01-12,99900000,1,4,14,18,27,36,
revancha,3351,2020-01-15,102800000,11,13,16,19,25,28,
revancha,3352,2020-01-19,105200000,5,7,17,23,34,50,
revancha,3353,2020-01-22,108000000,18,38,47,49,50,52,
revancha,3354,2020-01-26,110800000,1,2,7,8,11,52,
revancha,3355,2020-01-29,113500000,2,10,18,27,30,45,
revancha,3356,2020-02-02,116000000,12,23,29,32,45,46,
revancha,3357,2020-02-05,119400000,3,21,27,38,44,46,
revancha,3358,2020-02-09,122000000,2,4,5,13,28,41,
revancha,3359,2020-02-12,124800000,21,30,42,46,47,55,
revancha,3360,2020-02-16,20000000,3,15,27,37,40,50,
revancha,3361,2020-02-19,20100000,18,21,22,33,35,54,
revancha,3362,2020-02-23,20000000,7,14,15,19,39,52,
revancha,3363,2020-02-26,20100000,2,4,30,34,42,48,
revancha,3364,2020-03-01,20200000,2,17,27,30,43,44,
revancha,3365,2020-03-04,20300000,5,15,37,40,42,46,
revancha,3366,2020-03-08,20400000,10,21,29,30,49,50,
revancha,3367,2020-03-11,20500000,1,12,14,30,32,50,
revancha,3368,2020-03-15,20600000,7,26,29,45,51,56,
revancha,3369,2020-03-18,22000000,2,7,12,18,28,30,
revancha,3370,2020-03-22,23900000,26,33,34,41,53,56,
revancha,3371,2020-03-25,26300000,4,10,20,24,28,40,
revancha,3372,2020-03-29,28200000,17,33,39,45,47,54,
revancha,3373,2020-04-01,30600000,6,7,22,26,37,45,
revancha,3374,2020-07-26,30700000,9,22,33,38,50,52,
revancha,3375,2020-07-29,30800000,8,11,28,30,41,52,
revancha,3376,2020-08-02,32200000,1,17,35,36,37,52,
revancha,3377,2020-08-05,34100000,6,14,20,27,49,55,
revancha,3378,2020-08-09,36000000,6,29,34,42,46,47,
revancha,3379,2020-08-12,38600000,5,17,23,38,40,51,
revancha,3380,2020-08-16,40500000,4,6,31,34,37,54,
revancha,3381,2020-08-19,42800000,7,8,18,25,49,54,
revancha,3382,2020-08-23,45100000,19,28,39,41,47,48,
revancha,3383,2020-08-26,47500000,18,24,26,35,36,50,
revancha,3384,2020-08-30,49200000,8,11,35,36,53,56,
revancha,3385,2020-09-02,51800000,1,8,16,25,39,50,
revancha,3386,2020-09-06,54000000,4,7,11,30,46,48,
revancha,3387,2020-09-09,56500000,5,13,21,23,38,41,
revancha,3388,2020-09-13,58300000,9,19,21,35,46,50,
revancha,3389,2020-09-16,61000000,5,7,8,14,24,29,
revancha,3390,2020-09-20,62500000,6,14,20,34,55,56,
revancha,3391,2020-09-23,65100000,31,33,38,42,45,55,
revancha,3392,2020-09-27,67500000,11,19,23,26,32,33,
revancha,3393,2020-09-30,70000000,11,15,24,25,48,50,
revancha,3394,2020-10-04,71800000,3,21,27,35,45,54,
revancha,3395,2020-10-07,74300000,6,15,21,29,31,38,
revancha,3396,2020-10-11,77000000,21,24,31,32,40,45,
revancha,3397,2020-10-14,79600000,8,39,48,51,52,54,
revancha,3398,2020-10-18,81200000,8,16,18,20,28,49,
revancha,3399,2020-10-21,85200000,23,39,42,45,46,54,
revancha,3400,2020-10-25,87600000,15,20,24,33,40,49,
revancha,3401,2020-10-28,90300000,3,7,21,31,34,51,
revancha,3402,2020-11-01,92400000,1,10,23,32,36,49,
revancha,3403,2020-11-04,95200000,14,21,26,40,42,56,
revancha,3404,2020-11-08,97900000,3,4,9,26,35,37,
revancha,3405,2020-11-11,100500000,9,18,34,42,43,46,
revancha,3406,2020-11-15,103000000,4,27,35,44,49,52,
revancha,3407,2020-11-18,106000000,2,18,20,34,49,52,
revancha,3408,2020-11-22,108500000,5,30,32,42,44,50,
revancha,3409,2020-11-25,111700000,22,33,36,39,43,50,
revancha,3410,2020-11-29,114400000,8,10,15,26,28,36,
revancha,3411,2020-12-02,117300000,14,16,19,32,53,56,
revancha,3412,2020-12-06,120000000,5,6,10,33,34,43,
revancha,3413,2020-12-09,123100000,5,7,12,33,34,48,
revancha,3414,2020-12-13,125500000,3,5,7,27,29,52,
revancha,3415,2020-12-16,128500000,11,19,26,37,40,44,
revancha,3416,2020-12-20,131500000,8,10,22,25,36,53,
revancha,3417,2020-12-23,134600000,1,23,31,47,48,54,
revancha,3418,2020-12-27,137900000,2,18,20,26,44,49,
revancha,3419,2020-12-30,140700000,1,10,17,30,47,54,
revancha,3420,2021-01-03,143800000,14,22,23,37,45,51,
revancha,3421,2021-01-06,146500000,1,22,23,29,32,36,
revancha,3422,2021-01-10,148500000,1,2,12,39,51,55,
revancha,3423,2021-01-13,151700000,14,21,38,41,42,46,
revancha,3424,2021-01-17,154200000,2,12,28,35,45,46,
revancha,3425,2021-01-20,157000000,3,6,7,34,43,53,
revancha,3426,2021-01-24,159400000,8,10,27,34,45,56,
revancha,3427,2021-01-27,162200000,1,3,5,24,37,53,
revancha,3428,2021-01-31,164600000,3,12,13,14,41,46,
revancha,3429,2021-02-03,167500000,1,14,24,30,45,50,
revancha,3430,2021-02-07,170200000,3,28,35,36,45,51,
revancha,3431,2021-02-10,173000000,1,13,31,33,38,48,
revancha,3432,2021-02-14,175500000,7,23,26,34,36,51,
revancha,3433,2021-02-17,178400000,1,28,32,40,49,55,
revancha,3434,2021-02-21,181000000,7,23,29,36,44,53,
revancha,3435,2021-02-24,183900000,1,17,19,33,39,42,
revancha,3436,2021-02-28,186400000,8,14,26,51,54,56,
revancha,3437,2021-03-03,189700000,2,8,14,24,27,46,
revancha,3438,2021-03-07,192300000,6,15,18,29,34,49,
revancha,3439,2021-03-10,195300000,2,5,21,25,38,39,
revancha,3440,2021-03-14,197600000,24,28,31,50,55,56,
revancha,3441,2021-03-17,200800000,3,18,19,36,42,52,
revancha,3442,2021-03-21,203500000,4,9,41,44,51,53,
revancha,3443,2021-03-24,206700000,12,15,24,27,29,35,
revancha,3444,2021-03-28,209100000,8,13,29,44,45,46,
revancha,3445,2021-03-31,211200000,4,6,17,37,47,49,
revancha,3446,2021-04-04,214000000,3,6,19,20,39,45,
revancha,3447,2021-04-07,217400000,9,13,15,17,45,50,
revancha,3448,2021-04-11,219800000,2,44,49,50,54,55,
revancha,3449,2021-04-14,223300000,11,25,35,44,46,49,
revancha,3450,2021-04-18,226000000,16,26,32,38,44,50,
revancha,3451,2021-04-21,229400000,26,30,35,44,45,48,
revancha,3452,2021-04-25,232200000,6,16,21,24,28,37,
revancha,3453,2021-04-28,234900000,3,6,15,18,26,39,
revancha,3454,2021-05-02,237300000,8,14,24,45,51,54,
revancha,3455,2021-05-05,240500000,12,14,35,39,49,52,
revancha,3456,2021-05-09,243400000,7,8,20,21,50,52,
revancha,3457,2021-05-12,246400000,2,7,16,19,34,49,
revancha,3458,2021-05-16,248800000,4,9,13,37,41,51,
revancha,3459,2021-05-19,252000000,4,28,33,45,46,47,
revancha,3460,2021-05-23,254900000,3,5,9,33,43,54,
revancha,3461,2021-05-26,257700000,3,12,13,38,40,44,
revancha,3462,2021-05-30,20000000,17,26,28,44,50,52,
revancha,3463,2021-06-02,20100000,5,21,24,36,52,53,
revancha,3464,2021-06-06,20200000,4,5,12,43,50,54,
revancha,3465,2021-06-09,20300000,6,11,30,35,47,52,
revancha,3466,2021-06-13,20400000,5,30,40,43,50,55,
revancha,3467,2021-06-16,20500000,2,10,22,29,31,49,
revancha,3468,2021-06-20,20600000,4,8,22,26,43,45,
revancha,3469,2021-06-23,20700000,2,3,8,14,29,33,
revancha,3470,2021-06-27,22900000,2,16,30,48,49,54,
revancha,3471,2021-06-30,25800000,23,27,35,53,54,55,
revancha,3472,2021-07-04,28200000,1,22,29,31,49,51,
revancha,3473,2021-07-07,31400000,3,5,16,17,35,44,
revancha,3474,2021-07-11,33800000,2,25,26,38,50,54,
revancha,3475,2021-07-14,36600000,7,19,23,30,41,51,
revancha,3476,2021-07-18,39000000,9,15,17,20,22,26,
revancha,3477,2021-07-21,41700000,1,7,22,34,36,41,
revancha,3478,2021-07-25,44300000,7,13,21,22,28,30,
revancha,3479,2021-07-28,46500000,7,17,32,35,46,56,
revancha,3480,2021-08-01,48900000,15,23,30,36,40,42,
revancha,3481,2021-08-04,52200000,3,4,18,19,40,45,
revancha,3482,2021-08-08,54700000,1,20,30,42,45,50,
revancha,3483,2021-08-11,57600000,5,14,21,45,50,55,
revancha,3484,2021-08-15,59800000,17,35,38,40,44,52,
revancha,3485,2021-08-18,63000000,6,14,15,23,39,40,
revancha,3486,2021-08-22,65300000,9,23,31,33,54,56,
revancha,3487,2021-08-25,68200000,1,13,24,25,41,49,
revancha,3488,2021-08-29,70500000,5,20,24,29,32,34,
revancha,3489,2021-09-01,73300000,14,18,19,22,32,50,
revancha,3490,2021-09-05,76000000,6,9,28,29,33,54,
revancha,3491,2021-09-08,79000000,17,21,24,25,33,48,
revancha,3492,2021-09-12,81300000,10,18,24,34,47,48,
revancha,3493,2021-09-15,84100000,18,22,28,29,39,55,
revancha,3494,2021-09-19,86700000,5,12,31,41,43,54,
revancha,3495,2021-09-22,89500000,1,7,9,23,51,55,
revancha,3496,2021-09-26,91800000,21,27,36,41,47,53,
revancha,3497,2021-09-29,94800000,1,15,23,26,43,54,
revancha,3498,2021-10-03,97200000,9,25,30,34,43,54,
revancha,3499,2021-10-06,100300000,3,6,17,31,38,52,
revancha,3500,2021-10-10,102700000,18,26,31,38,50,55,
revancha,3501,2021-10-13,105800000,3,15,19,24,40,54,
revancha,3502,2021-10-17,108300000,8,16,33,37,44,52,
revancha,3503,2021-10-20,111300000,11,19,23,28,39,50,
revancha,3504,2021-10-24,113700000,21,28,39,41,42,49,
revancha,3505,2021-10-27,116600000,11,30,43,44,50,56,
revancha,3506,2021-10-31,119300000,4,8,36,40,45,50,
revancha,3507,2021-11-03,122500000,6,18,34,37,48,52,
revancha,3508,2021-11-07,125100000,6,8,10,23,33,35,
revancha,3509,2021-11-10,128100000,6,25,36,49,54,55,
revancha,3510,2021-11-14,130900000,20,26,32,33,48,55,
revancha,3511,2021-11-17,134200000,5,18,20,22,43,56,
revancha,3512,2021-11-21,136700000,1,25,39,43,49,56,
revancha,3513,2021-11-24,137700000,12,27,32,35,44,51,
revancha,3514,2021-11-26,139900000,4,31,42,45,49,50,
revancha,3515,2021-11-28,142000000,3,4,14,24,38,42,
revancha,3516,2021-12-01,143900000,18,19,27,36,38,40,
revancha,3517,2021-12-03,146800000,5,12,23,28,31,33,
revancha,3518,2021-12-05,149800000,9,28,31,37,44,55,
revancha,3519,2021-12-08,151200000,24,33,38,42,50,51,
revancha,3520,2021-12-10,153800000,6,14,24,32,37,50,
revancha,3521,2021-12-12,155300000,4,27,37,47,49,51,
revancha,3522,2021-12-15,158100000,5,15,17,23,49,56,
revancha,3523,2021-12-17,161900000,17,28,29,31,41,51,
revancha,3524,2021-12-19,163300000,17,19,30,32,45,48,
revancha,3525,2021-12-22,164400000,7,21,38,46,48,52,
revancha,3526,2021-12-24,166500000,17,28,31,32,41,47,
revancha,3527,2021-12-26,169800000,7,15,33,46,53,55,
revancha,3528,2021-12-29,171300000,6,10,15,28,40,51,
revancha,3529,2021-12-31,174300000,1,3,31,33,37,53,
revancha,3530,2022-01-02,177400000,10,31,33,40,43,45,
revancha,3531,2022-01-05,179600000,1,15,19,20,46,48,
revancha,3532,2022-01-07,182000000,3,5,17,18,40,51,
revancha,3533,2022-01-09,184400000,3,9,21,32,35,53,
revancha,3534,2022-01-12,186100000,5,20,22,25,29,31,
revancha,3535,2022-01-14,188500000,12,14,31,33,35,36,
revancha,3536,2022-01-16,191200000,5,42,47,48,50,56,
revancha,3537,2022-01-19,193000000,8,13,29,43,54,56,
revancha,3538,2022-01-21,195700000,8,13,15,18,47,55,
revancha,3539,2022-01-23,198300000,13,14,15,39,43,53,
revancha,3540,2022-01-26,199900000,10,15,20,23,54,56,
revancha,3541,2022-01-28,202500000,3,15,17,25,35,36,
revancha,3542,2022-01-30,205000000,16,20,35,40,42,54,
revancha,3543,2022-02-02,206800000,2,21,23,37,40,42,
revancha,3544,2022-02-04,209700000,12,17,39,40,46,49,
revancha,3545,2022-02-06,212700000,1,8,11,23,32,47,
revancha,3546,2022-02-09,214000000,13,18,29,33,44,55,
revancha,3547,2022-02-11,216600000,2,17,23,45,46,48,
revancha,3548,2022-02-13,219200000,2,13,28,30,37,44,
revancha,3549,2022-02-16,220700000,2,10,11,33,35,48,
revancha,3550,2022-02-18,223500000,8,10,14,23,25,35,
revancha,3551,2022-02-20,226300000,1,7,11,16,37,42,
revancha,3552,2022-02-23,228200000,8,13,17,41,43,49,
revancha,3553,2022-02-25,231000000,1,8,13,20,53,56,
revancha,3554,2022-02-27,233500000,2,9,20,23,46,52,
revancha,3555,2022-03-02,235100000,4,14,26,31,50,52,
revancha,3556,2022-03-04,238100000,2,12,27,32,41,52,
revancha,3557,2022-03-06,240900000,8,22,34,43,50,54,
revancha,3558,2022-03-09,242800000,1,4,10,14,21,37,
revancha,3559,2022-03-11,245500000,2,7,18,42,45,53,
revancha,3560,2022-03-13,248400000,17,24,37,42,47,53,
revancha,3561,2022-03-16,250200000,1,2,29,31,41,54,
revancha,3562,2022-03-18,253400000,14,18,21,31,40,50,
revancha,3563,2022-03-20,256200000,25,27,28,30,52,54,
revancha,3564,2022-03-23,257400000,7,13,14,36,44,45,
revancha,3565,2022-03-25,258700000,11,29,34,39,41,48,
revancha,3566,2022-03-27,261300000,12,13,28,30,37,55,
revancha,3567,2022-03-30,263500000,16,19,20,25,26,39,
revancha,3568,2022-04-01,266800000,4,11,16,18,19,25,
revancha,3569,2022-04-03,269400000,14,26,29,30,38,53,
revancha,3570,2022-04-06,271300000,3,11,24,54,55,56,
revancha,3571,2022-04-08,274100000,5,15,20,28,29,31,
revancha,3572,2022-04-10,276700000,2,3,5,24,43,53,
revancha,3573,2022-04-13,278000000,27,33,34,36,47,54,
revancha,3574,2022-04-15,280700000,3,9,15,36,38,55,
revancha,3575,2022-04-17,283400000,7,9,10,19,43,56,
revancha,3576,2022-04-20,284600000,4,8,24,32,45,46,
revancha,3577,2022-04-22,287100000,8,13,14,23,38,56,
revancha,3578,2022-04-24,290000000,15,25,31,32,35,55,
revancha,3579,2022-04-27,291900000,2,19,33,38,41,52,
revancha,3580,2022-04-29,294600000,1,3,15,23,34,44,
revancha,3581,2022-05-01,297300000,4,13,19,22,31,49,
revancha,3582,2022-05-04,299000000,4,21,22,30,34,36,
revancha,3583,2022-05-06,302000000,13,22,28,32,46,56,
revancha,3584,2022-05-08,304900000,1,4,16,19,37,53,
revancha,3585,2022-05-11,306700000,6,10,12,37,52,54,
revancha,3586,2022-05-13,309400000,1,24,25,32,33,49,
revancha,3587,2022-05-15,312200000,3,8,15,50,51,56,
revancha,3588,2022-05-18,314200000,12,18,19,21,26,44,
revancha,3589,2022-05-20,317000000,6,11,18,23,24,41,
revancha,3590,2022-05-22,319600000,19,22,33,38,47,55,
revancha,3591,2022-05-25,20000000,1,17,29,35,36,55,
revancha,3592,2022-05-27,20100000,1,4,5,20,44,47,
revancha,3593,2022-05-29,20200000,2,36,39,41,46,49,
revancha,3594,2022-06-01,20300000,12,15,19,24,32,33,
revancha,3595,2022-06-03,20400000,5,9,15,20,46,50,
revancha,3596,2022-06-05,20500000,5,7,31,38,39,54,
revancha,3597,2022-06-08,20600000,3,5,6,24,30,43,
revancha,3598,2022-06-10,20700000,12,19,33,41,53,56,
revancha,3599,2022-06-12,20800000,27,31,33,35,41,43,
revancha,3600,2022-06-15,21300000,26,29,39,43,46,54,
revancha,3601,2022-06-17,23900000,19,23,36,39,41,56,
revancha,3602,2022-06-19,26500000,5,20,32,41,52,55,
revancha,3603,2022-06-22,28100000,1,7,15,38,41,42,
revancha,3604,2022-06-24,30500000,7,16,26,28,41,53,
revancha,3605,2022-06-26,32900000,6,7,13,14,34,53,
revancha,3606,2022-06-29,34300000,3,8,9,11,28,47,
revancha,3607,2022-07-01,36500000,4,9,27,28,31,52,
revancha,3608,2022-07-03,38900000,5,24,38,44,46,53,
revancha,3609,2022-07-06,40800000,19,26,27,30,46,52,
revancha,3610,2022-07-08,43700000,5,12,17,29,37,53,
revancha,3611,2022-07-10,46100000,12,16,29,38,53,54,
revancha,3612,2022-07-13,48000000,8,9,17,30,43,56,
revancha,3613,2022-07-15,50400000,4,21,23,27,32,43,
revancha,3614,2022-07-17,52900000,17,29,37,41,51,56,
revancha,3615,2022-07-20,54700000,11,17,19,21,47,50,
revancha,3616,2022-07-22,57300000,5,30,35,38,45,56,
revancha,3617,2022-07-24,59900000,4,6,17,23,24,30,
revancha,3618,2022-07-27,61400000,25,26,35,41,44,55,
revancha,3619,2022-07-29,63900000,8,10,35,44,47,56,
revancha,3620,2022-07-31,20000000,4,14,20,22,40,53,
revancha,3621,2022-08-03,20100000,13,17,18,22,30,44,
revancha,3622,2022-08-05,20200000,18,27,33,43,50,56,
revancha,3623,2022-08-07,20300000,6,12,14,18,21,42,
revancha,3624,2022-08-10,20400000,11,22,29,46,53,55,
revancha,3625,2022-08-12,20500000,5,8,13,14,48,52,
revancha,3626,2022-08-14,20600000,15,30,31,38,41,48,
revancha,3627,2022-08-17,20700000,5,17,19,21,24,55,
revancha,3628,2022-08-19,20800000,14,17,18,27,44,47,
revancha,3629,2022-08-21,22600000,8,10,19,26,44,46,
revancha,3630,2022-08-24,24200000,19,25,37,47,51,52,
revancha,3631,2022-08-26,26800000,4,27,28,33,38,39,
revancha,3632,2022-08-28,29200000,29,37,46,48,49,54,
revancha,3633,2022-08-31,31200000,11,19,20,26,34,38,
revancha,3634,2022-09-02,33600000,8,27,37,40,49,51,
revancha,3635,2022-09-04,36400000,14,34,40,49,50,55,
revancha,3636,2022-09-07,38400000,6,11,27,35,38,44,
revancha,3637,2022-09-09,40800000,19,27,36,37,52,56,
revancha,3638,2022-09-11,43400000,7,19,29,36,41,44,
revancha,3639,2022-09-14,44700000,13,19,27,31,45,47,
revancha,3640,2022-09-16,47200000,16,27,33,35,38,53,
revancha,3641,2022-09-18,50500000,7,25,26,35,38,48,
revancha,3642,2022-09-21,52100000,2,18,19,43,48,55,
revancha,3643,2022-09-23,54800000,5,7,8,15,24,28,
revancha,3644,2022-09-25,57300000,12,27,33,41,43,44,
revancha,3645,2022-09-28,59000000,5,11,15,17,30,48,
revancha,3646,2022-09-30,61600000,5,7,8,25,42,55,
revancha,3647,2022-10-02,64200000,9,11,20,26,35,46,
revancha,3648,2022-10-05,66200000,7,23,34,41,53,56,
revancha,3649,2022-10-07,68900000,7,42,44,51,52,53,
revancha,3650,2022-10-09,71900000,6,8,23,32,39,49,
revancha,3651,2022-10-12,73700000,11,14,22,23,43,54,
revancha,3652,2022-10-14,76400000,2,7,13,22,37,42,
revancha,3653,2022-10-16,79000000,5,29,35,37,45,48,
revancha,3654,2022-10-19,81100000,7,14,29,37,39,50,
revancha,3655,2022-10-21,83900000,4,10,16,36,44,52,
revancha,3656,2022-10-23,86900000,13,24,30,32,49,52,
revancha,3657,2022-10-26,88800000,21,28,35,41,42,51,
revancha,3658,2022-10-28,91800000,2,18,36,41,46,53,
revancha,3659,2022-10-30,94700000,5,7,25,29,42,46,
revancha,3660,2022-11-02,96500000,8,23,29,30,31,55,
revancha,3661,2022-11-04,99600000,16,18,24,27,28,46,
revancha,3662,2022-11-06,102800000,13,15,24,42,52,56,
revancha,3663,2022-11-09,105000000,4,17,23,28,30,31,
revancha,3664,2022-11-11,108200000,2,9,26,30,49,52,
revancha,3665,2022-11-13,111300000,13,15,22,25,49,55,
revancha,3666,2022-11-16,113400000,9,17,25,30,31,35,
revancha,3667,2022-11-18,116600000,1,11,14,31,37,45,
revancha,3668,2022-11-20,119900000,10,15,20,22,30,50,
revancha,3669,2022-11-23,122000000,4,11,15,22,32,46,
revancha,3670,2022-11-25,124800000,3,7,19,25,30,46,
revancha,3671,2022-11-27,127700000,9,11,14,17,19,23,
revancha,3672,2022-11-30,129400000,10,16,23,26,27,32,
revancha,3673,2022-12-02,132500000,3,20,36,37,47,56,
revancha,3674,2022-12-04,135700000,1,5,20,23,51,53,
revancha,3675,2022-12-07,138300000,6,39,41,49,52,54,
revancha,3676,2022-12-09,141900000,2,19,21,34,37,56,
revancha,3677,2022-12-11,145100000,8,12,26,38,44,54,
revancha,3678,2022-12-14,147200000,18,25,32,42,48,51,
revancha,3679,2022-12-16,150500000,1,9,15,19,39,40,
revancha,3680,2022-12-18,153900000,5,7,18,26,28,33,
revancha,3681,2022-12-21,155900000,15,23,31,38,42,51,
revancha,3682,2022-12-23,158900000,10,17,20,32,35,38,
revancha,3683,2022-12-25,162100000,9,10,21,47,49,54,
revancha,3684,2022-12-28,163300000,8,17,33,41,44,51,
revancha,3685,2022-12-30,165100000,3,7,27,31,36,38,
revancha,3686,2023-01-01,168000000,1,13,24,40,44,52,
revancha,3687,2023-01-04,170700000,23,33,39,41,43,44,
revancha,3688,2023-01-06,172900000,4,19,22,37,43,56,
revancha,3689,2023-01-08,175800000,20,30,31,41,54,56,
revancha,3690,2023-01-11,178600000,3,5,31,32,42,54,
revancha,3691,2023-01-13,181300000,1,8,12,31,32,46,
revancha,3692,2023-01-15,184200000,2,5,32,41,47,52,
revancha,3693,2023-01-18,186600000,17,18,19,30,35,38,
revancha,3694,2023-01-20,189300000,4,19,22,31,34,56,
revancha,3695,2023-01-22,192100000,20,34,41,45,48,53,
revancha,3696,2023-01-25,194300000,10,12,13,25,49,56,
revancha,3697,2023-01-27,197000000,1,4,23,29,44,46,
revancha,3698,2023-01-29,199700000,7,8,9,10,20,45,
revancha,3699,2023-02-01,201400000,9,10,12,44,50,54,
revancha,3700,2023-02-03,204300000,14,18,37,48,49,55,
revancha,3701,2023-02-05,207400000,1,17,37,38,43,50,
revancha,3702,2023-02-08,209500000,2,23,25,28,32,54,
revancha,3703,2023-02-10,212100000,21,29,31,34,35,49,
revancha,3704,2023-02-12,215000000,4,11,29,44,46,56,
revancha,3705,2023-02-15,217000000,8,13,22,24,53,55,
revancha,3706,2023-02-17,219700000,1,3,16,21,30,55,
revancha,3707,2023-02-19,222400000,2,3,6,12,15,18,
revancha,3708,2023-02-22,224000000,3,9,10,11,48,52,
revancha,3709,2023-02-24,20000000,5,9,11,21,36,45,
revancha,3710,2023-02-26,20100000,6,23,30,33,36,38,
revancha,3711,2023-03-01,20200000,3,5,11,22,47,54,
revancha,3712,2023-03-03,20300000,2,5,20,48,55,56,
revancha,3713,2023-03-05,20400000,9,15,19,21,42,55,
revancha,3714,2023-03-08,20500000,22,29,36,41,45,51,
revancha,3715,2023-03-10,20600000,7,13,30,36,43,56,
revancha,3716,2023-03-12,20700000,2,10,33,51,53,55,
revancha,3717,2023-03-15,20800000,6,9,12,23,32,51,
revancha,3718,2023-03-17,22200000,2,12,20,24,39,54,
revancha,3719,2023-03-19,24700000,5,21,26,32,39,41,
revancha,3720,2023-03-22,26400000,6,31,36,45,53,54,
revancha,3721,2023-03-24,28900000,8,22,29,38,45,55,
revancha,3722,2023-03-26,31300000,17,23,29,32,37,40,
revancha,3723,2023-03-29,33100000,11,18,27,41,46,53,
revancha,3724,2023-03-31,35400000,3,8,26,29,30,51,
revancha,3725,2023-04-02,37600000,2,24,25,32,50,53,
revancha,3726,2023-04-05,39000000,2,6,8,21,25,53,
revancha,3727,2023-04-07,41400000,6,14,19,34,46,55,
revancha,3728,2023-04-09,43900000,9,14,21,27,28,46,
revancha,3729,2023-04-12,45200000,15,17,29,48,52,53,
revancha,3730,2023-04-14,47700000,17,19,28,30,51,55,
revancha,3731,2023-04-16,50400000,1,10,13,20,23,51,
revancha,3732,2023-04-19,52200000,4,7,35,41,49,52,
revancha,3733,2023-04-21,54700000,10,11,16,19,37,56,
revancha,3734,2023-04-23,20000000,5,13,21,25,32,39,
revancha,3735,2023-04-26,20100000,2,3,5,11,19,22,
revancha,3736,2023-04-28,20200000,10,11,21,30,51,54,
revancha,3737,2023-04-30,20300000,8,40,44,50,51,54,
revancha,3738,2023-05-03,20400000,19,22,23,25,27,41,
revancha,3739,2023-05-05,20500000,5,24,25,28,39,56,
revancha,3740,2023-05-07,20600000,4,8,10,38,44,52,
revancha,3741,2023-05-10,20700000,15,19,22,38,48,53,
revancha,3742,2023-05-12,20800000,4,10,30,31,36,53,
revancha,3743,2023-05-14,22000000,2,14,45,52,54,55,
revancha,3744,2023-05-17,23900000,2,4,14,31,37,47,
revancha,3745,2023-05-19,26600000,8,10,16,19,34,53,
revancha,3746,2023-05-21,29100000,3,40,43,44,48,49,
revancha,3747,2023-05-24,31000000,4,31,34,36,42,50,
revancha,3748,2023-05-26,33500000,6,9,12,18,23,30,
revancha,3749,2023-05-28,35800000,9,20,33,39,43,45,
revancha,3750,2023-05-31,37500000,3,17,19,27,34,42,
revancha,3751,2023-06-02,39900000,14,21,23,26,49,54,
revancha,3752,2023-06-04,42600000,8,13,18,19,37,56,
revancha,3753,2023-06-07,44400000,2,4,26,35,44,48,
revancha,3754,2023-06-09,47000000,28,38,44,45,51,55,
revancha,3755,2023-06-11,49600000,8,16,20,27,39,50,
revancha,3756,2023-06-14,51400000,1,10,13,20,24,52,
revancha,3757,2023-06-16,53800000,10,20,27,36,37,50,
revancha,3758,2023-06-18,56300000,6,9,10,14,18,21,
revancha,3759,2023-06-21,57800000,3,18,28,29,45,51,
revancha,3760,2023-06-23,60400000,16,31,35,49,54,56,
revancha,3761,2023-06-25,63000000,1,11,14,20,40,53,
revancha,3762,2023-06-28,64900000,6,13,28,29,42,43,
revancha,3763,2023-06-30,67400000,6,15,21,24,31,44,
revancha,3764,2023-07-02,69900000,9,10,16,26,31,39,
revancha,3765,2023-07-05,71800000,1,4,7,32,47,49,
revancha,3766,2023-07-07,74600000,8,13,21,38,41,45,
revancha,3767,2023-07-09,77400000,27,32,35,37,38,46,
revancha,3768,2023-07-12,79600000,3,9,25,27,31,49,
revancha,3769,2023-07-14,82100000,3,31,40,43,52,56,
revancha,3770,2023-07-16,84900000,5,9,15,19,31,56,
revancha,3771,2023-07-19,86700000,1,7,8,45,47,53,
revancha,3772,2023-07-21,89400000,1,7,16,46,51,56,
revancha,3773,2023-07-23,92100000,16,20,41,43,46,47,
revancha,3774,2023-07-26,94200000,4,29,34,35,39,44,
revancha,3775,2023-07-28,97100000,1,15,18,20,32,37,
revancha,3776,2023-07-30,99700000,12,24,31,35,36,42,
revancha,3777,2023-08-02,101700000,8,10,20,27,30,39,
revancha,3778,2023-08-04,104500000,6,13,24,26,27,51,
revancha,3779,2023-08-06,107300000,13,25,35,38,42,50,
revancha,3780,2023-08-09,109300000,9,14,16,23,27,33,
revancha,3781,2023-08-11,111800000,6,13,29,35,37,40,
revancha,3782,2023-08-13,114600000,6,16,21,24,31,39,
revancha,3783,2023-08-16,116600000,14,15,17,23,43,45,
revancha,3784,2023-08-18,119400000,3,5,11,39,43,50,
revancha,3785,2023-08-20,122400000,2,6,25,42,44,51,
revancha,3786,2023-08-23,124300000,6,12,19,21,30,46,
revancha,3787,2023-08-25,127000000,33,39,51,53,55,56,
revancha,3788,2023-08-27,129900000,11,24,30,35,44,48,
revancha,3789,2023-08-30,131900000,30,39,46,52,53,54,
revancha,3790,2023-09-01,134900000,3,18,22,27,39,47,
revancha,3791,2023-09-03,137800000,7,11,34,37,39,51,
revancha,3792,2023-09-06,139900000,7,21,27,48,52,56,
revancha,3793,2023-09-08,142800000,2,19,41,45,46,49,
revancha,3794,2023-09-10,145700000,5,15,37,38,41,43,
revancha,3795,2023-09-13,147900000,4,26,33,40,46,55,
revancha,3796,2023-09-15,150800000,11,17,39,40,49,54,
revancha,3797,2023-09-17,153900000,2,22,23,27,28,45,
revancha,3798,2023-09-20,156100000,5,22,24,26,52,53,
revancha,3799,2023-09-22,159000000,34,45,49,50,51,53,
revancha,3800,2023-09-24,162000000,4,10,12,19,24,45,
revancha,3801,2023-09-27,164000000,2,5,33,38,48,51,
revancha,3802,2023-09-29,167000000,4,6,9,23,32,38,
revancha,3803,2023-10-01,169800000,13,19,23,24,32,51,
revancha,3804,2023-10-04,172100000,1,14,26,27,29,34,
revancha,3805,2023-10-06,175200000,1,6,13,18,45,51,
revancha,3806,2023-10-08,178200000,3,7,9,25,35,47,
revancha,3807,2023-10-11,179900000,23,29,34,35,51,54,
revancha,3808,2023-10-13,183100000,3,40,44,45,53,56,
revancha,3809,2023-10-15,186300000,12,24,27,38,42,48,
revancha,3810,2023-10-18,188700000,1,6,22,28,35,50,
revancha,3811,2023-10-20,191900000,2,9,20,36,47,52,
revancha,3812,2023-10-22,195000000,13,14,16,29,36,47,
revancha,3813,2023-10-25,197100000,13,19,38,41,47,51,
revancha,3814,2023-10-27,199900000,16,17,40,45,46,56,
revancha,3815,2023-10-29,202600000,1,24,37,40,42,52,
revancha,3816,2023-11-01,204700000,11,19,21,31,50,53,
revancha,3817,2023-11-03,207600000,10,27,33,41,42,53,
revancha,3818,2023-11-05,210700000,10,11,15,24,42,45,
revancha,3819,2023-11-08,212800000,11,13,20,31,35,49,
revancha,3820,2023-11-10,215800000,4,36,37,41,42,43,
revancha,3821,2023-11-12,218900000,20,24,33,45,47,51,
revancha,3822,2023-11-15,221100000,8,14,22,27,41,47,
revancha,3823,2023-11-17,224100000,13,14,15,44,46,49,
revancha,3824,2023-11-19,227100000,2,3,20,24,29,34,
revancha,3825,2023-11-22,229100000,6,25,28,30,37,46,
revancha,3826,2023-11-24,231800000,25,27,34,43,53,54,
revancha,3827,2023-11-26,234700000,15,16,38,40,41,50,
revancha,3828,2023-11-29,237000000,5,18,19,24,25,33,
revancha,3829,2023-12-01,239700000,3,10,21,35,39,54,
revancha,3830,2023-12-03,242800000,17,29,31,47,48,53,
revancha,3831,2023-12-06,245300000,4,10,19,29,43,53,
revancha,3832,2023-12-08,248500000,6,11,13,16,44,46,
revancha,3833,2023-12-10,251400000,15,17,19,28,48,52,
revancha,3834,2023-12-13,253600000,1,14,17,18,19,53,
revancha,3835,2023-12-15,256500000,12,20,25,30,34,38,
revancha,3836,2023-12-17,259600000,16,19,25,43,48,56,
revancha,3837,2023-12-20,262000000,3,16,24,40,46,54,
revancha,3838,2023-12-22,265000000,5,15,38,39,46,49,
revancha,3839,2023-12-24,268300000,4,19,22,36,40,55,
revancha,3840,2023-12-27,270900000,9,14,21,22,23,32,
revancha,3841,2023-12-29,273500000,24,28,32,35,37,52,
revancha,3842,2023-12-31,276800000,2,9,10,13,22,48,
revancha,3843,2024-01-03,279700000,10,11,17,39,54,55,
revancha,3844,2024-01-05,283100000,3,13,26,39,45,55,
revancha,3845,2024-01-07,286400000,6,11,22,30,34,44,
revancha,3846,2024-01-10,288800000,6,16,18,31,38,47,
revancha,3847,2024-01-12,291900000,5,10,47,50,51,55,
revancha,3848,2024-01-14,295200000,24,27,32,48,54,55,
revancha,3849,2024-01-17,297600000,19,21,34,40,51,55,
revancha,3850,2024-01-19,301000000,4,16,17,35,48,56,
revancha,3851,2024-01-21,304200000,1,8,22,26,47,54,
revancha,3852,2024-01-24,306600000,18,26,28,31,41,43,
revancha,3853,2024-01-26,309800000,3,8,23,26,53,54,
revancha,3854,2024-01-28,312900000,3,12,14,45,51,52,
revancha,3855,2024-01-31,20000000,2,3,18,20,22,27,
revancha,3856,2024-02-02,20100000,23,29,30,36,44,46,
revancha,3857,2024-02-04,20200000,5,30,43,44,46,49,
revancha,3858,2024-02-07,20300000,4,20,30,35,55,56,
revancha,3859,2024-02-09,20400000,9,13,50,51,53,54,
revancha,3860,2024-02-11,20500000,28,29,35,39,40,49,
revancha,3861,2024-02-14,20600000,3,16,20,26,45,52,
revancha,3862,2024-02-16,21900000,3,14,27,46,48,53,
revancha,3863,2024-02-18,24800000,2,17,44,47,49,50,
revancha,3864,2024-02-21,27100000,5,18,35,38,40,56,
revancha,3865,2024-02-23,30100000,1,23,31,38,44,48,
revancha,3866,2024-02-25,33300000,15,20,27,28,32,38,
revancha,3867,2024-02-28,35400000,2,4,8,25,41,52,
revancha,3868,2024-03-01,38300000,2,11,45,52,53,54,
revancha,3869,2024-03-03,41300000,8,10,11,19,25,38,
revancha,3870,2024-03-06,43500000,20,25,27,29,34,39,
revancha,3871,2024-03-08,46800000,6,12,24,27,36,50,
revancha,3872,2024-03-10,49600000,12,22,25,35,43,50,
revancha,3873,2024-03-13,51600000,1,28,37,41,47,50,
revancha,3874,2024-03-15,54700000,13,30,32,33,36,47,
revancha,3875,2024-03-17,57800000,8,20,32,37,49,56,
revancha,3876,2024-03-20,60000000,3,6,34,49,50,54,
revancha,3877,2024-03-22,62900000,4,7,14,20,39,48,
revancha,3878,2024-03-24,65900000,6,7,12,30,31,50,
revancha,3879,2024-03-27,67700000,1,4,18,21,39,47,
revancha,3880,2024-03-29,70500000,11,13,22,29,44,45,
revancha,3881,2024-03-31,73000000,6,11,16,32,40,41,
revancha,3882,2024-04-03,75300000,4,13,14,31,36,40,
revancha,3883,2024-04-05,78300000,7,18,19,25,36,47,
revancha,3884,2024-04-07,81000000,13,15,18,22,46,53,
revancha,3885,2024-04-10,83500000,8,21,25,34,37,47,
revancha,3886,2024-04-12,86500000,8,14,24,46,48,49,
revancha,3887,2024-04-14,89700000,9,10,21,33,40,43,
revancha,3888,2024-04-17,92000000,4,11,17,32,35,39,
revancha,3889,2024-04-19,95000000,6,13,15,18,43,45,
revancha,3890,2024-04-21,97900000,1,12,27,30,40,44,
revancha,3891,2024-04-24,100300000,7,21,23,47,49,51,
revancha,3892,2024-04-26,103100000,4,22,33,45,50,51,
revancha,3893,2024-04-28,106300000,10,38,42,43,44,50,
revancha,3894,2024-05-01,108700000,12,15,19,36,47,49,
revancha,3895,2024-05-03,20000000,7,9,10,20,34,52,
revancha,3896,2024-05-05,20100000,4,9,10,16,24,40,
revancha,3897,2024-05-08,20200000,7,9,13,18,29,38,
revancha,3898,2024-05-10,20300000,17,22,40,41,43,55,
revancha,3899,2024-05-12,20400000,3,24,33,34,42,49,
revancha,3900,2024-05-15,20500000,1,10,14,20,27,44,
revancha,3901,2024-05-17,20600000,5,8,9,25,34,50,
revancha,3902,2024-05-19,22300000,2,3,29,36,52,53,
revancha,3903,2024-05-22,24500000,14,24,27,31,37,41,
revancha,3904,2024-05-24,27500000,8,16,27,41,51,54,
revancha,3905,2024-05-26,30300000,3,4,22,27,36,40,
revancha,3906,2024-05-29,32500000,10,11,12,21,45,52,
revancha,3907,2024-05-31,35000000,6,7,12,33,34,55,
revancha,3908,2024-06-02,20000000,16,20,30,34,36,43,
revancha,3909,2024-06-05,20000000,19,25,27,48,49,50,
revancha,3910,2024-06-07,20100000,1,5,18,24,45,48,
revancha,3911,2024-06-09,20200000,7,17,23,37,39,55,
revancha,3912,2024-06-12,20300000,3,7,12,37,40,55,
revancha,3913,2024-06-14,20400000,9,20,36,44,51,53,
revancha,3914,2024-06-16,20500000,1,10,16,23,32,53,
revancha,3915,2024-06-19,20600000,13,20,39,42,45,49,
revancha,3916,2024-06-21,20700000,8,15,26,29,37,54,
revancha,3917,2024-06-23,20800000,5,7,14,20,42,55,
revancha,3918,2024-06-26,22700000,1,30,32,43,50,56,
revancha,3919,2024-06-28,25000000,15,22,43,45,49,50,
revancha,3920,2024-06-30,27700000,11,13,17,25,42,43,
revancha,3921,2024-07-03,29500000,20,27,37,40,49,53,
revancha,3922,2024-07-05,32500000,8,10,15,20,43,53,
revancha,3923,2024-07-07,35000000,13,17,18,22,31,56,
revancha,3924,2024-07-10,37100000,5,15,25,41,44,51,
revancha,3925,2024-07-12,39900000,8,9,22,35,46,48,
revancha,3926,2024-07-14,42500000,3,14,28,41,50,51,
revancha,3927,2024-07-17,44300000,6,19,31,36,38,56,
revancha,3928,2024-07-19,47300000,6,27,38,42,48,52,
revancha,3929,2024-07-21,49900000,4,18,24,25,43,45,
revancha,3930,2024-07-24,51700000,6,19,36,39,49,54,
revancha,3931,2024-07-26,54500000,3,10,13,26,32,53,
revancha,3932,2024-07-28,56900000,6,19,28,29,34,44,
revancha,3933,2024-07-31,58700000,7,13,21,26,41,48,
revancha,3934,2024-08-02,60500000,14,30,31,36,40,48,
revancha,3935,2024-08-04,63300000,16,22,25,32,48,56,
revancha,3936,2024-08-07,66000000,1,10,11,32,50,55,
revancha,3937,2024-08-09,68300000,31,32,37,44,47,49,
revancha,3938,2024-08-11,71300000,2,10,13,18,28,32,
revancha,3939,2024-08-14,74000000,1,2,4,32,36,52,
revancha,3940,2024-08-16,76700000,28,36,37,40,42,55,
revancha,3941,2024-08-18,79500000,1,7,10,14,27,51,
revancha,3942,2024-08-21,81300000,3,11,19,31,42,45,
revancha,3943,2024-08-23,84100000,9,26,34,42,49,55,
revancha,3944,2024-08-25,86700000,8,11,15,39,43,49,
revancha,3945,2024-08-28,88700000,1,12,37,42,43,54,
revancha,3946,2024-08-30,91500000,2,4,13,24,31,55,
revancha,3947,2024-09-01,94300000,1,4,11,16,32,39,
revancha,3948,2024-09-04,96300000,1,3,18,41,47,51,
revancha,3949,2024-09-06,99300000,10,27,42,48,54,55,
revancha,3950,2024-09-08,102000000,1,12,15,16,39,48,
revancha,3951,2024-09-11,104300000,24,26,29,43,47,54,
revancha,3952,2024-09-13,107000000,14,24,34,40,46,55,
revancha,3953,2024-09-15,110000000,5,9,29,33,35,53,
revancha,3954,2024-09-18,112000000,1,6,20,22,27,48,
revancha,3955,2024-09-20,114700000,1,5,15,26,28,30,
revancha,3956,2024-09-22,117300000,1,5,26,32,40,48,
revancha,3957,2024-09-25,119300000,16,22,40,42,44,56,
revancha,3958,2024-09-27,122300000,23,25,27,46,52,53,
revancha,3959,2024-09-29,125000000,4,6,14,29,47,48,
revancha,3960,2024-10-02,127000000,18,29,34,45,48,55,
revancha,3961,2024-10-04,130300000,2,4,5,13,19,36,
revancha,3962,2024-10-06,133000000,8,12,23,34,37,53,
revancha,3963,2024-10-09,135000000,6,9,31,40,44,52,
revancha,3964,2024-10-11,138000000,12,26,30,41,53,56,
revancha,3965,2024-10-13,140700000,15,16,32,39,41,56,
revancha,3966,2024-10-16,142900000,1,4,5,30,44,52,
revancha,3967,2024-10-18,145900000,2,7,27,33,35,56,
revancha,3968,2024-10-20,148500000,9,10,21,47,53,55,
revancha,3969,2024-10-23,150300000,6,8,22,24,31,51,
revancha,3970,2024-10-25,152700000,9,10,24,27,49,54,
revancha,3971,2024-10-27,155300000,23,30,31,34,48,55,
revancha,3972,2024-10-30,157500000,12,24,28,40,47,55,
revancha,3973,2024-11-01,160300000,6,19,27,38,44,48,
revancha,3974,2024-11-03,163300000,10,20,21,23,31,48,
revancha,3975,2024-11-06,165500000,4,12,18,21,29,33,
revancha,3976,2024-11-08,168300000,9,24,26,32,34,41,
revancha,3977,2024-11-10,171000000,2,17,27,34,51,55,
revancha,3978,2024-11-13,173300000,3,16,26,32,47,52,
revancha,3979,2024-11-15,176000000,11,14,16,38,54,56,
revancha,3980,2024-11-17,179000000,2,17,32,38,46,51,
revancha,3981,2024-11-20,181500000,9,13,32,34,41,45,
revancha,3982,2024-11-22,184300000,3,6,31,37,38,42,
revancha,3983,2024-11-24,187000000,5,7,17,29,32,38,
revancha,3984,2024-11-27,188900000,8,21,34,37,51,54,
revancha,3985,2024-11-29,191900000,6,7,9,24,30,55,
revancha,3986,2024-12-01,194500000,6,18,26,29,31,33,
revancha,3987,2024-12-04,196900000,5,11,17,36,47,51,
revancha,3988,2024-12-06,199900000,3,5,33,34,35,51,
revancha,3989,2024-12-08,203000000,6,14,20,21,32,45,
revancha,3990,2024-12-11,205300000,4,6,19,39,41,45,
revancha,3991,2024-12-13,208500000,2,3,18,19,48,51,
revancha,3992,2024-12-15,211500000,8,9,33,34,44,53,
revancha,3993,2024-12-18,214000000,2,3,34,38,40,48,
revancha,3994,2024-12-20,217300000,9,23,31,34,42,48,
revancha,3995,2024-12-22,220500000,14,23,25,39,41,49,
revancha,3996,2024-12-25,223000000,1,25,29,39,44,52,
revancha,3997,2024-12-27,225700000,21,27,33,35,45,48,
revancha,3998,2024-12-29,228300000,3,8,21,22,29,37,
revancha,3999,2025-01-01,228300000,8,16,26,35,39,56,
revancha,4000,2025-01-03,234500000,2,5,16,39,41,50,
revancha,4001,2025-01-05,237300000,3,23,31,39,45,53,
revancha,4002,2025-01-08,240000000,5,8,30,31,35,41,
revancha,4003,2025-01-10,244000000,8,20,27,28,31,37,
revancha,4004,2025-01-12,247000000,5,7,16,17,22,54,
revancha,4005,2025-01-15,248700000,3,8,13,22,25,51,
revancha,4006,2025-01-17,251800000,2,8,21,23,30,54,
revancha,4007,2025-01-19,255100000,15,16,19,27,39,45,
revancha,4008,2025-01-22,257700000,6,25,26,30,44,49,
revancha,4009,2025-01-24,261000000,8,12,19,21,44,53,
revancha,4010,2025-01-26,264000000,3,18,19,32,37,43,
revancha,4011,2025-01-29,266000000,1,11,12,34,39,52,
revancha,4012,2025-01-31,269000000,10,14,23,26,45,55,
revancha,4013,2025-02-02,272000000,2,4,9,17,30,42,
revancha,4014,2025-02-05,274300000,7,28,30,33,39,44,
revancha,4015,2025-02-07,277300000,3,5,17,19,31,48,
revancha,4016,2025-02-09,20000000,6,10,20,24,31,37,
revancha,4017,2025-02-12,20100000,1,3,15,27,41,53,
revancha,4018,2025-02-14,20200000,5,8,12,29,55,56,
revancha,4019,2025-02-16,20300000,2,11,26,28,33,54,
revancha,4020,2025-02-19,20400000,11,27,32,33,54,55,
revancha,4021,2025-02-21,20500000,9,11,31,42,44,48,
revancha,4022,2025-02-23,20600000,7,34,46,48,49,55,
revancha,4023,2025-02-26,20700000,23,25,28,32,35,43,
revancha,4024,2025-02-28,22000000,4,12,13,15,16,41,
revancha,4025,2025-03-02,24700000,21,27,36,43,53,54,
revancha,4026,2025-03-05,27000000,17,22,24,28,41,43,
revancha,4027,2025-03-07,30000000,2,3,12,16,28,31,
revancha,4028,2025-03-09,30900000,2,11,26,36,39,56,
revancha,4029,2025-03-12,34700000,1,4,19,25,45,47,
revancha,4030,2025-03-14,37500000,7,13,18,34,40,46,
revancha,4031,2025-03-16,40000000,13,18,25,28,30,33,
revancha,4032,2025-03-19,41900000,7,12,23,26,40,53,
revancha,4033,2025-03-21,44500000,3,18,19,28,35,56,
revancha,4034,2025-03-23,47300000,1,2,17,33,41,52,
revancha,4035,2025-03-26,49300000,8,20,29,30,33,45,
revancha,4036,2025-03-28,52000000,2,7,27,31,37,51,
revancha,4037,2025-03-30,55000000,16,23,25,26,34,56,
revancha,4038,2025-04-02,57300000,17,22,35,41,45,48,
revancha,4039,2025-04-04,60300000,4,8,35,37,45,49,
revancha,4040,2025-04-06,63000000,6,16,22,35,41,45,
revancha,4041,2025-04-09,65500000,6,22,40,51,55,56,
revancha,4042,2025-04-11,68500000,7,12,14,17,24,42,
revancha,4043,2025-04-13,71000000,5,6,29,30,32,55,
revancha,4044,2025-04-16,73000000,16,22,24,35,47,48,
revancha,4045,2025-04-18,75700000,16,24,30,44,53,55,
revancha,4046,2025-04-20,78500000,11,13,32,35,47,48,
revancha,4047,2025-04-23,80500000,14,24,29,31,50,53,
revancha,4048,2025-04-25,83300000,10,16,21,28,48,49,
revancha,4049,2025-04-27,86000000,11,26,30,35,43,48,
revancha,4050,2025-04-30,88300000,5,15,18,43,53,54,
revancha,4051,2025-05-02,91200000,4,7,21,28,46,50,
revancha,4052,2025-05-04,94100000,8,11,14,42,49,55,
revancha,4053,2025-05-07,96300000,9,15,16,27,36,40,
revancha,4054,2025-05-09,99300000,27,32,40,46,50,51,
revancha,4055,2025-05-11,102400000,3,18,23,24,37,50,
revancha,4056,2025-05-14,104600000,3,17,26,30,47,52,
revancha,4057,2025-05-16,107700000,1,5,22,32,33,45,
revancha,4058,2025-05-18,110600000,17,23,33,34,45,46,
revancha,4059,2025-05-21,112900000,15,18,28,35,36,48,
revancha,4060,2025-05-23,115900000,10,17,18,28,29,34,
revancha,4061,2025-05-25,118600000,15,16,39,40,49,53,
revancha,4062,2025-05-28,121100000,3,10,16,24,28,55,
revancha,4063,2025-05-30,20000000,4,7,11,27,34,54,
revancha,4064,2025-06-01,20100000,1,16,17,48,54,55,
revancha,4065,2025-06-04,20200000,2,4,8,12,34,39,
revancha,4066,2025-06-06,20300000,16,24,25,33,46,47,
revancha,4067,2025-06-08,20400000,10,13,15,27,37,51,
revancha,4068,2025-06-11,20500000,30,33,37,44,45,54,
revancha,4069,2025-06-13,20600000,5,6,12,30,37,41,
revancha,4070,2025-06-15,22400000,22,34,36,41,52,54,
revancha,4071,2025-06-18,24800000,6,7,12,35,36,43,
revancha,4072,2025-06-20,27500000,1,23,24,27,32,49,
revancha,4073,2025-06-22,30200000,9,18,21,22,26,44,
revancha,4074,2025-06-25,32200000,3,15,25,26,30,31,
revancha,4075,2025-06-27,34900000,22,31,32,36,47,55,
revancha,4076,2025-06-29,37700000,7,18,23,31,44,50,
revancha,4077,2025-07-02,39700000,5,12,32,33,43,55,
revancha,4078,2025-07-04,42500000,7,11,12,35,49,53,
revancha,4079,2025-07-06,45400000,6,12,13,17,29,52,
revancha,4080,2025-07-09,47200000,1,4,8,23,35,51,
revancha,4081,2025-07-11,49700000,5,19,29,35,37,40,
revancha,4082,2025-07-13,52300000,5,9,11,34,46,47,
revancha,4083,2025-07-16,54300000,3,15,22,27,29,33,
revancha,4084,2025-07-18,56800000,13,23,40,45,47,55,
revancha,4085,2025-07-20,59600000,5,18,23,38,49,52,
revancha,4086,2025-07-23,61800000,13,15,28,29,42,52,
revancha,4087,2025-07-25,64500000,3,20,27,28,30,48,
revancha,4088,2025-07-27,20000000,5,7,12,45,47,48,
revancha,4089,2025-07-30,20100000,4,19,39,40,41,48,
revancha,4090,2025-08-01,20200000,13,18,24,29,30,52,
revancha,4091,2025-08-03,20300000,10,17,19,33,46,56,
revancha,4092,2025-08-06,20400000,8,9,15,23,41,52,
revancha,4093,2025-08-08,20500000,2,25,28,36,42,56,
revancha,4094,2025-08-10,20600000,2,5,17,26,27,50,
revancha,4095,2025-08-13,20700000,2,10,23,33,45,47,
revancha,4096,2025-08-15,21800000,4,21,40,47,51,55,
revancha,4097,2025-08-17,24500000,2,7,12,18,46,53,
revancha,4098,2025-08-20,26500000,5,9,18,39,48,56,
revancha,4099,2025-08-22,29300000,2,9,38,49,50,51,
revancha,4100,2025-08-24,32100000,5,17,27,46,53,56,
revancha,4101,2025-08-27,33900000,5,34,36,46,49,50,
revancha,4102,2025-08-29,36700000,3,11,23,37,40,56,
revancha,4103,2025-08-31,39300000,18,30,34,35,51,54,
revancha,4104,2025-09-03,41600000,6,10,17,18,28,50,
revancha,4105,2025-09-05,44500000,9,19,27,36,41,50,
revancha,4106,2025-09-07,47000000,5,7,11,49,53,54,
revancha,4107,2025-09-10,49000000,1,9,18,42,47,48,
revancha,4108,2025-09-12,51800000,2,4,6,14,28,40,
revancha,4109,2025-09-14,54300000,21,28,36,37,40,56,
revancha,4110,2025-09-17,56500000,2,5,21,25,31,52,
revancha,4111,2025-09-19,59000000,5,6,20,33,44,46,
revancha,4112,2025-09-21,61600000,5,13,20,48,49,50,
revancha,4113,2025-09-24,63800000,12,15,17,24,41,55,
revancha,4114,2025-09-26,66800000,2,42,44,46,47,50,
revancha,4115,2025-09-28,69600000,1,21,30,32,37,47,
revancha,4116,2025-10-01,71900000,2,19,30,31,39,54,
revancha,4117,2025-10-03,74900000,9,19,21,26,40,50,
revancha,4118,2025-10-05,77800000,11,31,38,39,45,48,
revancha,4119,2025-10-08,80200000,10,12,18,40,46,49,
revancha,4120,2025-10-10,83000000,5,23,38,50,51,55,
revancha,4121,2025-10-12,85700000,12,14,45,49,50,52,
revancha,4122,2025-10-15,87900000,13,17,35,46,48,51,
revancha,4123,2025-10-17,90900000,1,5,7,11,39,43,
revancha,4124,2025-10-19,93600000,1,10,20,33,43,49,
revancha,4125,2025-10-22,96100000,27,34,38,43,50,54,
revancha,4126,2025-10-24,99300000,6,16,17,22,26,37,
revancha,4127,2025-10-26,102000000,3,7,11,19,35,56,
revancha,4128,2025-10-29,103800000,3,8,36,47,48,50,
revancha,4129,2025-10-31,106600000,25,26,43,45,49,54,
revancha,4130,2025-11-02,109700000,3,11,13,42,44,56,
revancha,4131,2025-11-05,111900000,4,7,13,16,27,35,
revancha,4132,2025-11-07,114600000,5,17,18,36,39,54,
revancha,4133,2025-11-09,117900000,2,29,30,44,46,50,
revancha,4134,2025-11-12,120500000,1,22,24,37,47,55,
revancha,4135,2025-11-14,123500000,6,19,27,47,51,55,
revancha,4136,2025-11-16,126600000,18,22,27,29,30,50,
revancha,4137,2025-11-19,129000000,10,25,33,38,39,43,
revancha,4138,2025-11-21,132000000,4,5,26,31,33,44,
revancha,4139,2025-11-23,135000000,9,11,25,42,45,47,
revancha,4140,2025-11-26,137500000,10,16,34,38,39,55,
revancha,4141,2025-11-28,140800000,22,29,34,41,44,52,
revancha,4142,2025-11-30,144000000,18,24,34,38,39,46,
revancha,4143,2025-12-03,146900000,19,23,34,36,37,46,
revancha,4144,2025-12-05,150400000,7,20,33,37,45,51,
revancha,4145,2025-12-07,153600000,17,21,28,29,32,39,
revancha,4146,2025-12-10,156200000,4,5,10,11,41,50,
revancha,4147,2025-12-12,159400000,11,18,26,27,28,29,
revancha,4148,2025-12-14,162900000,8,25,29,31,37,39,
revancha,4149,2025-12-17,165700000,16,22,24,38,50,52,
revancha,4150,2025-12-19,169300000,2,8,12,24,27,34,
revancha,4151,2025-12-21,172000000,20,35,47,51,52,56,
revancha,4152,2025-12-24,175000000,6,13,28,44,48,50,
revancha,4153,2025-12-26,179400000,12,39,47,54,55,56,
revancha,4154,2025-12-28,183300000,8,16,40,41,42,52,
revancha,4155,2025-12-31,186500000,3,4,8,26,31,37,
revancha,4156,2026-01-02,190400000,11,20,35,42,47,54,
revancha,4157,2026-01-04,194600000,1,11,35,40,44,47,
revancha,4158,2026-01-07,197500000,16,18,30,38,43,49,
revancha,4159,2026-01-09,200200000,6,24,39,43,47,53,
revancha,4160,2026-01-11,203500000,3,20,25,30,31,44,
revancha,4161,2026-01-14,206200000,12,27,33,45,48,52,
revancha,4162,2026-01-16,209600000,8,18,26,29,35,56,
revancha,4163,2026-01-18,213100000,7,8,20,21,37,40,
revancha,4164,2026-01-21,215800000,7,14,16,26,29,46,
revancha,4165,2026-01-23,219000000,15,17,21,22,33,48,
revancha,4166,2026-01-25,222000000,3,8,10,14,32,50,
revancha,4167,2026-01-28,224500000,3,18,34,36,41,48,
revancha,4168,2026-01-30,227900000,1,12,36,37,50,54,
revancha,4169,2026-02-01,231300000,15,24,35,38,46,51,
revancha,4170,2026-02-04,233900000,23,28,35,47,52,54,
revancha,4171,2026-02-06,237200000,4,5,7,14,15,55,
revancha,4172,2026-02-08,240300000,8,11,34,38,44,54,
revancha,4173,2026-02-11,243000000,12,26,32,40,51,54,
revancha,4174,2026-02-13,246400000,5,11,12,13,29,44,
revancha,4175,2026-02-15,249400000,14,32,35,46,50,51,
revancha,4176,2026-02-18,252200000,5,8,10,29,54,56,
revancha,4177,2026-02-20,255700000,1,6,15,24,36,44,
revancha,4178,2026-02-22,258800000,4,8,19,30,44,49,
revancha,4179,2026-02-25,261000000,6,15,26,35,50,53,
revancha,4180,2026-02-27,264100000,13,14,18,21,37,40,
revancha,4181,2026-03-01,20000000,7,15,23,36,43,46,
revancha,4182,2026-03-04,20100000,2,9,17,18,47,51,
revancha,4183,2026-03-06,20200000,4,20,22,27,31,48,
revancha,4184,2026-03-08,20300000,9,15,43,44,45,47,
revancha,4185,2026-03-11,20400000,2,17,20,34,40,43,
revancha,4186,2026-03-13,20500000,4,7,23,34,37,55,
revancha,4187,2026-03-15,20600000,4,5,19,50,52,53,
revancha,4188,2026-03-18,23300000,2,29,31,43,45,52,
revancha,4189,2026-03-20,26500000,13,15,16,18,28,40,
revancha,4190,2026-03-22,29400000,15,19,25,33,52,54,
revancha,4191,2026-03-25,31700000,5,9,23,25,35,45,
revancha,4192,2026-03-27,34700000,7,16,27,29,34,37,
revancha,4193,2026-03-29,37700000,4,34,35,39,51,56,
revancha,4194,2026-04-01,40000000,8,13,15,25,35,42,
revancha,4195,2026-04-03,43000000,1,16,18,21,24,50,
revancha,4196,2026-04-05,46200000,13,23,26,39,41,44,
revancha,4197,2026-04-08,48400000,15,27,41,43,46,53,
revancha,4198,2026-04-10,51200000,9,12,19,26,36,49,
revancha,4199,2026-04-12,53700000,11,34,38,47,48,52,
revancha,4200,2026-04-15,56100000,7,15,17,22,45,51,
revancha,4201,2026-04-17,59000000,23,42,48,49,50,53,
revancha,4202,2026-04-19,61800000,6,15,17,23,27,51,
revancha,4203,2026-04-22,64000000,11,13,16,24,32,41,
revancha,4204,2026-04-24,66700000,4,15,29,43,44,46,
revancha,4205,2026-04-26,69400000,6,20,39,41,42,48,
revancha,4206,2026-04-29,71700000,4,18,24,27,45,53,
revancha,4207,2026-05-01,74300000,11,30,33,35,46,48,
revancha,4208,2026-05-03,77200000,6,7,26,27,30,40,
revancha,4209,2026-05-06,79400000,2,8,20,26,38,54,
revancha,4210,2026-05-08,82400000,1,32,41,45,55,56,
revancha,4211,2026-05-10,85500000,7,16,18,20,27,42,
revancha,4212,2026-05-13,87500000,9,15,22,27,47,49,
revancha,4213,2026-05-15,90100000,7,29,39,43,47,49,
revancha,4214,2026-05-17,93000000,16,19,25,29,45,50,
revancha,4215,2026-05-20,95600000,3,5,19,39,47,54,
revancha,4216,2026-05-22,98700000,7,15,18,22,32,45,
revancha,4217,2026-05-24,101300000,3,23,24,27,52,54,
revancha,4218,2026-05-27,103400000,2,18,22,38,51,52,
revancha,4219,2026-05-29,106400000,14,23,26,31,41,43,
revancha,4220,2026-05-31,109200000,8,18,28,34,45,52,
revancha,4221,2026-06-03,111800000,11,25,31,52,55,56,
revancha,4222,2026-06-05,115200000,2,13,20,40,42,43,
revancha,4223,2026-06-07,118300000,13,26,28,34,37,52,
revancha,4224,2026-06-10,120600000,4,8,15,25,40,54,
revancha,4225,2026-06-12,20000000,7,13,17,22,35,47,
revancha,4226,2026-06-14,20100000,3,22,35,38,42,53,
revancha,4227,2026-06-17,20200000,4,18,34,45,55,56,
revancha,4228,2026-06-19,20300000,1,13,17,31,38,53,
revancha,4229,2026-06-21,20400000,2,6,27,28,41,53,
revancha,4230,2026-06-24,20500000,6,10,17,29,42,53,
revancha,4231,2026-06-26,20000000,4,11,17,34,40,47,
revancha,4232,2026-06-28,20100000,7,19,24,28,49,55,
revancha,4233,2026-07-01,20200000,2,25,31,32,52,55,
revancha,4234,2026-07-03,20300000,1,5,6,13,35,43,
revancha,4235,2026-07-05,20400000,2,23,25,30,32,54,
revancha,4236,2026-07-08,20500000,3,15,25,49,51,56,
revancha,4237,2026-07-10,20600000,8,27,28,33,39,55,
revancha,4238,2026-07-12,20700000,6,10,13,18,39,40,
revancha,4239,2026-07-15,22500000,3,18,32,47,50,51,
revancha,4240,2026-07-17,25300000,8,26,30,46,53,55,
revancha,4241,2026-07-19,28300000,13,15,23,41,46,49,
revancha,4242,2026-07-22,30600000,3,15,16,23,27,54,
revancha,4243,2026-07-24,33100000,21,24,35,36,40,43,
revancha,4244,2026-07-26,35800000,6,7,23,38,48,53,
revancha,4245,2026-07-29,37900000,4,6,10,13,36,49,
revancha,4246,2026-07-31,40700000,8,23,41,50,52,56,
revanchita,2371,2010-08-25,10500000,6,8,12,20,23,37,
revanchita,2372,2010-08-29,11000000,1,13,23,31,32,48,
revanchita,2373,2010-09-01,11500000,7,19,29,40,52,55,
revanchita,2374,2010-09-05,12000000,7,14,18,38,43,47,
revanchita,2375,2010-09-08,12500000,3,12,25,30,34,51,
revanchita,2376,2010-09-12,13000000,1,6,21,40,46,54,
revanchita,2377,2010-09-15,13500000,3,8,25,26,30,33,
revanchita,2378,2010-09-19,14000000,11,14,24,26,28,36,
revanchita,2379,2010-09-22,14500000,13,26,28,37,42,53,
revanchita,2380,2010-09-26,15000000,5,6,9,23,27,45,
revanchita,2381,2010-09-29,15500000,21,23,27,29,43,45,
revanchita,2382,2010-10-03,16000000,3,7,19,30,44,56,
revanchita,2383,2010-10-06,16500000,18,26,27,37,42,45,
revanchita,2384,2010-10-10,17500000,5,10,22,25,39,45,
revanchita,2385,2010-10-13,19000000,12,13,30,31,47,52,
revanchita,2386,2010-10-17,20000000,18,21,24,27,47,49,
revanchita,2387,2010-10-20,21000000,3,14,16,19,51,53,
revanchita,2388,2010-10-24,22000000,10,19,26,38,45,49,
revanchita,2389,2010-10-27,23500000,7,11,12,32,48,51,
revanchita,2390,2010-10-31,24000000,5,31,32,40,41,54,
revanchita,2391,2010-11-03,26000000,8,9,13,17,21,39,
revanchita,2392,2010-11-07,27000000,3,21,28,44,48,49,
revanchita,2393,2010-11-10,28000000,9,30,34,38,45,52,
revanchita,2394,2010-11-14,29000000,3,17,28,42,51,53,
revanchita,2395,2010-11-17,31000000,5,27,31,32,42,53,
revanchita,2396,2010-11-21,32000000,3,4,24,35,44,54,
revanchita,2397,2010-11-24,33000000,13,22,29,34,39,49,
revanchita,2398,2010-11-28,34000000,5,22,41,45,55,56,
revanchita,2399,2010-12-01,36000000,3,7,15,22,29,53,
revanchita,2400,2010-12-05,37000000,3,6,7,15,24,31,
revanchita,2401,2010-12-08,38000000,15,19,20,24,46,56,
revanchita,2402,2010-12-12,39000000,18,28,35,36,48,53,
revanchita,2403,2010-12-15,41000000,6,10,16,28,33,48,
revanchita,2404,2010-12-19,42000000,2,4,24,25,43,50,
revanchita,2405,2010-12-22,43000000,19,21,40,44,50,52,
revanchita,2406,2010-12-26,45000000,4,8,11,34,46,52,
revanchita,2407,2010-12-29,46000000,2,4,11,12,33,54,
revanchita,2408,2011-01-02,48000000,6,25,29,33,42,46,
revanchita,2409,2011-01-05,49000000,1,9,27,38,39,56,
revanchita,2410,2011-01-09,51000000,11,15,18,25,34,49,
revanchita,2411,2011-01-12,52000000,4,7,25,42,49,56,
revanchita,2412,2011-01-16,53500000,1,9,43,52,54,55,
revanchita,2413,2011-01-19,55000000,6,9,14,22,35,38,
revanchita,2414,2011-01-23,56000000,10,19,22,28,30,33,
revanchita,2415,2011-01-26,57000000,10,12,22,25,44,53,
revanchita,2416,2011-01-30,59000000,13,18,39,47,50,52,
revanchita,2417,2011-02-02,60000000,10,12,17,27,32,47,
revanchita,2418,2011-02-06,62000000,11,15,22,34,46,48,
revanchita,2419,2011-02-09,63000000,4,21,36,39,42,56,
revanchita,2420,2011-02-13,64000000,19,21,27,30,51,53,
revanchita,2421,2011-02-16,66000000,5,12,14,15,46,50,
revanchita,2422,2011-02-20,67000000,18,21,24,28,37,39,
revanchita,2423,2011-02-23,69000000,2,15,21,24,27,53,
revanchita,2424,2011-02-27,70000000,13,26,33,35,37,49,
revanchita,2425,2011-03-02,72000000,5,12,16,28,31,47,
revanchita,2426,2011-03-06,73000000,6,25,29,38,42,50,
revanchita,2427,2011-03-09,75000000,2,20,21,33,39,47,
revanchita,2428,2011-03-13,76000000,6,7,31,42,50,52,
revanchita,2429,2011-03-16,78000000,11,19,28,31,43,45,
revanchita,2430,2011-03-20,80000000,5,13,24,28,36,38,
revanchita,2431,2011-03-23,81000000,5,8,14,20,27,46,
revanchita,2432,2011-03-27,83000000,13,16,31,40,44,52,
revanchita,2433,2011-03-30,85000000,4,5,18,33,36,49,
revanchita,2434,2011-04-03,86000000,1,19,36,47,49,52,
revanchita,2435,2011-04-06,88000000,3,8,23,31,50,51,
revanchita,2436,2011-04-10,90000000,3,4,12,23,46,49,
revanchita,2437,2011-04-13,92000000,3,4,11,15,52,53,
revanchita,2438,2011-04-17,94000000,1,5,18,34,36,51,
revanchita,2439,2011-04-20,96000000,21,28,31,35,36,41,
revanchita,2440,2011-04-24,98000000,7,10,26,36,48,54,
revanchita,2441,2011-04-27,100000000,4,7,16,42,43,52,
revanchita,2442,2011-05-01,101000000,1,14,19,42,47,52,
revanchita,2443,2011-05-04,104000000,2,13,24,27,28,34,
revanchita,2444,2011-05-08,106000000,20,23,38,49,50,53,
revanchita,2445,2011-05-11,108000000,13,17,41,50,53,55,
revanchita,2446,2011-05-15,110000000,2,15,30,33,42,53,
revanchita,2447,2011-05-18,111000000,2,3,7,22,38,50,
revanchita,2448,2011-05-22,113000000,14,30,34,36,55,56,
revanchita,2449,2011-05-25,114000000,6,9,16,33,45,48,
revanchita,2450,2011-05-29,116000000,2,4,14,24,29,39,
revanchita,2451,2011-06-01,118000000,25,32,39,40,41,54,
revanchita,2452,2011-06-05,120000000,7,18,23,27,45,54,
revanchita,2453,2011-06-08,122000000,9,13,26,37,43,50,
revanchita,2454,2011-06-12,123000000,3,8,18,29,35,52,
revanchita,2455,2011-06-15,125000000,7,12,24,36,46,54,
revanchita,2456,2011-06-19,127000000,1,11,12,19,20,27,
revanchita,2457,2011-06-22,129000000,20,23,32,38,43,44,
revanchita,2458,2011-06-26,10000000,4,13,14,17,23,24,
revanchita,2459,2011-06-29,10500000,4,9,28,40,51,55,
revanchita,2460,2011-07-03,11000000,15,25,32,33,37,45,
revanchita,2461,2011-07-06,11500000,3,6,12,26,34,46,
revanchita,2462,2011-07-10,12000000,2,5,10,15,20,31,
revanchita,2463,2011-07-13,12500000,1,6,12,24,28,33,
revanchita,2464,2011-07-17,13000000,10,13,37,44,46,53,
revanchita,2465,2011-07-20,13500000,3,24,37,45,52,54,
revanchita,2466,2011-07-24,14000000,1,3,11,14,39,41,
revanchita,2467,2011-07-27,10000000,13,18,34,37,46,52,
revanchita,2468,2011-07-31,10500000,7,9,16,24,37,54,
revanchita,2469,2011-08-03,11000000,1,9,14,37,40,41,
revanchita,2470,2011-08-07,11500000,1,7,11,19,35,42,
revanchita,2471,2011-08-10,12000000,7,14,19,34,35,44,
revanchita,2472,2011-08-14,10000000,3,27,33,39,43,51,
revanchita,2473,2011-08-17,10500000,9,16,39,41,44,45,
revanchita,2474,2011-08-21,11000000,3,10,16,33,44,48,
revanchita,2475,2011-08-24,11500000,10,17,25,29,51,56,
revanchita,2476,2011-08-28,12000000,17,21,39,41,44,49,
revanchita,2477,2011-08-31,12500000,3,9,12,16,17,36,
revanchita,2478,2011-09-04,13000000,16,22,24,37,52,53,
revanchita,2479,2011-09-07,13500000,7,16,31,32,42,45,
revanchita,2480,2011-09-11,14000000,1,12,19,30,42,53,
revanchita,2481,2011-09-14,15500000,3,22,26,31,47,56,
revanchita,2482,2011-09-18,17000000,27,31,39,41,49,55,
revanchita,2483,2011-09-21,18000000,4,15,25,32,53,54,
revanchita,2484,2011-09-25,20000000,9,11,38,43,45,54,
revanchita,2485,2011-09-28,22000000,16,27,33,35,37,40,
revanchita,2486,2011-10-02,23000000,4,5,22,32,35,39,
revanchita,2487,2011-10-05,25000000,17,21,38,48,50,52,
revanchita,2488,2011-10-09,27000000,22,35,39,40,49,52,
revanchita,2489,2011-10-12,28000000,24,28,37,47,48,52,
revanchita,2490,2011-10-16,30000000,1,2,22,24,28,29,
revanchita,2491,2011-10-19,32000000,3,8,11,23,46,56,
revanchita,2492,2011-10-23,34000000,7,11,14,50,52,54,
revanchita,2493,2011-10-26,36000000,9,31,40,49,52,55,
revanchita,2494,2011-10-30,38000000,2,19,40,47,48,49,
revanchita,2495,2011-11-02,40000000,3,15,28,40,48,55,
revanchita,2496,2011-11-06,41000000,8,15,20,32,34,45,
revanchita,2497,2011-11-09,43000000,5,10,20,47,51,56,
revanchita,2498,2011-11-13,44000000,5,22,28,30,49,54,
revanchita,2499,2011-11-16,46000000,1,15,20,39,42,49,
revanchita,2500,2011-11-20,47000000,6,11,29,39,43,47,
revanchita,2501,2011-11-23,49000000,20,24,29,47,50,56,
revanchita,2502,2011-11-27,50000000,1,10,28,35,39,51,
revanchita,2503,2011-11-30,52000000,9,23,24,26,43,50,
revanchita,2504,2011-12-04,54000000,5,7,10,14,22,27,
revanchita,2505,2011-12-07,55000000,4,24,32,45,50,56,
revanchita,2506,2011-12-11,57000000,3,9,10,11,29,30,
revanchita,2507,2011-12-14,58000000,2,7,14,22,37,43,
revanchita,2508,2011-12-18,60000000,1,2,12,30,42,53,
revanchita,2509,2011-12-21,61000000,13,23,26,29,35,36,
revanchita,2510,2011-12-25,63000000,19,33,35,41,45,56,
revanchita,2511,2011-12-28,64000000,10,12,20,21,29,54,
revanchita,2512,2012-01-01,66000000,12,28,31,40,52,54,
revanchita,2513,2012-01-04,68000000,13,15,22,23,36,38,
revanchita,2514,2012-01-08,69000000,10,15,17,22,40,45,
revanchita,2515,2012-01-11,71000000,9,11,13,20,22,32,
revanchita,2516,2012-01-15,73000000,1,5,11,19,25,49,
revanchita,2517,2012-01-18,74000000,8,21,28,49,51,55,
revanchita,2518,2012-01-22,76000000,8,24,26,31,33,52,
revanchita,2519,2012-01-25,78000000,20,34,45,48,54,55,
revanchita,2520,2012-01-29,79000000,6,7,24,42,48,50,
revanchita,2521,2012-02-01,81000000,27,30,37,43,44,55,
revanchita,2522,2012-02-05,82000000,4,5,6,24,32,50,
revanchita,2523,2012-02-08,84000000,2,13,40,48,49,56,
revanchita,2524,2012-02-12,85000000,8,9,27,39,47,52,
revanchita,2525,2012-02-15,87000000,5,18,24,35,43,56,
revanchita,2526,2012-02-19,88000000,9,24,27,32,36,52,
revanchita,2527,2012-02-22,90000000,9,11,17,25,45,53,
revanchita,2528,2012-02-26,92000000,5,14,20,30,31,36,
revanchita,2529,2012-02-29,93000000,8,9,12,18,28,42,
revanchita,2530,2012-03-04,95000000,2,11,24,26,48,51,
revanchita,2531,2012-03-07,97000000,1,7,16,35,45,55,
revanchita,2532,2012-03-11,99000000,6,18,23,24,30,54,
revanchita,2533,2012-03-14,100000000,4,8,28,46,53,56,
revanchita,2534,2012-03-18,102000000,1,16,20,31,41,43,
revanchita,2535,2012-03-21,104000000,1,9,20,31,43,56,
revanchita,2536,2012-03-25,105000000,8,24,26,28,51,56,
revanchita,2537,2012-03-28,107000000,4,10,13,32,35,42,
revanchita,2538,2012-04-01,108000000,22,23,24,28,30,42,
revanchita,2539,2012-04-04,110000000,12,13,15,29,48,54,
revanchita,2540,2012-04-08,112000000,1,6,7,23,44,53,
revanchita,2541,2012-04-11,114000000,5,19,22,28,47,52,
revanchita,2542,2012-04-15,116000000,1,4,15,17,32,42,
revanchita,2543,2012-04-18,118000000,2,11,23,27,51,53,
revanchita,2544,2012-04-22,120000000,15,19,36,42,44,50,
revanchita,2545,2012-04-25,10000000,6,15,22,28,36,45,
revanchita,2546,2012-04-29,10500000,8,22,31,34,36,45,
revanchita,2547,2012-05-02,11000000,5,7,21,27,41,54,
revanchita,2548,2012-05-06,11500000,5,12,35,49,52,54,
revanchita,2549,2012-05-09,12000000,2,11,13,20,42,43,
revanchita,2550,2012-05-13,12500000,7,10,31,38,40,45,
revanchita,2551,2012-05-16,13000000,1,5,23,43,54,55,
revanchita,2552,2012-05-20,13500000,4,7,19,24,31,32,
revanchita,2553,2012-05-23,14000000,27,33,41,47,51,54,
revanchita,2554,2012-05-27,15500000,8,18,22,24,32,38,
revanchita,2555,2012-05-30,17500000,5,20,21,39,45,52,
revanchita,2556,2012-06-03,10000000,8,13,21,27,33,36,
revanchita,2557,2012-06-06,10500000,1,17,20,22,28,32,
revanchita,2558,2012-06-10,11000000,6,14,19,37,39,50,
revanchita,2559,2012-06-13,11500000,8,9,16,39,41,42,
revanchita,2560,2012-06-17,12000000,5,11,12,20,42,47,
revanchita,2561,2012-06-20,12500000,16,27,34,42,47,49,
revanchita,2562,2012-06-24,13000000,2,3,12,18,27,50,
revanchita,2563,2012-06-27,13500000,15,20,33,36,40,48,
revanchita,2564,2012-07-01,14000000,1,16,17,32,45,51,
revanchita,2565,2012-07-04,16000000,6,21,35,38,45,54,
revanchita,2566,2012-07-08,17000000,10,16,19,20,40,52,
revanchita,2567,2012-07-11,19000000,14,16,17,31,46,55,
revanchita,2568,2012-07-15,20500000,10,25,29,31,49,55,
revanchita,2569,2012-07-18,22000000,3,7,9,27,45,55,
revanchita,2570,2012-07-22,23000000,5,13,14,28,41,52,
revanchita,2571,2012-07-25,24500000,15,23,25,28,37,45,
revanchita,2572,2012-07-29,25500000,4,12,18,29,45,54,
revanchita,2573,2012-08-01,26500000,23,28,37,41,46,50,
revanchita,2574,2012-08-05,28000000,4,7,10,24,44,54,
revanchita,2575,2012-08-08,29500000,9,14,15,18,35,38,
revanchita,2576,2012-08-12,30500000,9,11,27,40,41,44,
revanchita,2577,2012-08-15,32000000,1,4,11,22,44,52,
revanchita,2578,2012-08-19,33000000,28,32,33,37,50,53,
revanchita,2579,2012-08-22,35000000,8,18,41,42,44,52,
revanchita,2580,2012-08-26,36000000,6,22,24,27,41,54,
revanchita,2581,2012-08-29,37000000,7,9,11,26,50,52,
revanchita,2582,2012-09-02,38500000,4,8,30,39,49,56,
revanchita,2583,2012-09-05,40000000,17,19,21,22,45,49,
revanchita,2584,2012-09-09,41500000,3,4,25,41,42,51,
revanchita,2585,2012-09-12,43000000,7,8,12,21,37,51,
revanchita,2586,2012-09-16,44000000,18,20,26,27,29,49,
revanchita,2587,2012-09-19,45500000,7,27,34,42,46,55,
revanchita,2588,2012-09-23,47000000,7,15,18,45,48,55,
revanchita,2589,2012-09-26,48000000,1,9,12,34,36,44,
revanchita,2590,2012-09-30,49000000,9,12,17,31,41,47,
revanchita,2591,2012-10-03,51000000,10,17,23,39,42,56,
revanchita,2592,2012-10-07,52500000,13,14,16,24,26,36,
revanchita,2593,2012-10-10,54000000,3,19,38,43,46,48,
revanchita,2594,2012-10-14,55500000,5,7,9,23,25,29,
revanchita,2595,2012-10-17,57000000,5,11,23,37,39,54,
revanchita,2596,2012-10-21,58000000,7,9,34,36,38,40,
revanchita,2597,2012-10-24,60000000,4,11,32,38,47,55,
revanchita,2598,2012-10-28,61000000,2,34,40,43,49,54,
revanchita,2599,2012-10-31,63000000,25,26,28,45,48,49,
revanchita,2600,2012-11-04,64000000,4,6,12,51,54,55,
revanchita,2601,2012-11-07,66000000,10,27,47,51,52,53,
revanchita,2602,2012-11-11,67000000,1,2,6,30,34,51,
revanchita,2603,2012-11-14,69000000,5,9,16,19,24,30,
revanchita,2604,2012-11-18,70000000,1,6,7,17,25,52,
revanchita,2605,2012-11-21,72000000,3,8,9,15,26,55,
revanchita,2606,2012-11-25,73000000,16,22,24,31,46,53,
revanchita,2607,2012-11-28,74000000,17,19,32,51,53,54,
revanchita,2608,2012-12-02,76000000,2,6,23,46,48,53,
revanchita,2609,2012-12-05,78000000,16,24,33,36,38,45,
revanchita,2610,2012-12-09,79500000,8,22,32,34,39,56,
revanchita,2611,2012-12-12,81500000,2,3,16,26,37,52,
revanchita,2612,2012-12-16,83000000,8,14,25,35,43,44,
revanchita,2613,2012-12-19,85000000,12,19,33,44,45,54,
revanchita,2614,2012-12-23,86500000,3,22,32,37,50,56,
revanchita,2615,2012-12-26,88500000,3,8,9,21,26,50,
revanchita,2616,2012-12-30,90000000,1,16,29,37,46,52,
revanchita,2617,2013-01-02,92000000,22,23,27,39,49,52,
revanchita,2618,2013-01-06,93500000,4,26,27,31,43,51,
revanchita,2619,2013-01-09,95500000,5,15,24,28,32,51,
revanchita,2620,2013-01-13,97500000,2,6,28,29,39,50,
revanchita,2621,2013-01-16,100000000,1,5,12,13,30,45,
revanchita,2622,2013-01-20,101500000,2,21,37,41,54,56,
revanchita,2623,2013-01-23,103500000,2,8,13,49,50,54,
revanchita,2624,2013-01-27,105500000,4,8,21,35,41,56,
revanchita,2625,2013-01-30,107500000,10,24,26,30,43,54,
revanchita,2626,2013-02-03,110000000,13,22,32,33,44,53,
revanchita,2627,2013-02-06,111500000,15,30,33,37,52,53,
revanchita,2628,2013-02-10,114000000,6,14,32,33,41,50,
revanchita,2629,2013-02-13,116000000,6,20,22,24,44,55,
revanchita,2630,2013-02-17,118000000,1,17,46,48,50,52,
revanchita,2631,2013-02-20,120500000,3,4,17,39,48,53,
revanchita,2632,2013-02-24,122000000,2,27,37,41,48,54,
revanchita,2633,2013-02-27,124000000,2,5,18,19,33,35,
revanchita,2634,2013-03-03,126500000,5,11,19,40,52,55,
revanchita,2635,2013-03-06,129000000,2,6,13,45,46,52,
revanchita,2636,2013-03-10,131000000,4,14,28,30,32,36,
revanchita,2637,2013-03-13,133500000,10,17,33,35,36,38,
revanchita,2638,2013-03-17,136000000,11,15,23,24,35,40,
revanchita,2639,2013-03-20,138500000,27,30,39,42,44,52,
revanchita,2640,2013-03-24,140500000,17,18,24,32,38,42,
revanchita,2641,2013-03-27,142500000,6,12,18,24,32,42,
revanchita,2642,2013-03-31,144500000,4,30,39,47,50,53,
revanchita,2643,2013-04-03,147000000,13,17,18,21,37,45,
revanchita,2644,2013-04-07,149500000,5,11,25,29,45,54,
revanchita,2645,2013-04-10,152500000,6,28,33,37,49,54,
revanchita,2646,2013-04-14,155000000,8,11,17,23,29,40,
revanchita,2647,2013-04-17,157500000,16,23,31,33,36,49,
revanchita,2648,2013-04-21,160000000,5,14,40,44,50,54,
revanchita,2649,2013-04-24,162500000,10,11,18,26,31,45,
revanchita,2650,2013-04-28,164500000,11,12,25,29,38,50,
revanchita,2651,2013-05-01,168000000,2,14,18,25,36,55,
revanchita,2652,2013-05-05,170000000,12,17,20,21,27,41,
revanchita,2653,2013-05-08,173000000,17,23,30,35,48,53,
revanchita,2654,2013-05-12,176000000,1,6,7,9,20,30,
revanchita,2655,2013-05-15,178000000,16,27,35,42,51,54,
revanchita,2656,2013-05-19,181000000,4,8,15,19,27,43,
revanchita,2657,2013-05-22,184000000,12,28,31,33,52,53,
revanchita,2658,2013-05-26,186500000,28,34,45,46,48,55,
revanchita,2659,2013-05-29,189000000,15,16,21,24,33,50,
revanchita,2660,2013-06-02,192000000,7,14,18,27,39,46,
revanchita,2661,2013-06-05,195000000,7,9,25,30,46,47,
revanchita,2662,2013-06-09,198500000,20,27,31,33,35,45,
revanchita,2663,2013-06-12,201500000,3,28,32,34,50,54,
revanchita,2664,2013-06-16,203500000,16,22,27,33,47,55,
revanchita,2665,2013-06-19,207000000,2,5,24,27,35,44,
revanchita,2666,2013-06-23,210000000,2,3,25,28,32,42,
revanchita,2667,2013-06-26,10000000,1,7,9,20,37,41,
revanchita,2668,2013-06-30,10500000,2,7,16,18,28,33,
revanchita,2669,2013-07-03,11000000,29,34,36,50,51,54,
revanchita,2670,2013-07-07,11500000,4,28,30,33,40,56,
revanchita,2671,2013-07-10,12500000,3,4,11,19,45,55,
revanchita,2672,2013-07-14,14500000,30,31,41,43,46,49,
revanchita,2673,2013-07-17,17000000,27,28,33,37,44,47,
revanchita,2674,2013-07-21,19000000,19,34,40,46,48,52,
revanchita,2675,2013-07-24,10000000,7,19,25,38,40,47,
revanchita,2676,2013-07-28,10000000,2,4,17,18,20,40,
revanchita,2677,2013-07-31,10500000,10,20,21,31,33,37,
revanchita,2678,2013-08-04,11000000,7,11,15,16,28,49,
revanchita,2679,2013-08-07,11500000,18,21,35,37,43,44,
revanchita,2680,2013-08-11,12000000,5,14,15,28,41,55,
revanchita,2681,2013-08-14,12500000,11,21,24,40,53,56,
revanchita,2682,2013-08-18,13000000,12,25,26,36,44,50,
revanchita,2683,2013-08-21,15000000,16,24,42,53,54,56,
revanchita,2684,2013-08-25,16000000,16,24,25,39,48,52,
revanchita,2685,2013-08-28,18000000,2,12,24,34,41,47,
revanchita,2686,2013-09-01,19000000,8,18,22,36,39,56,
revanchita,2687,2013-09-04,21000000,7,9,20,24,31,40,
revanchita,2688,2013-09-08,22500000,3,6,12,24,27,44,
revanchita,2689,2013-09-11,24500000,4,6,13,22,26,49,
revanchita,2690,2013-09-15,26000000,11,15,24,36,41,53,
revanchita,2691,2013-09-18,27500000,8,33,42,43,44,56,
revanchita,2692,2013-09-22,28500000,3,7,12,26,32,46,
revanchita,2693,2013-09-25,30500000,8,13,21,32,35,50,
revanchita,2694,2013-09-29,32000000,6,17,26,31,44,48,
revanchita,2695,2013-10-02,34000000,21,26,35,42,44,51,
revanchita,2696,2013-10-06,35000000,12,18,20,23,25,44,
revanchita,2697,2013-10-09,37000000,6,9,23,36,45,49,
revanchita,2698,2013-10-13,38000000,14,21,26,30,35,39,
revanchita,2699,2013-10-16,40000000,23,25,32,43,49,55,
revanchita,2700,2013-10-20,41500000,12,15,27,44,46,48,
revanchita,2701,2013-10-23,43000000,11,15,19,27,36,38,
revanchita,2702,2013-10-27,44500000,18,22,23,26,42,49,
revanchita,2703,2013-10-30,46000000,11,15,17,20,22,54,
revanchita,2704,2013-11-03,47000000,20,27,31,42,53,54,
revanchita,2705,2013-11-06,49000000,5,6,18,41,54,56,
revanchita,2706,2013-11-10,51000000,1,8,26,33,54,55,
revanchita,2707,2013-11-13,53000000,3,7,19,21,25,47,
revanchita,2708,2013-11-17,54000000,7,22,38,42,44,54,
revanchita,2709,2013-11-20,56000000,5,7,20,40,42,48,
revanchita,2710,2013-11-24,57000000,10,13,18,26,28,37,
revanchita,2711,2013-11-27,59000000,15,30,34,35,38,51,
revanchita,2712,2013-12-01,60500000,8,17,34,37,42,43,
revanchita,2713,2013-12-04,62000000,11,14,39,41,47,52,
revanchita,2714,2013-12-08,64000000,28,31,40,49,53,54,
revanchita,2715,2013-12-11,66000000,3,7,30,40,48,54,
revanchita,2716,2013-12-15,67500000,2,18,25,41,42,51,
revanchita,2717,2013-12-18,69000000,7,19,29,34,41,47,
revanchita,2718,2013-12-22,71000000,24,25,30,35,55,56,
revanchita,2719,2013-12-25,72500000,2,7,31,40,53,56,
revanchita,2720,2013-12-29,74000000,3,7,8,17,21,48,
revanchita,2721,2014-01-01,76000000,2,10,24,31,35,49,
revanchita,2722,2014-01-05,78000000,5,14,19,46,54,55,
revanchita,2723,2014-01-08,79500000,11,14,21,27,47,54,
revanchita,2724,2014-01-12,81500000,6,7,12,22,31,45,
revanchita,2725,2014-01-15,83500000,12,19,22,30,39,56,
revanchita,2726,2014-01-19,85000000,3,5,19,28,33,56,
revanchita,2727,2014-01-22,87000000,16,29,38,40,48,49,
revanchita,2728,2014-01-26,89000000,11,15,20,24,47,48,
revanchita,2729,2014-01-29,90500000,8,19,34,39,41,54,
revanchita,2730,2014-02-02,92000000,12,13,31,34,47,50,
revanchita,2731,2014-02-05,94000000,10,34,39,42,44,54,
revanchita,2732,2014-02-09,96000000,11,13,31,39,45,53,
revanchita,2733,2014-02-12,10000000,3,15,16,22,30,34,
revanchita,2734,2014-02-16,10500000,6,8,9,13,29,48,
revanchita,2735,2014-02-19,11000000,6,12,41,46,52,56,
revanchita,2736,2014-02-23,11500000,11,29,32,43,51,52,
revanchita,2737,2014-02-26,12000000,11,34,43,52,54,55,
revanchita,2738,2014-03-02,12500000,4,13,22,29,32,40,
revanchita,2739,2014-03-05,13000000,10,16,28,29,37,48,
revanchita,2740,2014-03-09,13500000,1,17,19,25,36,53,
revanchita,2741,2014-03-12,14500000,9,27,31,33,42,45,
revanchita,2742,2014-03-16,16000000,10,13,16,23,39,42,
revanchita,2743,2014-03-19,18000000,17,24,27,29,32,51,
revanchita,2744,2014-03-23,19000000,7,24,32,34,35,51,
revanchita,2745,2014-03-26,21000000,5,18,20,26,27,43,
revanchita,2746,2014-03-30,22000000,4,29,36,38,49,56,
revanchita,2747,2014-04-02,24000000,4,9,11,24,33,56,
revanchita,2748,2014-04-06,25500000,1,15,20,21,33,48,
revanchita,2749,2014-04-09,27000000,1,26,32,33,47,55,
revanchita,2750,2014-04-13,28500000,4,8,21,31,37,41,
revanchita,2751,2014-04-16,30000000,9,14,22,39,42,52,
revanchita,2752,2014-04-20,31500000,21,37,38,40,41,56,
revanchita,2753,2014-04-23,33000000,3,6,8,10,34,53,
revanchita,2754,2014-04-27,34500000,5,8,16,32,36,39,
revanchita,2755,2014-04-30,37000000,4,24,26,32,38,48,
revanchita,2756,2014-05-04,38000000,6,13,18,35,42,53,
revanchita,2757,2014-05-07,40000000,9,10,17,38,50,55,
revanchita,2758,2014-05-11,41500000,8,10,34,45,49,56,
revanchita,2759,2014-05-14,43000000,4,7,19,20,34,38,
revanchita,2760,2014-05-18,44500000,8,19,28,33,38,45,
revanchita,2761,2014-05-21,47000000,2,29,30,34,48,54,
revanchita,2762,2014-05-25,48000000,4,25,51,53,54,55,
revanchita,2763,2014-05-28,50000000,6,18,24,32,33,38,
revanchita,2764,2014-06-01,51500000,4,11,20,25,27,40,
revanchita,2765,2014-06-04,53500000,9,14,20,21,32,50,
revanchita,2766,2014-06-08,55500000,13,14,22,24,45,51,
revanchita,2767,2014-06-11,57000000,2,25,26,36,37,38,
revanchita,2768,2014-06-15,59000000,20,24,28,30,54,55,
revanchita,2769,2014-06-18,62000000,12,13,31,35,37,49,
revanchita,2770,2014-06-22,63000000,2,4,7,16,52,54,
revanchita,2771,2014-06-25,64000000,6,17,32,49,54,55,
revanchita,2772,2014-06-29,65000000,2,5,10,29,40,48,
revanchita,2773,2014-07-02,67000000,6,16,43,45,47,54,
revanchita,2774,2014-07-06,69000000,1,4,14,33,36,45,
revanchita,2775,2014-07-09,71000000,3,6,38,49,53,54,
revanchita,2776,2014-07-13,72500000,2,4,6,15,35,37,
revanchita,2777,2014-07-16,74500000,7,14,19,31,35,50,
revanchita,2778,2014-07-20,76000000,8,23,28,41,49,53,
revanchita,2779,2014-07-23,78000000,1,22,24,25,26,29,
revanchita,2780,2014-07-27,79500000,4,18,23,45,47,53,
revanchita,2781,2014-07-30,81500000,12,15,24,38,45,49,
revanchita,2782,2014-08-03,83000000,7,19,22,32,48,49,
revanchita,2783,2014-08-06,85500000,5,12,14,39,50,56,
revanchita,2784,2014-08-10,87000000,3,6,7,11,18,36,
revanchita,2785,2014-08-13,89000000,3,6,9,18,19,52,
revanchita,2786,2014-08-17,91000000,10,11,17,29,42,46,
revanchita,2787,2014-08-20,93000000,13,21,35,36,37,53,
revanchita,2788,2014-08-24,95000000,6,13,14,29,36,54,
revanchita,2789,2014-08-27,97000000,12,14,19,27,40,42,
revanchita,2790,2014-08-31,98000000,3,6,10,22,25,27,
revanchita,2791,2014-09-03,100000000,14,21,28,30,34,45,
revanchita,2792,2014-09-07,102000000,2,3,5,23,28,51,
revanchita,2793,2014-09-10,103500000,15,30,37,40,51,56,
revanchita,2794,2014-09-14,105000000,4,24,38,40,53,56,
revanchita,2795,2014-09-17,107000000,8,13,18,21,30,38,
revanchita,2796,2014-09-21,108500000,4,6,10,38,52,53,
revanchita,2797,2014-09-24,110000000,1,6,15,21,25,38,
revanchita,2798,2014-09-28,10000000,2,9,11,20,44,56,
revanchita,2799,2014-10-01,10500000,7,20,31,37,50,56,
revanchita,2800,2014-10-05,11000000,10,22,33,45,54,56,
revanchita,2801,2014-10-08,11500000,4,7,10,12,31,35,
revanchita,2802,2014-10-12,12000000,1,7,31,36,47,54,
revanchita,2803,2014-10-15,12500000,4,10,11,48,49,51,
revanchita,2804,2014-10-19,13000000,6,17,27,38,46,52,
revanchita,2805,2014-10-22,14000000,1,16,27,30,37,44,
revanchita,2806,2014-10-26,15000000,6,12,18,19,29,36,
revanchita,2807,2014-10-29,17000000,3,13,20,33,49,54,
revanchita,2808,2014-11-02,18500000,3,6,13,20,21,44,
revanchita,2809,2014-11-05,20000000,35,38,39,42,46,50,
revanchita,2810,2014-11-09,22000000,14,24,31,49,54,56,
revanchita,2811,2014-11-12,24000000,4,6,19,26,29,36,
revanchita,2812,2014-11-16,25500000,5,14,19,23,37,54,
revanchita,2813,2014-11-19,27500000,3,7,18,29,54,56,
revanchita,2814,2014-11-23,29000000,2,22,26,32,49,51,
revanchita,2815,2014-11-26,30000000,2,26,27,33,39,41,
revanchita,2816,2014-11-30,31000000,10,16,17,24,28,55,
revanchita,2817,2014-12-03,33500000,5,15,22,28,41,51,
revanchita,2818,2014-12-07,35000000,6,10,11,15,40,49,
revanchita,2819,2014-12-10,37000000,2,10,25,33,39,52,
revanchita,2820,2014-12-14,38500000,10,28,34,35,39,55,
revanchita,2821,2014-12-17,40000000,7,9,12,42,44,51,
revanchita,2822,2014-12-21,41000000,4,7,35,42,48,49,
revanchita,2823,2014-12-24,42500000,1,29,32,33,42,44,
revanchita,2824,2014-12-28,44000000,13,19,33,37,53,56,
revanchita,2825,2014-12-31,46000000,17,23,51,53,54,56,
revanchita,2826,2015-01-04,48000000,2,7,12,18,41,54,
revanchita,2827,2015-01-07,50000000,3,5,37,43,44,52,
revanchita,2828,2015-01-11,52000000,23,25,26,32,41,48,
revanchita,2829,2015-01-14,53000000,10,12,19,21,32,43,
revanchita,2830,2015-01-18,54000000,1,2,9,12,37,47,
revanchita,2831,2015-01-21,56000000,7,8,15,36,46,54,
revanchita,2832,2015-01-25,58000000,3,19,29,31,34,37,
revanchita,2833,2015-01-28,60000000,1,17,27,34,42,52,
revanchita,2834,2015-02-01,61000000,23,25,34,37,39,51,
revanchita,2835,2015-02-04,63000000,6,24,40,47,48,51,
revanchita,2836,2015-02-08,64500000,13,15,17,28,35,43,
revanchita,2837,2015-02-11,66000000,22,28,29,41,43,49,
revanchita,2838,2015-02-15,68000000,4,5,7,26,32,53,
revanchita,2839,2015-02-18,69500000,1,6,9,22,29,50,
revanchita,2840,2015-02-22,71000000,14,29,31,45,51,55,
revanchita,2841,2015-02-25,73000000,5,30,33,45,47,48,
revanchita,2842,2015-03-01,74500000,17,18,29,31,32,39,
revanchita,2843,2015-03-04,76500000,11,15,29,31,36,42,
revanchita,2844,2015-03-08,78000000,10,26,28,34,46,55,
revanchita,2845,2015-03-11,79500000,6,12,25,46,47,49,
revanchita,2846,2015-03-15,81000000,10,11,12,39,48,51,
revanchita,2847,2015-03-18,83000000,5,26,39,46,52,53,
revanchita,2848,2015-03-22,85000000,7,12,14,18,34,41,
revanchita,2849,2015-03-25,86500000,13,16,24,41,44,54,
revanchita,2850,2015-03-29,88000000,11,16,41,43,53,56,
revanchita,2851,2015-04-01,89500000,7,8,10,17,26,48,
revanchita,2852,2015-04-05,91000000,5,14,29,30,46,55,
revanchita,2853,2015-04-08,92500000,35,41,43,48,49,52,
revanchita,2854,2015-04-12,94000000,7,9,15,23,42,44,
revanchita,2855,2015-04-15,96500000,12,19,28,34,42,53,
revanchita,2856,2015-04-19,98500000,5,14,18,33,38,54,
revanchita,2857,2015-04-22,100000000,2,3,8,20,51,55,
revanchita,2858,2015-04-26,101500000,3,25,36,50,53,55,
revanchita,2859,2015-04-29,103000000,4,5,23,24,26,38,
revanchita,2860,2015-05-03,105000000,4,25,26,34,39,51,
revanchita,2861,2015-05-06,106500000,9,10,13,21,38,43,
revanchita,2862,2015-05-10,108000000,5,13,42,44,46,48,
revanchita,2863,2015-05-13,110000000,14,30,33,41,44,49,
revanchita,2864,2015-05-17,111500000,1,8,15,39,42,50,
revanchita,2865,2015-05-20,113000000,1,2,14,22,31,45,
revanchita,2866,2015-05-24,114000000,1,3,8,28,29,45,
revanchita,2867,2015-05-27,117000000,14,18,24,27,32,56,
revanchita,2868,2015-05-31,118500000,7,14,18,28,29,33,
revanchita,2869,2015-06-03,120000000,10,22,28,30,43,56,
revanchita,2870,2015-06-07,122000000,3,21,27,28,35,55,
revanchita,2871,2015-06-10,124000000,9,10,14,15,26,52,
revanchita,2872,2015-06-14,125500000,3,8,26,31,40,49,
revanchita,2873,2015-06-17,127500000,6,12,35,43,50,55,
revanchita,2874,2015-06-21,129000000,1,2,18,21,26,46,
revanchita,2875,2015-06-24,131000000,25,32,35,39,41,53,
revanchita,2876,2015-06-28,132500000,14,28,29,36,45,50,
revanchita,2877,2015-07-01,134500000,28,32,34,36,43,49,
revanchita,2878,2015-07-05,136000000,10,18,25,29,38,51,
revanchita,2879,2015-07-08,138500000,20,36,43,47,49,52,
revanchita,2880,2015-07-12,140000000,1,8,27,35,38,45,
revanchita,2881,2015-07-15,141500000,14,20,44,48,49,51,
revanchita,2882,2015-07-19,143500000,3,9,16,20,40,55,
revanchita,2883,2015-07-22,145500000,4,6,22,33,39,55,
revanchita,2884,2015-07-26,147000000,6,8,36,42,52,53,
revanchita,2885,2015-07-29,149000000,4,6,7,16,31,46,
revanchita,2886,2015-08-02,151000000,5,13,20,22,48,56,
revanchita,2887,2015-08-05,153000000,4,9,13,14,38,40,
revanchita,2888,2015-08-09,154500000,4,8,11,39,43,53,
revanchita,2889,2015-08-12,156500000,2,31,37,40,47,48,
revanchita,2890,2015-08-16,158500000,9,10,24,35,38,47,
revanchita,2891,2015-08-19,161000000,5,6,14,27,36,55,
revanchita,2892,2015-08-23,162500000,3,15,33,35,36,46,
revanchita,2893,2015-08-26,164500000,10,14,22,45,50,56,
revanchita,2894,2015-08-30,166500000,6,8,11,21,37,54,
revanchita,2895,2015-09-02,169000000,6,9,10,15,21,37,
revanchita,2896,2015-09-06,171000000,1,18,22,31,33,44,
revanchita,2897,2015-09-09,173000000,14,18,26,29,47,48,
revanchita,2898,2015-09-13,174500000,18,22,28,37,45,56,
revanchita,2899,2015-09-16,176500000,7,8,13,28,37,38,
revanchita,2900,2015-09-20,179000000,20,29,32,36,46,47,
revanchita,2901,2015-09-23,181500000,1,16,18,50,54,56,
revanchita,2902,2015-09-27,183000000,3,27,35,40,47,49,
revanchita,2903,2015-09-30,185000000,9,20,25,27,45,51,
revanchita,2904,2015-10-04,187000000,2,7,10,21,51,53,
revanchita,2905,2015-10-07,188500000,14,16,19,34,40,50,
revanchita,2906,2015-10-11,190000000,8,15,23,38,45,56,
revanchita,2907,2015-10-14,191500000,3,18,29,32,34,38,
revanchita,2908,2015-10-18,193000000,17,18,33,41,44,54,
revanchita,2909,2015-10-21,195000000,2,13,19,27,28,46,
revanchita,2910,2015-10-25,197000000,14,15,21,28,35,39,
revanchita,2911,2015-10-28,198500000,3,30,31,45,53,54,
revanchita,2912,2015-11-01,200000000,4,12,25,34,43,47,
revanchita,2913,2015-11-04,202000000,8,11,24,25,33,56,
revanchita,2914,2015-11-08,203000000,3,8,9,27,37,44,
revanchita,2915,2015-11-11,205000000,5,28,29,30,40,52,
revanchita,2916,2015-11-15,207000000,4,8,13,15,19,24,
revanchita,2917,2015-11-18,209000000,11,14,16,46,50,51,
revanchita,2918,2015-11-22,210500000,8,19,31,38,46,48,
revanchita,2919,2015-11-25,212000000,11,15,26,32,35,47,
revanchita,2920,2015-11-29,214000000,16,18,22,41,44,49,
revanchita,2921,2015-12-02,216000000,1,6,10,24,30,53,
revanchita,2922,2015-12-06,217500000,4,10,21,29,51,56,
revanchita,2923,2015-12-09,219000000,15,16,20,36,43,54,
revanchita,2924,2015-12-13,221500000,14,15,29,35,42,56,
revanchita,2925,2015-12-16,223000000,5,14,21,31,41,48,
revanchita,2926,2015-12-20,225000000,6,23,31,38,45,51,
revanchita,2927,2015-12-23,227000000,2,7,30,40,43,53,
revanchita,2928,2015-12-27,229000000,2,19,29,37,50,54,
revanchita,2929,2015-12-30,231000000,5,7,11,36,47,55,
revanchita,2930,2016-01-03,232500000,5,13,30,32,44,54,
revanchita,2931,2016-01-06,234000000,2,20,29,35,37,47,
revanchita,2932,2016-01-10,236000000,20,26,28,39,49,51,
revanchita,2933,2016-01-13,238500000,5,31,35,43,46,55,
revanchita,2934,2016-01-17,240000000,6,11,12,19,32,38,
revanchita,2935,2016-01-20,242000000,13,20,23,38,44,51,
revanchita,2936,2016-01-24,244000000,16,18,24,25,30,49,
revanchita,2937,2016-01-27,246000000,1,14,29,30,31,56,
revanchita,2938,2016-01-31,248000000,12,21,26,30,38,43,
revanchita,2939,2016-02-03,249000000,9,30,39,40,48,54,
revanchita,2940,2016-02-07,251000000,31,38,40,41,46,53,
revanchita,2941,2016-02-10,253000000,24,25,26,38,47,56,
revanchita,2942,2016-02-14,254500000,1,16,22,41,42,49,
revanchita,2943,2016-02-17,257000000,4,7,32,35,49,56,
revanchita,2944,2016-02-21,258000000,7,8,13,41,52,53,
revanchita,2945,2016-02-24,260000000,6,21,22,34,41,52,
revanchita,2946,2016-02-28,262500000,2,12,21,30,33,54,
revanchita,2947,2016-03-02,10000000,2,15,32,34,52,56,
revanchita,2948,2016-03-06,10100000,5,18,29,41,48,49,
revanchita,2949,2016-03-09,10200000,17,19,38,43,51,55,
revanchita,2950,2016-03-13,10300000,4,5,20,24,32,42,
revanchita,2951,2016-03-16,10400000,16,21,25,27,47,54,
revanchita,2952,2016-03-20,10500000,1,10,13,28,29,40,
revanchita,2953,2016-03-23,10700000,8,12,25,30,34,42,
revanchita,2954,2016-03-27,11900000,17,23,24,26,36,51,
revanchita,2955,2016-03-30,13800000,4,8,34,40,50,56,
revanchita,2956,2016-04-03,15700000,6,15,17,23,35,54,
revanchita,2957,2016-04-06,16600000,3,7,14,23,33,46,
revanchita,2958,2016-04-10,18500000,1,21,24,39,40,51,
revanchita,2959,2016-04-13,20000000,10,18,27,36,42,49,
revanchita,2960,2016-04-17,21300000,16,20,24,26,40,44,
revanchita,2961,2016-04-20,23000000,9,16,25,38,46,56,
revanchita,2962,2016-04-24,24500000,1,10,14,16,34,48,
revanchita,2963,2016-04-27,26000000,11,16,19,35,42,46,
revanchita,2964,2016-05-01,27000000,2,5,30,36,42,55,
revanchita,2965,2016-05-04,29000000,2,6,26,31,35,52,
revanchita,2966,2016-05-08,30600000,1,3,16,22,31,46,
revanchita,2967,2016-05-11,32500000,6,7,28,29,36,48,
revanchita,2968,2016-05-15,34000000,13,14,27,30,41,44,
revanchita,2969,2016-05-18,35500000,2,10,13,22,35,44,
revanchita,2970,2016-05-22,36800000,5,12,38,40,47,56,
revanchita,2971,2016-05-25,38200000,7,9,23,40,49,52,
revanchita,2972,2016-05-29,39900000,27,31,35,40,44,54,
revanchita,2973,2016-06-01,41500000,5,11,15,17,47,48,
revanchita,2974,2016-06-05,43000000,6,12,29,30,39,55,
revanchita,2975,2016-06-08,44300000,14,23,25,29,41,43,
revanchita,2976,2016-06-12,46000000,7,16,17,25,37,54,
revanchita,2977,2016-06-15,48000000,1,10,12,19,31,56,
revanchita,2978,2016-06-19,49500000,2,18,42,45,48,54,
revanchita,2979,2016-06-22,51000000,10,12,14,17,47,52,
revanchita,2980,2016-06-26,52000000,4,8,23,29,44,55,
revanchita,2981,2016-06-29,54500000,6,20,21,39,44,56,
revanchita,2982,2016-07-03,56000000,2,11,22,43,50,55,
revanchita,2983,2016-07-06,58000000,3,5,11,18,36,54,
revanchita,2984,2016-07-10,59000000,4,10,19,22,40,49,
revanchita,2985,2016-07-13,61000000,3,6,23,24,39,45,
revanchita,2986,2016-07-17,62500000,23,26,38,47,50,55,
revanchita,2987,2016-07-20,64000000,25,39,44,46,50,55,
revanchita,2988,2016-07-24,66000000,8,33,40,43,44,53,
revanchita,2989,2016-07-27,67000000,9,24,30,41,43,53,
revanchita,2990,2016-07-31,69000000,16,21,37,41,45,46,
revanchita,2991,2016-08-03,71000000,10,19,21,32,44,52,
revanchita,2992,2016-08-07,72500000,2,9,36,45,50,54,
revanchita,2993,2016-08-10,74500000,12,23,30,36,46,53,
revanchita,2994,2016-08-14,75500000,6,9,19,20,32,49,
revanchita,2995,2016-08-17,77000000,2,14,18,21,46,49,
revanchita,2996,2016-08-21,79000000,19,22,25,31,43,44,
revanchita,2997,2016-08-24,80800000,1,11,18,42,51,55,
revanchita,2998,2016-08-28,82700000,5,25,28,36,40,48,
revanchita,2999,2016-08-31,84200000,1,4,5,28,30,53,
revanchita,3000,2016-09-04,85500000,24,28,33,46,50,51,
revanchita,3001,2016-09-07,87400000,4,7,20,26,45,51,
revanchita,3002,2016-09-11,89300000,16,23,33,35,46,55,
revanchita,3003,2016-09-14,91000000,4,9,15,22,33,35,
revanchita,3004,2016-09-18,92500000,6,26,30,40,47,49,
revanchita,3005,2016-09-21,94000000,16,25,32,40,43,54,
revanchita,3006,2016-09-25,96000000,4,39,44,49,51,56,
revanchita,3007,2016-09-28,97000000,24,32,43,48,50,54,
revanchita,3008,2016-10-02,99000000,6,8,9,19,32,34,
revanchita,3009,2016-10-05,101000000,11,13,14,18,22,53,
revanchita,3010,2016-10-09,102500000,22,25,33,42,54,56,
revanchita,3011,2016-10-12,104500000,9,22,31,35,37,52,
revanchita,3012,2016-10-16,106000000,6,23,28,32,52,53,
revanchita,3013,2016-10-19,108000000,15,16,20,26,28,39,
revanchita,3014,2016-10-23,109500000,4,12,18,25,41,48,
revanchita,3015,2016-10-26,111500000,3,5,14,29,30,56,
revanchita,3016,2016-10-30,113000000,6,9,34,40,46,56,
revanchita,3017,2016-11-02,115000000,16,20,21,23,24,56,
revanchita,3018,2016-11-06,117000000,29,30,43,44,52,55,
revanchita,3019,2016-11-09,118500000,6,21,25,32,40,42,
revanchita,3020,2016-11-13,120500000,25,39,41,43,48,55,
revanchita,3021,2016-11-16,122000000,17,20,21,30,43,46,
revanchita,3022,2016-11-20,124000000,14,16,17,21,30,44,
revanchita,3023,2016-11-23,126000000,2,13,44,51,53,55,
revanchita,3024,2016-11-27,127500000,14,26,28,44,50,51,
revanchita,3025,2016-11-30,129500000,7,15,22,28,40,49,
revanchita,3026,2016-12-04,131000000,17,18,19,27,29,49,
revanchita,3027,2016-12-07,133000000,1,4,18,36,37,55,
revanchita,3028,2016-12-11,134700000,24,26,30,48,53,56,
revanchita,3029,2016-12-14,136000000,3,20,29,40,49,50,
revanchita,3030,2016-12-18,10000000,16,23,35,37,53,55,
revanchita,3031,2016-12-21,10100000,2,4,7,26,38,47,
revanchita,3032,2016-12-25,10200000,26,29,30,35,52,54,
revanchita,3033,2016-12-28,10300000,9,22,27,39,46,48,
revanchita,3034,2017-01-01,10400000,16,32,35,36,44,50,
revanchita,3035,2017-01-04,10500000,3,12,16,26,29,46,
revanchita,3036,2017-01-08,10600000,1,22,23,35,39,44,
revanchita,3037,2017-01-11,12500000,12,22,25,28,40,53,
revanchita,3038,2017-01-15,14500000,2,3,32,52,53,54,
revanchita,3039,2017-01-18,15500000,1,32,33,37,42,45,
revanchita,3040,2017-01-22,17000000,7,19,21,28,35,46,
revanchita,3041,2017-01-25,10000000,5,10,29,35,38,46,
revanchita,3042,2017-01-29,10100000,2,11,14,25,41,46,
revanchita,3043,2017-02-01,10200000,1,21,22,34,37,46,
revanchita,3044,2017-02-05,10300000,22,23,30,44,48,50,
revanchita,3045,2017-02-08,10400000,1,6,17,50,54,56,
revanchita,3046,2017-02-12,10500000,12,13,14,17,24,53,
revanchita,3047,2017-02-15,11000000,7,9,10,23,32,54,
revanchita,3048,2017-02-19,12000000,9,16,19,37,46,49,
revanchita,3049,2017-02-22,14000000,19,20,33,40,49,50,
revanchita,3050,2017-02-26,15400000,2,10,17,22,23,29,
revanchita,3051,2017-03-01,17000000,6,8,21,32,41,45,
revanchita,3052,2017-03-05,18500000,5,8,27,28,31,40,
revanchita,3053,2017-03-08,20400000,11,12,22,34,43,49,
revanchita,3054,2017-03-12,21500000,2,17,30,45,54,56,
revanchita,3055,2017-03-15,23400000,3,14,19,20,31,34,
revanchita,3056,2017-03-19,24600000,24,26,28,31,52,56,
revanchita,3057,2017-03-22,26000000,3,5,14,16,30,53,
revanchita,3058,2017-03-26,27400000,1,6,11,15,33,49,
revanchita,3059,2017-03-29,28800000,4,7,10,24,28,33,
revanchita,3060,2017-04-02,30100000,4,16,22,34,40,48,
revanchita,3061,2017-04-05,31400000,8,16,33,39,43,44,
revanchita,3062,2017-04-09,33200000,4,13,17,23,39,45,
revanchita,3063,2017-04-12,34000000,6,9,16,27,43,53,
revanchita,3064,2017-04-16,35800000,4,5,7,15,21,55,
revanchita,3065,2017-04-19,37100000,6,14,21,24,38,41,
revanchita,3066,2017-04-23,38400000,2,3,4,7,40,56,
revanchita,3067,2017-04-26,40100000,7,8,21,24,29,42,
revanchita,3068,2017-04-30,41300000,11,27,30,32,45,55,
revanchita,3069,2017-05-03,43000000,19,20,27,30,46,56,
revanchita,3070,2017-05-07,44000000,1,4,10,32,45,47,
revanchita,3071,2017-05-10,45500000,17,21,26,40,43,52,
revanchita,3072,2017-05-14,47000000,10,20,30,35,39,49,
revanchita,3073,2017-05-17,48800000,10,12,21,48,51,56,
revanchita,3074,2017-05-21,50000000,19,29,34,36,41,51,
revanchita,3075,2017-05-24,52000000,2,21,25,32,48,52,
revanchita,3076,2017-05-28,53000000,13,15,17,27,52,54,
revanchita,3077,2017-05-31,54400000,25,28,30,43,47,53,
revanchita,3078,2017-06-04,56100000,6,7,14,20,36,40,
revanchita,3079,2017-06-07,58000000,2,7,26,37,47,50,
revanchita,3080,2017-06-11,59000000,10,35,41,46,53,56,
revanchita,3081,2017-06-14,60500000,8,9,13,34,36,39,
revanchita,3082,2017-06-18,62000000,1,3,5,14,22,31,
revanchita,3083,2017-06-21,63500000,17,18,27,32,52,53,
revanchita,3084,2017-06-25,65300000,14,24,30,41,51,56,
revanchita,3085,2017-06-28,66800000,2,7,16,19,26,35,
revanchita,3086,2017-07-02,68100000,19,22,29,30,53,55,
revanchita,3087,2017-07-05,69700000,18,25,29,32,37,48,
revanchita,3088,2017-07-09,71400000,7,19,21,28,50,53,
revanchita,3089,2017-07-12,73300000,1,9,25,33,42,43,
revanchita,3090,2017-07-16,74200000,3,4,23,30,38,55,
revanchita,3091,2017-07-19,76000000,7,14,16,34,38,53,
revanchita,3092,2017-07-23,77000000,18,32,36,42,47,48,
revanchita,3093,2017-07-26,79000000,3,4,10,25,26,52,
revanchita,3094,2017-07-30,80500000,20,25,36,45,46,52,
revanchita,3095,2017-08-02,82000000,5,24,26,29,45,47,
revanchita,3096,2017-08-06,83500000,8,10,23,25,30,47,
revanchita,3097,2017-08-09,85500000,14,25,30,38,40,43,
revanchita,3098,2017-08-13,86500000,16,24,25,28,37,44,
revanchita,3099,2017-08-16,88500000,7,10,17,18,32,48,
revanchita,3100,2017-08-20,90000000,2,19,29,42,50,53,
revanchita,3101,2017-08-23,91500000,1,2,5,14,15,24,
revanchita,3102,2017-08-27,93000000,1,9,24,34,46,50,
revanchita,3103,2017-08-30,95000000,4,6,8,11,12,34,
revanchita,3104,2017-09-03,96000000,12,13,36,38,39,45,
revanchita,3105,2017-09-06,98000000,7,10,18,30,33,47,
revanchita,3106,2017-09-10,100000000,1,9,16,28,29,47,
revanchita,3107,2017-09-13,101500000,9,12,20,46,50,55,
revanchita,3108,2017-09-17,103000000,19,22,26,30,42,49,
revanchita,3109,2017-09-20,105000000,10,27,31,37,41,48,
revanchita,3110,2017-09-24,106000000,9,13,20,49,52,53,
revanchita,3111,2017-09-27,107000000,3,8,26,35,50,53,
revanchita,3112,2017-10-01,108500000,19,22,25,42,50,55,
revanchita,3113,2017-10-04,110000000,10,18,20,22,26,40,
revanchita,3114,2017-10-08,112000000,10,14,21,35,40,44,
revanchita,3115,2017-10-11,114500000,9,17,41,42,45,49,
revanchita,3116,2017-10-15,115500000,2,28,30,39,43,54,
revanchita,3117,2017-10-18,117000000,3,6,12,41,46,47,
revanchita,3118,2017-10-22,118900000,7,12,17,20,21,22,
revanchita,3119,2017-10-25,120300000,1,7,11,17,41,45,
revanchita,3120,2017-10-29,122000000,1,3,11,12,21,31,
revanchita,3121,2017-11-01,123700000,2,13,15,20,32,35,
revanchita,3122,2017-11-05,125000000,9,23,25,32,40,54,
revanchita,3123,2017-11-08,126900000,24,38,43,46,50,52,
revanchita,3124,2017-11-12,128400000,12,16,28,46,51,55,
revanchita,3125,2017-11-15,130000000,7,10,20,38,48,50,
revanchita,3126,2017-11-19,132300000,4,8,31,41,47,50,
revanchita,3127,2017-11-22,133400000,37,40,42,44,48,50,
revanchita,3128,2017-11-26,134700000,1,2,17,49,51,56,
revanchita,3129,2017-11-29,136600000,2,15,32,35,45,54,
revanchita,3130,2017-12-03,138500000,2,3,11,20,23,34,
revanchita,3131,2017-12-06,140000000,33,34,35,40,44,52,
revanchita,3132,2017-12-10,142000000,9,18,24,29,30,52,
revanchita,3133,2017-12-13,143800000,21,23,29,31,32,47,
revanchita,3134,2017-12-17,145000000,8,11,30,32,42,52,
revanchita,3135,2017-12-20,146600000,3,19,20,43,46,49,
revanchita,3136,2017-12-24,148600000,20,30,38,39,43,53,
revanchita,3137,2017-12-27,149900000,6,8,25,26,27,35,
revanchita,3138,2017-12-31,151700000,9,35,39,43,55,56,
revanchita,3139,2018-01-03,153700000,9,12,17,22,39,41,
revanchita,3140,2018-01-07,155500000,17,19,27,39,41,45,
revanchita,3141,2018-01-10,157700000,4,8,11,23,45,49,
revanchita,3142,2018-01-14,159500000,9,14,15,51,53,54,
revanchita,3143,2018-01-17,161000000,6,24,31,34,40,48,
revanchita,3144,2018-01-21,162500000,16,33,35,42,50,53,
revanchita,3145,2018-01-24,164500000,4,5,10,23,29,35,
revanchita,3146,2018-01-28,166000000,4,13,14,19,30,38,
revanchita,3147,2018-01-31,168000000,14,18,25,35,36,55,
revanchita,3148,2018-02-04,169500000,2,4,7,11,23,46,
revanchita,3149,2018-02-07,171500000,6,8,26,34,35,38,
revanchita,3150,2018-02-11,172900000,3,7,25,28,42,44,
revanchita,3151,2018-02-14,174900000,12,25,30,37,43,53,
revanchita,3152,2018-02-18,176500000,17,26,30,32,48,49,
revanchita,3153,2018-02-21,178700000,16,19,23,40,43,55,
revanchita,3154,2018-02-25,180000000,11,13,28,32,41,51,
revanchita,3155,2018-02-28,182000000,4,9,10,16,35,50,
revanchita,3156,2018-03-04,183600000,6,12,22,23,24,39,
revanchita,3157,2018-03-07,185500000,11,18,21,30,34,40,
revanchita,3158,2018-03-11,187300000,23,29,34,49,52,55,
revanchita,3159,2018-03-14,189300000,25,30,34,42,49,56,
revanchita,3160,2018-03-18,190900000,7,8,20,24,32,41,
revanchita,3161,2018-03-21,192800000,18,20,25,32,43,55,
revanchita,3162,2018-03-25,194600000,8,13,20,27,48,49,
revanchita,3163,2018-03-28,196500000,1,8,21,28,41,42,
revanchita,3164,2018-04-01,198000000,12,28,29,36,50,56,
revanchita,3165,2018-04-04,199700000,16,25,30,36,51,53,
revanchita,3166,2018-04-08,201700000,13,23,26,33,37,56,
revanchita,3167,2018-04-11,203200000,4,37,38,42,50,54,
revanchita,3168,2018-04-15,205200000,9,18,22,24,50,55,
revanchita,3169,2018-04-18,207500000,12,30,36,40,45,48,
revanchita,3170,2018-04-22,209000000,24,30,33,42,44,47,
revanchita,3171,2018-04-25,211000000,4,16,28,33,34,45,
revanchita,3172,2018-04-29,212700000,10,11,12,13,15,23,
revanchita,3173,2018-05-02,214700000,9,13,23,42,44,48,
revanchita,3174,2018-05-06,216500000,13,17,26,35,45,56,
revanchita,3175,2018-05-09,218500000,26,27,34,47,48,52,
revanchita,3176,2018-05-13,220500000,17,18,33,36,50,54,
revanchita,3177,2018-05-16,222300000,10,32,45,46,53,56,
revanchita,3178,2018-05-20,224600000,8,22,23,28,38,45,
revanchita,3179,2018-05-23,226200000,3,8,34,42,49,54,
revanchita,3180,2018-05-27,228000000,6,23,24,32,41,44,
revanchita,3181,2018-05-30,230300000,2,7,18,48,52,55,
revanchita,3182,2018-06-03,232000000,10,15,33,42,43,44,
revanchita,3183,2018-06-06,234500000,13,15,17,23,47,56,
revanchita,3184,2018-06-10,236000000,16,33,35,39,48,50,
revanchita,3185,2018-06-13,238500000,2,3,5,6,12,38,
revanchita,3186,2018-06-17,240000000,1,8,13,35,36,51,
revanchita,3187,2018-06-20,241900000,6,9,19,21,37,44,
revanchita,3188,2018-06-24,10000000,1,6,7,17,18,38,
revanchita,3189,2018-06-27,10100000,11,29,33,40,51,55,
revanchita,3190,2018-07-01,10200000,13,14,16,48,49,56,
revanchita,3191,2018-07-04,10300000,12,14,19,33,46,48,
revanchita,3192,2018-07-08,10400000,23,25,32,47,50,52,
revanchita,3193,2018-07-11,10000000,3,7,13,14,43,44,
revanchita,3194,2018-07-15,10100000,7,8,12,16,32,35,
revanchita,3195,2018-07-18,10200000,6,22,24,33,46,56,
revanchita,3196,2018-07-22,10300000,9,17,25,29,30,56,
revanchita,3197,2018-07-25,10400000,8,20,22,25,35,36,
revanchita,3198,2018-07-29,10500000,4,13,27,31,36,45,
revanchita,3199,2018-08-01,11900000,16,17,19,44,45,53,
revanchita,3200,2018-08-05,13700000,13,16,38,43,50,51,
revanchita,3201,2018-08-08,15700000,3,6,9,32,33,50,
revanchita,3202,2018-08-12,17400000,13,20,22,28,35,56,
revanchita,3203,2018-08-15,19200000,7,13,40,42,44,51,
revanchita,3204,2018-08-19,20900000,5,8,33,39,49,55,
revanchita,3205,2018-08-22,22800000,8,9,20,44,46,53,
revanchita,3206,2018-08-26,24800000,2,3,14,45,53,56,
revanchita,3207,2018-08-29,26300000,5,21,22,25,32,34,
revanchita,3208,2018-09-02,28500000,5,22,29,43,49,50,
revanchita,3209,2018-09-05,30300000,3,18,38,40,42,45,
revanchita,3210,2018-09-09,31700000,15,20,25,39,45,47,
revanchita,3211,2018-09-12,33600000,16,33,40,52,53,54,
revanchita,3212,2018-09-16,35600000,9,14,38,40,51,55,
revanchita,3213,2018-09-19,37000000,16,21,34,43,50,52,
revanchita,3214,2018-09-23,38700000,12,22,48,52,53,55,
revanchita,3215,2018-09-26,40700000,6,21,22,33,34,54,
revanchita,3216,2018-09-30,42300000,34,39,42,44,45,48,
revanchita,3217,2018-10-03,44700000,9,13,15,29,45,46,
revanchita,3218,2018-10-07,46600000,8,9,18,19,45,49,
revanchita,3219,2018-10-10,48500000,17,21,25,27,32,55,
revanchita,3220,2018-10-14,50200000,11,32,33,38,41,50,
revanchita,3221,2018-10-17,52400000,3,6,8,12,47,56,
revanchita,3222,2018-10-21,53900000,16,17,19,24,47,56,
revanchita,3223,2018-10-24,56300000,3,5,10,14,35,54,
revanchita,3224,2018-10-28,58000000,4,11,15,16,41,50,
revanchita,3225,2018-10-31,60000000,7,25,33,35,40,45,
revanchita,3226,2018-11-04,62000000,10,15,22,25,26,34,
revanchita,3227,2018-11-07,64500000,1,10,19,34,49,52,
revanchita,3228,2018-11-11,66500000,8,10,31,38,46,49,
revanchita,3229,2018-11-14,68800000,2,9,11,32,35,46,
revanchita,3230,2018-11-18,70300000,8,24,25,49,51,52,
revanchita,3231,2018-11-21,72200000,1,2,6,25,39,44,
revanchita,3232,2018-11-25,73800000,12,20,29,38,39,47,
revanchita,3233,2018-11-28,76000000,6,24,36,40,47,54,
revanchita,3234,2018-12-02,77900000,2,12,14,21,22,33,
revanchita,3235,2018-12-05,80000000,17,18,22,26,44,54,
revanchita,3236,2018-12-09,82000000,1,10,21,25,30,47,
revanchita,3237,2018-12-12,84100000,12,18,35,39,44,47,
revanchita,3238,2018-12-16,85700000,11,13,19,25,28,49,
revanchita,3239,2018-12-19,88000000,2,22,30,34,40,55,
revanchita,3240,2018-12-23,90000000,5,23,24,39,42,53,
revanchita,3241,2018-12-26,92000000,10,29,37,44,50,52,
revanchita,3242,2018-12-30,94000000,27,28,29,31,42,48,
revanchita,3243,2019-01-02,96000000,5,9,16,22,50,55,
revanchita,3244,2019-01-06,98000000,6,24,28,32,47,52,
revanchita,3245,2019-01-09,100000000,11,24,34,45,50,56,
revanchita,3246,2019-01-13,102000000,4,6,29,40,42,43,
revanchita,3247,2019-01-16,104600000,4,19,30,32,36,48,
revanchita,3248,2019-01-20,106500000,3,33,37,41,50,51,
revanchita,3249,2019-01-23,108500000,4,13,24,26,36,50,
revanchita,3250,2019-01-27,110800000,3,5,6,12,34,43,
revanchita,3251,2019-01-30,113000000,4,14,18,29,36,50,
revanchita,3252,2019-02-03,114400000,2,10,18,46,47,54,
revanchita,3253,2019-02-06,116900000,23,27,39,48,50,54,
revanchita,3254,2019-02-10,119000000,1,4,16,30,33,41,
revanchita,3255,2019-02-13,121200000,4,11,20,36,46,54,
revanchita,3256,2019-02-17,123100000,5,30,32,34,36,43,
revanchita,3257,2019-02-20,125100000,7,8,21,29,40,51,
revanchita,3258,2019-02-24,127000000,1,13,16,20,28,50,
revanchita,3259,2019-02-27,129400000,9,12,31,34,52,56,
revanchita,3260,2019-03-03,131500000,9,19,26,28,34,44,
revanchita,3261,2019-03-06,133900000,6,13,25,37,48,53,
revanchita,3262,2019-03-10,136000000,9,14,17,31,42,50,
revanchita,3263,2019-03-13,138000000,7,25,26,39,40,46,
revanchita,3264,2019-03-17,140600000,12,17,19,26,39,49,
revanchita,3265,2019-03-20,142500000,18,23,32,33,39,40,
revanchita,3266,2019-03-24,144400000,10,14,40,46,53,55,
revanchita,3267,2019-03-27,147100000,8,9,24,40,45,46,
revanchita,3268,2019-03-31,149500000,3,11,16,19,54,56,
revanchita,3269,2019-04-03,151800000,4,7,15,19,42,44,
revanchita,3270,2019-04-07,153000000,6,7,33,34,36,52,
revanchita,3271,2019-04-10,154900000,19,28,34,36,41,42,
revanchita,3272,2019-04-14,156800000,12,21,30,31,45,49,
revanchita,3273,2019-04-17,158700000,6,8,23,28,38,44,
revanchita,3274,2019-04-21,160600000,4,8,9,22,35,52,
revanchita,3275,2019-04-24,162000000,8,26,30,40,45,47,
revanchita,3276,2019-04-28,163800000,1,5,23,29,30,51,
revanchita,3277,2019-05-01,166000000,1,7,33,41,45,55,
revanchita,3278,2019-05-05,167900000,12,16,23,31,33,48,
revanchita,3279,2019-05-08,169800000,5,15,31,40,51,52,
revanchita,3280,2019-05-12,171800000,9,35,42,44,55,56,
revanchita,3281,2019-05-15,173500000,1,8,26,32,42,44,
revanchita,3282,2019-05-19,175700000,5,8,12,21,27,47,
revanchita,3283,2019-05-22,177500000,5,7,41,49,51,55,
revanchita,3284,2019-05-26,179400000,32,41,47,48,51,56,
revanchita,3285,2019-05-29,181200000,17,20,34,39,42,47,
revanchita,3286,2019-06-02,183000000,14,15,17,27,36,40,
revanchita,3287,2019-06-05,185400000,6,13,28,29,31,46,
revanchita,3288,2019-06-09,187200000,1,11,22,26,52,53,
revanchita,3289,2019-06-12,189500000,9,18,20,22,34,41,
revanchita,3290,2019-06-16,191300000,15,22,25,33,34,43,
revanchita,3291,2019-06-19,193300000,4,11,17,41,46,53,
revanchita,3292,2019-06-23,195000000,7,8,11,13,24,37,
revanchita,3293,2019-06-26,197000000,3,4,16,21,25,29,
revanchita,3294,2019-06-30,198900000,22,28,29,31,55,56,
revanchita,3295,2019-07-03,201000000,8,17,28,34,43,48,
revanchita,3296,2019-07-07,202900000,29,33,40,46,48,53,
revanchita,3297,2019-07-10,205000000,7,12,27,31,38,40,
revanchita,3298,2019-07-14,206800000,2,20,34,42,45,50,
revanchita,3299,2019-07-17,208900000,9,16,20,30,39,40,
revanchita,3300,2019-07-21,210800000,3,10,19,29,41,44,
revanchita,3301,2019-07-24,212800000,14,15,34,36,41,44,
revanchita,3302,2019-07-28,214600000,1,5,10,38,48,49,
revanchita,3303,2019-07-31,216600000,6,12,28,44,50,56,
revanchita,3304,2019-08-04,218500000,1,2,4,15,21,43,
revanchita,3305,2019-08-07,220500000,4,15,24,38,55,56,
revanchita,3306,2019-08-11,222600000,10,25,26,28,31,45,
revanchita,3307,2019-08-14,224700000,4,12,20,28,44,46,
revanchita,3308,2019-08-18,226600000,8,15,19,27,34,37,
revanchita,3309,2019-08-21,228800000,16,39,41,47,52,53,
revanchita,3310,2019-08-25,230700000,1,5,28,32,43,52,
revanchita,3311,2019-08-28,232800000,5,10,37,38,40,46,
revanchita,3312,2019-09-01,234500000,5,13,19,20,25,38,
revanchita,3313,2019-09-04,236800000,22,33,39,43,54,55,
revanchita,3314,2019-09-08,238800000,2,8,11,17,43,52,
revanchita,3315,2019-09-11,241000000,17,26,35,45,46,48,
revanchita,3316,2019-09-15,242700000,5,10,20,25,31,44,
revanchita,3317,2019-09-18,244900000,20,35,40,41,43,45,
revanchita,3318,2019-09-22,246600000,6,8,20,26,29,51,
revanchita,3319,2019-09-25,248900000,14,17,27,39,49,54,
revanchita,3320,2019-09-29,250700000,5,13,25,44,50,55,
revanchita,3321,2019-10-02,252900000,2,3,14,23,28,55,
revanchita,3322,2019-10-06,255000000,8,16,25,50,52,56,
revanchita,3323,2019-10-09,257200000,9,13,16,21,30,42,
revanchita,3324,2019-10-13,259000000,7,20,26,41,53,55,
revanchita,3325,2019-10-16,10000000,4,25,26,33,41,52,
revanchita,3326,2019-10-20,10100000,5,9,13,15,38,40,
revanchita,3327,2019-10-23,10200000,5,14,24,50,51,53,
revanchita,3328,2019-10-27,10300000,3,35,36,46,47,52,
revanchita,3329,2019-10-30,10400000,2,11,18,23,34,48,
revanchita,3330,2019-11-03,10500000,9,31,32,34,52,54,
revanchita,3331,2019-11-06,12300000,3,9,15,36,44,52,
revanchita,3332,2019-11-10,14100000,19,22,26,29,41,44,
revanchita,3333,2019-11-13,16100000,16,17,35,42,44,48,
revanchita,3334,2019-11-17,17800000,5,10,14,38,39,40,
revanchita,3335,2019-11-20,19700000,13,15,21,37,46,52,
revanchita,3336,2019-11-24,21400000,7,9,22,27,44,51,
revanchita,3337,2019-11-27,23400000,24,33,38,40,47,48,
revanchita,3338,2019-12-01,25000000,17,29,32,38,43,56,
revanchita,3339,2019-12-04,27000000,2,26,28,44,47,56,
revanchita,3340,2019-12-08,28900000,24,34,41,43,45,50,
revanchita,3341,2019-12-11,30800000,15,20,22,44,48,56,
revanchita,3342,2019-12-15,32500000,2,3,22,47,49,50,
revanchita,3343,2019-12-18,34600000,5,11,20,28,44,56,
revanchita,3344,2019-12-22,36300000,4,12,22,38,39,51,
revanchita,3345,2019-12-25,38400000,13,16,22,32,48,50,
revanchita,3346,2019-12-29,10000000,13,27,32,35,39,47,
revanchita,3347,2020-01-01,10100000,5,17,18,35,40,49,
revanchita,3348,2020-01-05,10200000,1,2,12,22,35,36,
revanchita,3349,2020-01-08,10300000,7,10,13,26,46,53,
revanchita,3350,2020-01-12,10400000,16,31,33,36,49,52,
revanchita,3351,2020-01-15,11300000,1,5,12,21,35,44,
revanchita,3352,2020-01-19,13000000,11,12,43,47,48,49,
revanchita,3353,2020-01-22,15000000,5,10,13,15,23,54,
revanchita,3354,2020-01-26,16800000,15,18,21,24,32,54,
revanchita,3355,2020-01-29,18800000,5,11,28,43,44,55,
revanchita,3356,2020-02-02,20500000,4,22,26,27,38,46,
revanchita,3357,2020-02-05,22700000,4,10,14,25,32,38,
revanchita,3358,2020-02-09,24500000,1,5,13,30,53,56,
revanchita,3359,2020-02-12,26400000,1,5,12,26,30,40,
revanchita,3360,2020-02-16,28200000,10,23,24,38,53,54,
revanchita,3361,2020-02-19,30200000,2,9,22,36,43,46,
revanchita,3362,2020-02-23,31800000,2,8,24,29,31,48,
revanchita,3363,2020-02-26,33700000,20,23,25,50,52,55,
revanchita,3364,2020-03-01,35300000,9,11,43,48,53,56,
revanchita,3365,2020-03-04,37400000,3,16,26,36,42,46,
revanchita,3366,2020-03-08,39200000,10,21,30,41,51,56,
revanchita,3367,2020-03-11,41100000,7,8,12,14,18,41,
revanchita,3368,2020-03-15,42800000,2,10,19,31,35,47,
revanchita,3369,2020-03-18,44600000,2,7,11,14,38,39,
revanchita,3370,2020-03-22,46100000,3,28,34,44,45,52,
revanchita,3371,2020-03-25,47700000,4,8,10,30,55,56,
revanchita,3372,2020-03-29,49000000,6,7,30,35,43,54,
revanchita,3373,2020-04-01,50600000,8,14,30,35,47,52,
revanchita,3374,2020-07-26,50700000,17,20,31,49,50,51,
revanchita,3375,2020-07-29,50800000,13,14,28,36,39,52,
revanchita,3376,2020-08-02,51800000,1,4,5,10,11,43,
revanchita,3377,2020-08-05,53200000,6,7,11,26,35,51,
revanchita,3378,2020-08-09,54600000,2,3,23,44,50,51,
revanchita,3379,2020-08-12,56000000,3,19,32,36,44,47,
revanchita,3380,2020-08-16,57400000,11,19,20,27,44,47,
revanchita,3381,2020-08-19,59000000,18,25,27,31,49,52,
revanchita,3382,2020-08-23,60600000,16,20,23,31,41,42,
revanchita,3383,2020-08-26,62200000,7,18,19,22,27,43,
revanchita,3384,2020-08-30,63400000,7,24,34,40,53,55,
revanchita,3385,2020-09-02,65200000,17,25,35,36,38,49,
revanchita,3386,2020-09-06,66600000,15,20,27,32,35,53,
revanchita,3387,2020-09-09,68300000,3,6,10,26,40,51,
revanchita,3388,2020-09-13,10000000,2,9,20,31,40,54,
revanchita,3389,2020-09-16,10100000,4,16,17,18,36,53,
revanchita,3390,2020-09-20,10200000,16,21,27,29,49,50,
revanchita,3391,2020-09-23,10300000,3,30,32,42,45,55,
revanchita,3392,2020-09-27,10400000,3,4,7,8,25,34,
revanchita,3393,2020-09-30,10500000,14,20,25,29,34,56,
revanchita,3394,2020-10-04,10600000,11,13,20,44,45,49,
revanchita,3395,2020-10-07,12300000,9,27,33,42,49,54,
revanchita,3396,2020-10-11,14000000,9,20,25,40,48,52,
revanchita,3397,2020-10-14,15800000,3,5,8,10,27,42,
revanchita,3398,2020-10-18,17200000,5,14,25,30,40,49,
revanchita,3399,2020-10-21,19300000,13,27,32,43,53,54,
revanchita,3400,2020-10-25,20800000,1,15,33,34,46,47,
revanchita,3401,2020-10-28,22600000,2,3,23,26,29,46,
revanchita,3402,2020-11-01,24200000,7,12,14,39,48,55,
revanchita,3403,2020-11-04,25700000,12,22,23,38,47,54,
revanchita,3404,2020-11-08,27400000,1,16,19,23,24,33,
revanchita,3405,2020-11-11,29600000,1,8,15,40,52,54,
revanchita,3406,2020-11-15,31300000,6,12,44,47,48,56,
revanchita,3407,2020-11-18,10000000,7,25,48,51,54,56,
revanchita,3408,2020-11-22,10100000,2,12,22,25,30,46,
revanchita,3409,2020-11-25,10200000,15,19,20,29,32,41,
revanchita,3410,2020-11-29,10300000,20,31,35,40,42,53,
revanchita,3411,2020-12-02,10400000,4,5,22,28,41,42,
revanchita,3412,2020-12-06,10800000,8,10,16,27,30,56,
revanchita,3413,2020-12-09,12700000,1,5,8,15,25,28,
revanchita,3414,2020-12-13,14700000,12,14,24,32,53,54,
revanchita,3415,2020-12-16,16800000,2,10,16,23,27,30,
revanchita,3416,2020-12-20,18900000,3,5,8,28,52,56,
revanchita,3417,2020-12-23,20900000,10,15,31,33,42,46,
revanchita,3418,2020-12-27,22900000,6,16,32,36,54,55,
revanchita,3419,2020-12-30,24900000,13,24,26,40,43,55,
revanchita,3420,2021-01-03,26800000,3,6,19,46,47,54,
revanchita,3421,2021-01-06,28600000,2,5,6,23,28,50,
revanchita,3422,2021-01-10,30000000,14,24,28,38,44,48,
revanchita,3423,2021-01-13,31900000,8,22,29,34,42,50,
revanchita,3424,2021-01-17,33600000,4,22,29,41,48,51,
revanchita,3425,2021-01-20,35200000,10,12,21,31,34,43,
revanchita,3426,2021-01-24,36800000,10,14,23,29,48,49,
revanchita,3427,2021-01-27,38900000,6,15,17,25,32,41,
revanchita,3428,2021-01-31,40600000,7,18,19,29,40,56,
revanchita,3429,2021-02-03,42600000,6,9,26,51,52,54,
revanchita,3430,2021-02-07,44300000,16,35,37,42,46,48,
revanchita,3431,2021-02-10,46200000,6,14,16,24,27,45,
revanchita,3432,2021-02-14,10000000,4,7,12,25,26,35,
revanchita,3433,2021-02-17,10100000,2,19,38,40,44,54,
revanchita,3434,2021-02-21,10200000,1,10,28,51,54,56,
revanchita,3435,2021-02-24,10300000,18,20,26,32,42,55,
revanchita,3436,2021-02-28,10400000,1,12,22,25,35,51,
revanchita,3437,2021-03-03,10700000,4,10,13,14,22,37,
revanchita,3438,2021-03-07,12500000,2,10,14,15,24,48,
revanchita,3439,2021-03-10,14400000,20,22,25,50,52,55,
revanchita,3440,2021-03-14,16000000,6,7,28,43,44,52,
revanchita,3441,2021-03-17,17900000,2,10,13,14,51,55,
revanchita,3442,2021-03-21,19800000,17,20,32,35,39,54,
revanchita,3443,2021-03-24,21800000,2,18,30,31,45,47,
revanchita,3444,2021-03-28,23400000,8,13,16,17,48,54,
revanchita,3445,2021-03-31,25000000,11,19,21,36,47,53,
revanchita,3446,2021-04-04,26800000,8,9,17,27,45,51,
revanchita,3447,2021-04-07,28800000,2,22,26,28,44,47,
revanchita,3448,2021-04-11,30600000,10,15,18,25,44,54,
revanchita,3449,2021-04-14,32500000,5,11,14,15,41,48,
revanchita,3450,2021-04-18,34400000,14,15,19,40,43,56,
revanchita,3451,2021-04-21,36500000,35,40,43,44,46,47,
revanchita,3452,2021-04-25,38300000,6,13,43,45,49,50,
revanchita,3453,2021-04-28,40000000,3,18,21,27,49,56,
revanchita,3454,2021-05-02,41700000,10,25,26,30,40,46,
revanchita,3455,2021-05-05,44000000,3,21,25,39,43,48,
revanchita,3456,2021-05-09,45600000,17,25,43,44,50,55,
revanchita,3457,2021-05-12,47300000,15,27,28,32,44,51,
revanchita,3458,2021-05-16,49000000,15,32,36,50,51,55,
revanchita,3459,2021-05-19,51300000,17,20,40,42,43,55,
revanchita,3460,2021-05-23,53100000,1,4,34,36,51,54,
revanchita,3461,2021-05-26,55200000,6,7,16,21,32,50,
revanchita,3462,2021-05-30,56900000,7,10,21,25,38,47,
revanchita,3463,2021-06-02,59100000,21,24,28,34,45,48,
revanchita,3464,2021-06-06,61000000,7,16,40,44,45,48,
revanchita,3465,2021-06-09,62900000,4,12,36,40,48,53,
revanchita,3466,2021-06-13,64000000,14,15,32,45,47,56,
revanchita,3467,2021-06-16,65700000,4,12,15,29,30,42,
revanchita,3468,2021-06-20,67400000,9,20,22,31,41,55,
revanchita,3469,2021-06-23,69200000,3,10,15,20,47,53,
revanchita,3470,2021-06-27,70800000,11,19,20,42,47,53,
revanchita,3471,2021-06-30,72800000,5,8,15,23,29,49,
revanchita,3472,2021-07-04,74400000,4,20,26,36,49,51,
revanchita,3473,2021-07-07,76500000,7,10,11,15,41,53,
revanchita,3474,2021-07-11,78300000,7,13,16,23,37,48,
revanchita,3475,2021-07-14,80100000,11,12,27,39,48,55,
revanchita,3476,2021-07-18,81900000,19,27,34,36,43,46,
revanchita,3477,2021-07-21,83600000,18,20,23,26,34,38,
revanchita,3478,2021-07-25,85300000,19,21,33,42,50,55,
revanchita,3479,2021-07-28,87500000,2,5,14,38,39,47,
revanchita,3480,2021-08-01,89100000,3,20,28,37,39,48,
revanchita,3481,2021-08-04,91400000,1,7,16,33,47,56,
revanchita,3482,2021-08-08,93200000,6,16,18,19,26,52,
revanchita,3483,2021-08-11,94900000,1,4,9,14,24,27,
revanchita,3484,2021-08-15,96600000,1,3,23,24,42,46,
revanchita,3485,2021-08-18,98600000,4,14,18,32,50,55,
revanchita,3486,2021-08-22,100200000,3,4,14,19,45,56,
revanchita,3487,2021-08-25,102200000,2,4,7,24,40,50,
revanchita,3488,2021-08-29,104100000,2,25,36,44,46,50,
revanchita,3489,2021-09-01,105900000,10,13,18,24,30,52,
revanchita,3490,2021-09-05,108000000,2,11,25,37,49,50,
revanchita,3491,2021-09-08,10000000,8,9,16,18,36,49,
revanchita,3492,2021-09-12,10100000,24,25,40,45,46,56,
revanchita,3493,2021-09-15,10200000,19,20,22,29,51,52,
revanchita,3494,2021-09-19,10300000,4,15,22,24,32,48,
revanchita,3495,2021-09-22,10400000,2,12,26,41,42,45,
revanchita,3496,2021-09-26,10600000,10,13,14,20,24,33,
revanchita,3497,2021-09-29,12600000,2,18,23,37,43,44,
revanchita,3498,2021-10-03,14300000,24,28,36,50,52,56,
revanchita,3499,2021-10-06,16400000,10,24,27,28,51,55,
revanchita,3500,2021-10-10,18100000,13,22,24,27,38,46,
revanchita,3501,2021-10-13,19900000,5,23,37,45,49,53,
revanchita,3502,2021-10-17,21600000,4,11,34,37,39,56,
revanchita,3503,2021-10-20,23600000,21,24,31,33,39,41,
revanchita,3504,2021-10-24,25300000,1,6,26,35,42,56,
revanchita,3505,2021-10-27,27200000,5,7,30,38,53,56,
revanchita,3506,2021-10-31,29000000,2,10,13,14,18,53,
revanchita,3507,2021-11-03,30900000,17,24,33,36,37,45,
revanchita,3508,2021-11-07,32500000,1,23,24,37,38,41,
revanchita,3509,2021-11-10,34700000,2,3,11,26,37,38,
revanchita,3510,2021-11-14,36600000,8,11,39,43,44,47,
revanchita,3511,2021-11-17,38600000,1,2,6,14,25,52,
revanchita,3512,2021-11-21,40300000,23,25,27,30,35,50,
revanchita,3513,2021-11-24,41000000,19,34,38,44,47,49,
revanchita,3514,2021-11-26,42400000,5,13,16,22,25,41,
revanchita,3515,2021-11-28,44000000,2,22,23,26,46,52,
revanchita,3516,2021-12-01,45000000,15,16,35,42,49,55,
revanchita,3517,2021-12-03,47000000,2,3,16,26,34,56,
revanchita,3518,2021-12-05,49100000,2,6,9,10,20,29,
revanchita,3519,2021-12-08,50200000,3,14,27,29,30,51,
revanchita,3520,2021-12-10,51800000,27,32,40,43,47,55,
revanchita,3521,2021-12-12,52700000,16,32,40,43,50,51,
revanchita,3522,2021-12-15,54600000,6,11,31,40,44,47,
revanchita,3523,2021-12-17,57200000,9,12,25,28,35,53,
revanchita,3524,2021-12-19,58200000,17,33,40,42,46,52,
revanchita,3525,2021-12-22,58800000,10,17,21,31,33,55,
revanchita,3526,2021-12-24,60000000,3,7,36,48,54,55,
revanchita,3527,2021-12-26,62200000,10,20,24,35,55,56,
revanchita,3528,2021-12-29,63800000,1,15,26,38,47,52,
revanchita,3529,2021-12-31,65500000,4,9,17,19,53,56,
revanchita,3530,2022-01-02,67500000,17,21,34,39,41,43,
revanchita,3531,2022-01-05,69000000,1,8,28,31,45,49,
revanchita,3532,2022-01-07,70700000,5,7,17,20,34,41,
revanchita,3533,2022-01-09,72200000,3,10,15,16,38,40,
revanchita,3534,2022-01-12,73600000,6,16,23,34,47,52,
revanchita,3535,2022-01-14,75200000,1,3,24,29,34,50,
revanchita,3536,2022-01-16,77100000,2,11,21,22,30,35,
revanchita,3537,2022-01-19,78100000,6,12,15,32,46,55,
revanchita,3538,2022-01-21,80000000,1,4,7,21,23,29,
revanchita,3539,2022-01-23,81700000,11,19,20,22,32,56,
revanchita,3540,2022-01-26,82900000,3,6,19,25,41,52,
revanchita,3541,2022-01-28,84700000,19,33,34,38,46,49,
revanchita,3542,2022-01-30,86400000,5,31,35,47,48,50,
revanchita,3543,2022-02-02,87600000,1,14,24,43,52,53,
revanchita,3544,2022-02-04,89600000,11,14,20,44,48,53,
revanchita,3545,2022-02-06,91500000,18,25,37,48,52,55,
revanchita,3546,2022-02-09,92500000,10,29,41,51,54,56,
revanchita,3547,2022-02-11,94200000,6,23,31,35,43,55,
revanchita,3548,2022-02-13,96000000,2,14,17,29,47,50,
revanchita,3549,2022-02-16,97300000,4,21,32,40,53,54,
revanchita,3550,2022-02-18,99100000,3,6,7,20,46,56,
revanchita,3551,2022-02-20,101100000,26,37,42,44,54,55,
revanchita,3552,2022-02-23,102400000,2,8,11,35,52,54,
revanchita,3553,2022-02-25,104400000,21,23,45,51,53,56,
revanchita,3554,2022-02-27,106200000,7,12,19,31,40,47,
revanchita,3555,2022-03-02,107500000,2,12,24,35,38,55,
revanchita,3556,2022-03-04,109400000,4,7,13,26,27,39,
revanchita,3557,2022-03-06,111400000,1,7,15,21,55,56,
revanchita,3558,2022-03-09,112600000,16,23,25,27,34,38,
revanchita,3559,2022-03-11,114600000,11,17,18,33,36,47,
revanchita,3560,2022-03-13,116500000,8,25,37,38,39,43,
revanchita,3561,2022-03-16,10000000,10,21,22,38,41,55,
revanchita,3562,2022-03-18,10100000,9,33,37,38,48,56,
revanchita,3563,2022-03-20,10200000,8,16,42,43,46,48,
revanchita,3564,2022-03-23,10300000,1,2,17,33,52,56,
revanchita,3565,2022-03-25,10400000,2,8,11,16,27,48,
revanchita,3566,2022-03-27,10500000,4,6,22,40,54,56,
revanchita,3567,2022-03-30,10600000,35,41,42,46,47,51,
revanchita,3568,2022-04-01,12000000,17,24,25,36,37,38,
revanchita,3569,2022-04-03,13800000,1,2,22,33,45,46,
revanchita,3570,2022-04-06,15000000,2,5,32,35,49,51,
revanchita,3571,2022-04-08,16900000,4,11,14,22,29,47,
revanchita,3572,2022-04-10,18500000,9,10,21,25,28,46,
revanchita,3573,2022-04-13,19700000,20,21,40,48,53,54,
revanchita,3574,2022-04-15,21400000,13,15,27,34,42,44,
revanchita,3575,2022-04-17,23200000,28,29,32,37,38,46,
revanchita,3576,2022-04-20,24100000,8,14,28,30,35,44,
revanchita,3577,2022-04-22,25800000,1,18,19,27,44,46,
revanchita,3578,2022-04-24,27700000,18,22,39,40,44,46,
revanchita,3579,2022-04-27,29000000,11,13,23,34,44,53,
revanchita,3580,2022-04-29,30800000,2,12,20,22,40,55,
revanchita,3581,2022-05-01,32500000,10,28,34,36,42,54,
revanchita,3582,2022-05-04,33800000,4,25,35,40,42,56,
revanchita,3583,2022-05-06,35700000,14,18,25,37,51,55,
revanchita,3584,2022-05-08,37700000,7,14,19,38,40,43,
revanchita,3585,2022-05-11,10000000,6,14,23,35,46,56,
revanchita,3586,2022-05-13,10100000,6,8,10,14,30,32,
revanchita,3587,2022-05-15,10100000,12,21,24,26,45,48,
revanchita,3588,2022-05-18,10300000,3,5,17,44,45,55,
revanchita,3589,2022-05-20,10400000,27,31,33,39,49,54,
revanchita,3590,2022-05-22,10500000,6,7,24,43,44,46,
revanchita,3591,2022-05-25,11000000,27,31,34,43,50,54,
revanchita,3592,2022-05-27,11100000,4,10,25,33,40,50,
revanchita,3593,2022-05-29,14600000,8,22,29,30,34,55,
revanchita,3594,2022-06-01,15700000,17,33,38,40,50,55,
revanchita,3595,2022-06-03,17300000,4,5,9,38,42,54,
revanchita,3596,2022-06-05,18900000,6,17,29,38,41,53,
revanchita,3597,2022-06-08,20200000,2,14,20,21,28,47,
revanchita,3598,2022-06-10,21800000,17,20,26,28,54,55,
revanchita,3599,2022-06-12,23400000,1,5,24,49,50,54,
revanchita,3600,2022-06-15,24500000,7,16,30,34,43,51,
revanchita,3601,2022-06-17,26200000,21,36,42,45,49,56,
revanchita,3602,2022-06-19,27900000,4,22,37,45,48,52,
revanchita,3603,2022-06-22,29000000,12,21,30,35,44,48,
revanchita,3604,2022-06-24,30600000,2,3,25,42,50,55,
revanchita,3605,2022-06-26,32300000,2,3,5,19,27,32,
revanchita,3606,2022-06-29,33500000,9,13,18,19,23,38,
revanchita,3607,2022-07-01,35200000,1,5,38,42,45,51,
revanchita,3608,2022-07-03,36700000,1,11,33,39,45,48,
revanchita,3609,2022-07-06,38100000,5,8,12,14,25,33,
revanchita,3610,2022-07-08,40000000,4,17,35,43,46,48,
revanchita,3611,2022-07-10,41600000,16,24,26,32,41,53,
revanchita,3612,2022-07-13,42900000,2,14,18,34,37,40,
revanchita,3613,2022-07-15,44600000,17,19,33,41,52,54,
revanchita,3614,2022-07-17,46300000,2,16,21,29,36,45,
revanchita,3615,2022-07-20,47600000,13,15,30,36,42,47,
revanchita,3616,2022-07-22,49300000,1,11,32,33,48,50,
revanchita,3617,2022-07-24,51000000,5,7,10,36,48,52,
revanchita,3618,2022-07-27,52300000,6,11,18,27,41,47,
revanchita,3619,2022-07-29,53900000,2,6,30,32,38,49,
revanchita,3620,2022-07-31,55700000,6,15,16,28,43,56,
revanchita,3621,2022-08-03,57000000,1,11,22,43,44,45,
revanchita,3622,2022-08-05,58600000,1,2,16,22,43,48,
revanchita,3623,2022-08-07,10000000,10,17,25,28,34,41,
revanchita,3624,2022-08-10,10100000,1,21,25,37,39,53,
revanchita,3625,2022-08-12,10200000,1,19,25,28,33,35,
revanchita,3626,2022-08-14,10300000,1,2,17,20,25,37,
revanchita,3627,2022-08-17,10400000,2,3,29,34,54,56,
revanchita,3628,2022-08-19,10500000,10,13,18,22,35,55,
revanchita,3629,2022-08-21,10900000,9,26,29,31,34,45,
revanchita,3630,2022-08-24,12200000,7,9,11,12,38,40,
revanchita,3631,2022-08-26,13800000,3,4,16,28,34,38,
revanchita,3632,2022-08-28,15400000,10,12,16,39,42,52,
revanchita,3633,2022-08-31,16700000,22,38,40,41,42,53,
revanchita,3634,2022-09-02,18400000,14,34,40,42,46,56,
revanchita,3635,2022-09-04,20200000,5,6,20,24,40,52,
revanchita,3636,2022-09-07,10000000,4,7,8,22,24,31,
revanchita,3637,2022-09-09,10100000,13,19,20,27,32,40,
revanchita,3638,2022-09-11,10200000,2,9,11,22,31,32,
revanchita,3639,2022-09-14,10300000,10,15,27,32,50,54,
revanchita,3640,2022-09-16,10400000,16,24,37,38,40,47,
revanchita,3641,2022-09-18,10500000,1,28,30,35,38,56,
revanchita,3642,2022-09-21,10600000,4,14,19,20,31,42,
revanchita,3643,2022-09-23,12200000,1,8,11,25,40,56,
revanchita,3644,2022-09-25,14200000,1,30,32,33,34,48,
revanchita,3645,2022-09-28,15300000,5,13,17,21,28,45,
revanchita,3646,2022-09-30,17100000,11,25,33,36,38,49,
revanchita,3647,2022-10-02,19000000,8,12,17,27,32,47,
revanchita,3648,2022-10-05,20300000,1,31,34,38,44,50,
revanchita,3649,2022-10-07,22000000,6,17,20,21,31,55,
revanchita,3650,2022-10-09,24000000,24,30,33,38,39,46,
revanchita,3651,2022-10-12,25300000,3,23,44,46,50,54,
revanchita,3652,2022-10-14,27100000,4,30,39,41,43,49,
revanchita,3653,2022-10-16,29100000,5,15,16,41,44,45,
revanchita,3654,2022-10-19,30500000,26,31,36,38,39,40,
revanchita,3655,2022-10-21,32300000,7,10,34,37,50,52,
revanchita,3656,2022-10-23,34300000,10,19,22,28,48,56,
revanchita,3657,2022-10-26,35600000,9,10,15,24,53,56,
revanchita,3658,2022-10-28,37800000,1,28,30,31,48,49,
revanchita,3659,2022-10-30,39500000,4,9,43,44,45,46,
revanchita,3660,2022-11-02,40800000,4,10,18,32,48,50,
revanchita,3661,2022-11-04,42900000,21,28,37,39,43,54,
revanchita,3662,2022-11-06,45200000,2,18,28,30,50,53,
revanchita,3663,2022-11-09,46600000,11,21,32,39,43,49,
revanchita,3664,2022-11-11,48800000,4,6,15,33,34,56,
revanchita,3665,2022-11-13,50900000,4,11,12,23,48,52,
revanchita,3666,2022-11-16,52400000,8,12,34,37,45,54,
revanchita,3667,2022-11-18,54600000,5,16,18,22,31,32,
revanchita,3668,2022-11-20,56800000,9,19,33,38,40,50,
revanchita,3669,2022-11-23,58200000,3,11,29,33,44,45,
revanchita,3670,2022-11-25,60200000,3,20,22,26,45,50,
revanchita,3671,2022-11-27,62200000,5,25,28,34,36,38,
revanchita,3672,2022-11-30,10000000,6,14,27,37,42,54,
revanchita,3673,2022-12-02,10100000,11,14,15,21,24,51,
revanchita,3674,2022-12-04,10200000,3,15,17,24,49,53,
revanchita,3675,2022-12-07,10300000,1,18,35,53,55,56,
revanchita,3676,2022-12-09,10400000,4,31,36,38,42,55,
revanchita,3677,2022-12-11,11600000,10,15,21,25,26,28,
revanchita,3678,2022-12-14,13000000,1,9,12,24,26,28,
revanchita,3679,2022-12-16,15000000,9,16,17,33,46,49,
revanchita,3680,2022-12-18,17400000,3,16,20,24,49,51,
revanchita,3681,2022-12-21,18800000,3,8,34,40,48,52,
revanchita,3682,2022-12-23,20500000,6,11,16,25,27,45,
revanchita,3683,2022-12-25,22400000,11,16,19,22,25,47,
revanchita,3684,2022-12-28,23400000,19,21,22,27,45,54,
revanchita,3685,2022-12-30,25000000,3,7,8,26,31,48,
revanchita,3686,2023-01-01,27200000,13,22,25,43,51,54,
revanchita,3687,2023-01-04,29000000,1,8,16,27,37,49,
revanchita,3688,2023-01-06,10000000,1,10,16,26,49,50,
revanchita,3689,2023-01-08,10100000,30,31,33,35,37,46,
revanchita,3690,2023-01-11,10200000,12,13,17,28,29,53,
revanchita,3691,2023-01-13,10300000,5,10,14,15,22,40,
revanchita,3692,2023-01-15,10400000,15,37,42,43,49,51,
revanchita,3693,2023-01-18,10500000,18,19,32,33,37,49,
revanchita,3694,2023-01-20,12200000,1,12,16,20,49,54,
revanchita,3695,2023-01-22,14100000,3,11,38,44,45,53,
revanchita,3696,2023-01-25,15300000,2,9,20,29,48,50,
revanchita,3697,2023-01-27,17100000,13,14,20,25,48,50,
revanchita,3698,2023-01-29,18900000,1,11,13,46,50,55,
revanchita,3699,2023-02-01,20100000,13,16,36,38,42,55,
revanchita,3700,2023-02-03,22100000,13,23,25,32,42,54,
revanchita,3701,2023-02-05,24000000,27,29,32,34,46,53,
revanchita,3702,2023-02-08,25500000,7,9,23,32,54,55,
revanchita,3703,2023-02-10,27100000,5,22,24,36,42,50,
revanchita,3704,2023-02-12,29000000,10,14,39,41,44,49,
revanchita,3705,2023-02-15,30200000,5,7,9,40,42,45,
revanchita,3706,2023-02-17,32100000,14,32,37,39,50,51,
revanchita,3707,2023-02-19,10000000,11,14,15,27,33,49,
revanchita,3708,2023-02-22,10100000,3,6,33,42,45,52,
revanchita,3709,2023-02-24,10000000,1,8,23,29,30,44,
revanchita,3710,2023-02-26,10100000,7,26,33,42,50,55,
revanchita,3711,2023-03-01,10200000,6,16,17,35,43,46,
revanchita,3712,2023-03-03,10300000,12,14,15,28,38,45,
revanchita,3713,2023-03-05,10400000,31,39,40,47,50,53,
revanchita,3714,2023-03-08,10500000,7,10,16,37,44,48,
revanchita,3715,2023-03-10,10900000,1,4,10,13,28,37,
revanchita,3716,2023-03-12,12500000,4,19,21,23,32,55,
revanchita,3717,2023-03-15,13600000,3,19,32,50,52,54,
revanchita,3718,2023-03-17,15400000,5,9,14,24,31,43,
revanchita,3719,2023-03-19,17000000,5,6,11,24,40,43,
revanchita,3720,2023-03-22,18200000,15,23,26,32,45,46,
revanchita,3721,2023-03-24,19800000,19,29,40,42,49,55,
revanchita,3722,2023-03-26,21500000,1,3,14,17,19,21,
revanchita,3723,2023-03-29,22700000,10,30,32,36,48,52,
revanchita,3724,2023-03-31,24200000,6,14,36,42,48,56,
revanchita,3725,2023-04-02,25700000,20,27,31,39,40,47,
revanchita,3726,2023-04-05,26700000,3,16,25,32,35,39,
revanchita,3727,2023-04-07,28500000,2,15,27,37,42,54,
revanchita,3728,2023-04-09,30100000,1,7,11,45,52,54,
revanchita,3729,2023-04-12,31200000,3,6,17,18,39,54,
revanchita,3730,2023-04-14,32900000,12,13,21,23,29,32,
revanchita,3731,2023-04-16,34700000,10,16,25,27,39,40,
revanchita,3732,2023-04-19,35900000,2,3,10,15,41,46,
revanchita,3733,2023-04-21,37700000,2,7,24,36,38,43,
revanchita,3734,2023-04-23,39500000,2,14,23,36,37,43,
revanchita,3735,2023-04-26,40600000,14,24,38,39,49,55,
revanchita,3736,2023-04-28,42300000,4,9,14,30,32,33,
revanchita,3737,2023-04-30,43800000,25,27,43,45,52,55,
revanchita,3738,2023-05-03,44900000,6,22,25,27,37,39,
revanchita,3739,2023-05-05,46700000,10,16,24,27,29,34,
revanchita,3740,2023-05-07,48500000,3,4,7,8,17,21,
revanchita,3741,2023-05-10,49900000,16,26,32,35,44,51,
revanchita,3742,2023-05-12,51500000,10,17,36,42,55,56,
revanchita,3743,2023-05-14,53200000,3,16,18,19,20,49,
revanchita,3744,2023-05-17,54600000,7,11,15,27,31,41,
revanchita,3745,2023-05-19,56500000,4,24,40,46,50,51,
revanchita,3746,2023-05-21,58200000,1,15,21,22,25,31,
revanchita,3747,2023-05-24,59400000,10,11,20,26,41,44,
revanchita,3748,2023-05-26,61100000,17,22,24,27,28,55,
revanchita,3749,2023-05-28,62800000,9,31,44,46,50,56,
revanchita,3750,2023-05-31,64000000,14,15,24,33,41,53,
revanchita,3751,2023-06-02,65800000,10,20,28,31,41,45,
revanchita,3752,2023-06-04,67800000,6,22,29,37,39,42,
revanchita,3753,2023-06-07,69000000,11,21,26,29,47,49,
revanchita,3754,2023-06-09,70800000,8,9,24,29,44,54,
revanchita,3755,2023-06-11,72700000,4,15,26,37,46,56,
revanchita,3756,2023-06-14,73800000,14,24,31,35,42,48,
revanchita,3757,2023-06-16,75600000,1,5,8,19,28,32,
revanchita,3758,2023-06-18,77300000,2,4,22,27,35,42,
revanchita,3759,2023-06-21,78600000,15,26,31,39,45,51,
revanchita,3760,2023-06-23,80400000,5,10,15,21,29,49,
revanchita,3761,2023-06-25,82200000,4,11,24,31,43,49,
revanchita,3762,2023-06-28,83500000,23,32,36,43,48,52,
revanchita,3763,2023-06-30,85300000,8,10,15,43,45,46,
revanchita,3764,2023-07-02,87200000,9,15,25,47,49,56,
revanchita,3765,2023-07-05,88500000,3,24,29,30,37,50,
revanchita,3766,2023-07-07,90400000,6,15,28,38,39,42,
revanchita,3767,2023-07-09,92500000,9,25,31,36,42,51,
revanchita,3768,2023-07-12,93900000,4,5,6,15,18,46,
revanchita,3769,2023-07-14,95900000,9,11,35,40,43,55,
revanchita,3770,2023-07-16,97700000,34,35,37,44,45,52,
revanchita,3771,2023-07-19,99100000,23,34,38,43,45,53,
revanchita,3772,2023-07-21,101100000,8,17,18,30,36,45,
revanchita,3773,2023-07-23,103000000,6,17,19,30,38,40,
revanchita,3774,2023-07-26,104300000,6,9,34,35,36,43,
revanchita,3775,2023-07-28,106300000,5,24,35,37,42,44,
revanchita,3776,2023-07-30,108200000,9,12,14,18,40,46,
revanchita,3777,2023-08-02,109600000,6,9,15,36,39,44,
revanchita,3778,2023-08-04,111500000,11,14,21,32,43,54,
revanchita,3779,2023-08-06,113600000,27,31,36,43,44,51,
revanchita,3780,2023-08-09,115000000,1,3,5,13,17,34,
revanchita,3781,2023-08-11,117100000,20,28,33,51,52,53,
revanchita,3782,2023-08-13,119000000,9,20,29,43,46,49,
revanchita,3783,2023-08-16,120400000,12,14,26,27,33,55,
revanchita,3784,2023-08-18,122500000,4,7,8,37,42,50,
revanchita,3785,2023-08-20,124600000,17,29,30,34,42,52,
revanchita,3786,2023-08-23,126000000,4,5,24,28,38,50,
revanchita,3787,2023-08-25,127900000,1,6,28,36,39,49,
revanchita,3788,2023-08-27,129900000,2,5,15,16,34,38,
revanchita,3789,2023-08-30,131300000,1,5,7,17,43,49,
revanchita,3790,2023-09-01,133300000,1,3,19,25,28,33,
revanchita,3791,2023-09-03,135300000,10,17,21,26,44,50,
revanchita,3792,2023-09-06,136800000,4,16,26,31,32,38,
revanchita,3793,2023-09-08,139000000,7,28,33,35,40,46,
revanchita,3794,2023-09-10,140900000,2,3,39,41,43,44,
revanchita,3795,2023-09-13,142400000,15,16,27,31,49,54,
revanchita,3796,2023-09-15,144100000,6,10,30,38,47,49,
revanchita,3797,2023-09-17,146200000,3,9,15,33,39,41,
revanchita,3798,2023-09-20,148200000,12,14,17,24,36,54,
revanchita,3799,2023-09-22,150200000,18,20,28,41,51,54,
revanchita,3800,2023-09-24,152200000,5,30,42,48,49,52,
revanchita,3801,2023-09-27,153700000,7,23,26,30,38,47,
revanchita,3802,2023-09-29,155700000,23,24,25,35,41,54,
revanchita,3803,2023-10-01,157900000,5,9,11,21,32,35,
revanchita,3804,2023-10-04,159500000,7,11,26,37,48,52,
revanchita,3805,2023-10-06,161800000,1,5,33,43,52,55,
revanchita,3806,2023-10-08,163900000,6,13,18,27,43,47,
revanchita,3807,2023-10-11,165400000,3,24,32,34,49,50,
revanchita,3808,2023-10-13,167500000,1,2,9,27,47,53,
revanchita,3809,2023-10-15,169700000,18,19,23,33,43,50,
revanchita,3810,2023-10-18,171500000,19,22,23,40,44,53,
revanchita,3811,2023-10-20,173700000,3,16,22,26,29,30,
revanchita,3812,2023-10-22,175900000,30,31,36,46,47,51,
revanchita,3813,2023-10-25,177300000,15,22,24,34,35,38,
revanchita,3814,2023-10-27,179200000,19,28,29,32,36,50,
revanchita,3815,2023-10-29,181100000,16,19,34,37,44,45,
revanchita,3816,2023-11-01,182600000,14,44,46,49,53,55,
revanchita,3817,2023-11-03,184600000,9,11,15,24,26,45,
revanchita,3818,2023-11-05,186600000,10,24,27,32,34,47,
revanchita,3819,2023-11-08,188200000,1,8,16,26,35,55,
revanchita,3820,2023-11-10,190400000,27,29,33,44,54,55,
revanchita,3821,2023-11-12,192500000,30,32,35,41,49,53,
revanchita,3822,2023-11-15,194000000,13,14,17,18,27,44,
revanchita,3823,2023-11-17,196200000,12,21,25,31,36,51,
revanchita,3824,2023-11-19,198300000,24,28,31,42,45,49,
revanchita,3825,2023-11-22,199700000,24,31,41,43,52,53,
revanchita,3826,2023-11-24,201700000,4,5,24,37,43,53,
revanchita,3827,2023-11-26,203600000,6,19,41,46,52,54,
revanchita,3828,2023-11-29,205100000,7,9,24,29,31,55,
revanchita,3829,2023-12-01,207300000,25,27,36,44,47,56,
revanchita,3830,2023-12-03,209400000,18,23,43,45,48,52,
revanchita,3831,2023-12-06,211200000,8,17,22,25,41,49,
revanchita,3832,2023-12-08,213400000,3,21,46,48,55,56,
revanchita,3833,2023-12-10,215400000,4,14,31,36,47,49,
revanchita,3834,2023-12-13,216900000,15,18,31,40,41,54,
revanchita,3835,2023-12-15,219100000,2,36,43,46,50,51,
revanchita,3836,2023-12-17,221200000,7,11,17,29,33,36,
revanchita,3837,2023-12-20,223000000,4,14,19,27,33,35,
revanchita,3838,2023-12-22,225100000,14,18,33,34,47,56,
revanchita,3839,2023-12-24,227500000,2,14,20,47,49,55,
revanchita,3840,2023-12-27,229200000,1,9,27,29,36,45,
revanchita,3841,2023-12-29,231100000,2,6,7,16,37,50,
revanchita,3842,2023-12-31,233500000,5,9,27,29,32,53,
revanchita,3843,2024-01-03,235700000,10,29,34,40,46,54,
revanchita,3844,2024-01-05,238100000,13,27,35,45,49,51,
revanchita,3845,2024-01-07,240200000,1,6,15,25,31,54,
revanchita,3846,2024-01-10,242100000,12,14,44,50,52,55,
revanchita,3847,2024-01-12,244400000,8,17,32,52,53,56,
revanchita,3848,2024-01-14,246700000,2,7,11,22,42,49,
revanchita,3849,2024-01-17,248400000,4,11,25,42,43,49,
revanchita,3850,2024-01-19,250700000,15,22,23,37,43,56,
revanchita,3851,2024-01-21,252900000,3,15,29,39,50,55,
revanchita,3852,2024-01-24,254700000,21,23,26,33,38,51,
revanchita,3853,2024-01-26,257000000,10,28,36,43,49,53,
revanchita,3854,2024-01-28,259100000,8,10,11,17,42,47,
revanchita,3855,2024-01-31,260900000,14,25,31,32,37,55,
revanchita,3856,2024-02-02,263300000,11,12,26,35,46,52,
revanchita,3857,2024-02-04,265500000,1,6,10,25,36,54,
revanchita,3858,2024-02-07,267000000,19,21,26,41,43,48,
revanchita,3859,2024-02-09,268900000,15,17,19,22,53,56,
revanchita,3860,2024-02-11,271100000,10,19,23,43,45,55,
revanchita,3861,2024-02-14,272700000,13,14,21,26,37,54,
revanchita,3862,2024-02-16,274700000,10,17,24,37,44,51,
revanchita,3863,2024-02-18,276900000,5,11,28,31,32,56,
revanchita,3864,2024-02-21,278500000,3,5,7,18,20,53,
revanchita,3865,2024-02-23,280600000,2,7,22,27,53,54,
revanchita,3866,2024-02-25,282800000,2,4,6,29,53,56,
revanchita,3867,2024-02-28,284400000,13,19,29,40,45,54,
revanchita,3868,2024-03-01,286500000,3,17,18,29,33,40,
revanchita,3869,2024-03-03,288800000,3,4,20,23,26,35,
revanchita,3870,2024-03-06,290600000,4,7,41,42,43,45,
revanchita,3871,2024-03-08,292900000,17,31,36,43,44,54,
revanchita,3872,2024-03-10,294900000,11,26,31,34,45,51,
revanchita,3873,2024-03-13,296400000,2,5,13,19,25,32,
revanchita,3874,2024-03-15,298600000,6,10,15,24,28,46,
revanchita,3875,2024-03-17,300800000,31,32,36,40,44,50,
revanchita,3876,2024-03-20,302300000,3,12,24,50,52,54,
revanchita,3877,2024-03-22,304500000,18,20,45,47,54,55,
revanchita,3878,2024-03-24,306800000,3,33,37,43,45,49,
revanchita,3879,2024-03-27,308000000,8,12,24,37,53,55,
revanchita,3880,2024-03-29,310100000,5,11,26,29,39,56,
revanchita,3881,2024-03-31,312000000,2,4,19,26,37,56,
revanchita,3882,2024-04-03,313700000,2,7,32,43,47,48,
revanchita,3883,2024-04-05,315900000,13,20,22,37,41,42,
revanchita,3884,2024-04-07,318000000,13,19,29,39,43,49,
revanchita,3885,2024-04-10,319700000,1,11,14,35,41,52,
revanchita,3886,2024-04-12,322000000,3,14,23,28,37,44,
revanchita,3887,2024-04-14,324300000,11,13,17,20,43,51,
revanchita,3888,2024-04-17,326000000,9,24,29,40,42,51,
revanchita,3889,2024-04-19,328400000,15,20,38,39,46,52,
revanchita,3890,2024-04-21,330600000,11,16,23,40,44,54,
revanchita,3891,2024-04-24,332300000,3,7,15,21,22,56,
revanchita,3892,2024-04-26,334500000,9,10,13,29,39,56,
revanchita,3893,2024-04-28,336700000,15,21,29,35,49,51,
revanchita,3894,2024-05-01,338300000,16,18,23,27,34,45,
revanchita,3895,2024-05-03,340600000,17,21,24,32,40,42,
revanchita,3896,2024-05-05,342900000,2,9,36,43,44,51,
revanchita,3897,2024-05-08,344800000,15,18,37,40,47,52,
revanchita,3898,2024-05-10,347100000,26,28,29,40,44,49,
revanchita,3899,2024-05-12,349300000,2,5,16,20,21,47,
revanchita,3900,2024-05-15,351000000,18,23,26,42,45,50,
revanchita,3901,2024-05-17,353300000,20,27,34,41,42,45,
revanchita,3902,2024-05-19,355500000,2,4,20,22,43,47,
revanchita,3903,2024-05-22,357100000,6,21,23,42,43,52,
revanchita,3904,2024-05-24,359300000,4,7,10,21,33,36,
revanchita,3905,2024-05-26,361500000,5,16,22,41,44,45,
revanchita,3906,2024-05-29,363100000,7,10,19,26,28,34,
revanchita,3907,2024-05-31,365000000,10,25,46,49,50,52,
revanchita,3908,2024-06-02,367500000,5,6,19,31,33,43,
revanchita,3909,2024-06-05,369300000,5,15,27,39,50,53,
revanchita,3910,2024-06-07,10000000,1,10,16,17,40,41,
revanchita,3911,2024-06-09,10100000,9,21,29,30,37,38,
revanchita,3912,2024-06-12,10200000,14,23,24,31,36,49,
revanchita,3913,2024-06-14,10300000,8,14,26,27,29,54,
revanchita,3914,2024-06-16,10400000,9,18,21,36,44,46,
revanchita,3915,2024-06-19,10500000,6,9,17,21,34,47,
revanchita,3916,2024-06-21,10600000,7,13,23,25,34,44,
revanchita,3917,2024-06-23,13600000,18,25,28,49,53,55,
revanchita,3918,2024-06-26,15000000,2,25,37,41,43,54,
revanchita,3919,2024-06-28,16700000,16,18,22,29,34,55,
revanchita,3920,2024-06-30,18500000,6,13,27,39,40,41,
revanchita,3921,2024-07-03,20300000,2,16,17,27,43,56,
revanchita,3922,2024-07-05,22300000,30,39,45,47,55,56,
revanchita,3923,2024-07-07,23800000,2,6,13,27,37,47,
revanchita,3924,2024-07-10,25300000,2,30,35,44,53,54,
revanchita,3925,2024-07-12,27300000,8,10,13,14,15,43,
revanchita,3926,2024-07-14,29300000,9,14,25,39,42,55,
revanchita,3927,2024-07-17,30500000,5,11,36,38,41,42,
revanchita,3928,2024-07-19,32300000,7,10,18,23,43,46,
revanchita,3929,2024-07-21,34300000,3,6,16,26,45,48,
revanchita,3930,2024-07-24,35900000,12,15,16,31,35,48,
revanchita,3931,2024-07-26,37500000,1,9,10,13,30,31,
revanchita,3932,2024-07-28,39300000,26,31,32,39,47,53,
revanchita,3933,2024-07-31,40700000,6,19,29,34,40,48,
revanchita,3934,2024-08-02,42500000,5,6,12,13,21,38,
revanchita,3935,2024-08-04,44500000,7,12,13,26,46,56,
revanchita,3936,2024-08-07,46000000,1,9,11,32,42,50,
revanchita,3937,2024-08-09,10000000,4,17,24,26,27,51,
revanchita,3938,2024-08-11,10100000,5,10,26,37,50,51,
revanchita,3939,2024-08-14,10200000,4,12,14,38,43,51,
revanchita,3940,2024-08-16,10300000,9,17,31,41,49,51,
revanchita,3941,2024-08-18,10400000,1,8,10,13,40,54,
revanchita,3942,2024-08-21,10500000,11,21,26,31,34,53,
revanchita,3943,2024-08-23,10700000,8,14,28,47,48,56,
revanchita,3944,2024-08-25,14300000,4,16,39,42,44,47,
revanchita,3945,2024-08-28,15800000,15,19,25,27,47,53,
revanchita,3946,2024-08-30,17700000,14,26,27,34,37,45,
revanchita,3947,2024-09-01,19500000,13,14,16,23,42,43,
revanchita,3948,2024-09-04,21000000,12,21,25,33,43,50,
revanchita,3949,2024-09-06,23000000,4,8,36,51,52,54,
revanchita,3950,2024-09-08,25000000,12,31,38,41,42,47,
revanchita,3951,2024-09-11,26700000,1,20,26,37,53,55,
revanchita,3952,2024-09-13,28700000,13,32,40,45,46,54,
revanchita,3953,2024-09-15,30800000,15,23,29,39,51,54,
revanchita,3954,2024-09-18,32200000,9,12,16,20,24,48,
revanchita,3955,2024-09-20,34000000,7,13,16,20,21,28,
revanchita,3956,2024-09-22,36000000,13,22,24,38,53,55,
revanchita,3957,2024-09-25,37500000,15,27,33,38,52,55,
revanchita,3958,2024-09-27,39500000,9,17,28,31,46,48,
revanchita,3959,2024-09-29,41300000,25,28,31,43,47,49,
revanchita,3960,2024-10-02,10000000,3,7,10,17,20,52,
revanchita,3961,2024-10-04,10100000,5,9,13,16,18,53,
revanchita,3962,2024-10-06,10200000,10,14,20,24,26,27,
revanchita,3963,2024-10-09,10300000,14,17,32,36,38,56,
revanchita,3964,2024-10-11,10400000,6,13,22,33,49,56,
revanchita,3965,2024-10-13,10700000,15,16,42,46,47,54,
revanchita,3966,2024-10-16,12300000,14,26,27,30,31,37,
revanchita,3967,2024-10-18,14300000,10,17,32,35,46,53,
revanchita,3968,2024-10-20,16000000,4,20,29,43,45,48,
revanchita,3969,2024-10-23,17300000,2,12,42,46,49,53,
revanchita,3970,2024-10-25,19300000,9,12,31,49,53,54,
revanchita,3971,2024-10-27,21100000,6,16,30,32,47,49,
revanchita,3972,2024-10-30,22600000,8,18,24,33,36,55,
revanchita,3973,2024-11-01,24500000,5,15,33,44,48,54,
revanchita,3974,2024-11-03,26300000,13,22,30,39,40,49,
revanchita,3975,2024-11-06,28100000,1,6,18,29,35,41,
revanchita,3976,2024-11-08,30100000,3,11,33,42,43,52,
revanchita,3977,2024-11-10,32000000,16,20,27,30,44,56,
revanchita,3978,2024-11-13,33500000,4,17,20,46,49,56,
revanchita,3979,2024-11-15,35500000,14,20,26,27,30,55,
revanchita,3980,2024-11-17,37600000,17,20,21,46,51,52,
revanchita,3981,2024-11-20,39200000,12,23,31,46,49,54,
revanchita,3982,2024-11-22,41300000,5,14,15,23,25,40,
revanchita,3983,2024-11-24,43000000,1,6,10,20,29,48,
revanchita,3984,2024-11-27,44500000,19,25,32,35,53,54,
revanchita,3985,2024-11-29,46400000,4,19,28,37,38,56,
revanchita,3986,2024-12-01,48500000,16,22,34,36,42,46,
revanchita,3987,2024-12-04,50300000,5,6,30,36,40,47,
revanchita,3988,2024-12-06,52300000,6,11,15,34,37,45,
revanchita,3989,2024-12-08,54700000,2,28,35,46,50,53,
revanchita,3990,2024-12-11,56300000,14,27,31,34,36,56,
revanchita,3991,2024-12-13,57900000,1,27,47,48,53,56,
revanchita,3992,2024-12-15,60100000,9,19,25,43,47,54,
revanchita,3993,2024-12-18,10000000,5,19,21,26,50,52,
revanchita,3994,2024-12-20,10100000,1,12,15,27,33,39,
revanchita,3995,2024-12-22,10200000,1,24,40,50,51,56,
revanchita,3996,2024-12-25,10300000,18,22,23,34,39,51,
revanchita,3997,2024-12-27,10400000,3,4,11,21,31,55,
revanchita,3998,2024-12-29,11300000,16,21,23,40,41,54,
revanchita,3999,2025-01-01,13300000,4,6,11,31,45,48,
revanchita,4000,2025-01-03,15700000,4,24,38,43,48,56,
revanchita,4001,2025-01-05,17700000,1,2,5,10,30,49,
revanchita,4002,2025-01-08,19500000,1,20,29,33,40,43,
revanchita,4003,2025-01-10,22200000,24,34,37,39,45,54,
revanchita,4004,2025-01-12,24300000,9,21,22,23,31,34,
revanchita,4005,2025-01-15,10000000,2,17,24,27,28,54,
revanchita,4006,2025-01-17,10100000,1,12,13,19,22,37,
revanchita,4007,2025-01-19,10200000,15,19,22,28,29,31,
revanchita,4008,2025-01-22,10300000,12,15,19,23,44,55,
revanchita,4009,2025-01-24,10400000,1,2,15,37,43,49,
revanchita,4010,2025-01-26,12000000,10,23,30,31,41,45,
revanchita,4011,2025-01-29,13700000,8,14,16,23,54,56,
revanchita,4012,2025-01-31,15700000,10,12,14,25,31,37,
revanchita,4013,2025-02-02,17800000,11,18,33,36,50,55,
revanchita,4014,2025-02-05,19500000,1,13,34,39,46,55,
revanchita,4015,2025-02-07,21700000,12,15,23,35,40,42,
revanchita,4016,2025-02-09,24000000,8,24,29,37,43,52,
revanchita,4017,2025-02-12,25700000,1,10,27,32,33,34,
revanchita,4018,2025-02-14,27700000,10,12,13,14,36,48,
revanchita,4019,2025-02-16,29400000,2,16,26,42,53,55,
revanchita,4020,2025-02-19,30500000,12,19,21,32,38,53,
revanchita,4021,2025-02-21,32500000,10,13,27,28,45,54,
revanchita,4022,2025-02-23,34300000,2,15,31,37,41,52,
revanchita,4023,2025-02-26,35700000,13,19,37,42,51,55,
revanchita,4024,2025-02-28,37700000,5,10,30,31,35,50,
revanchita,4025,2025-03-02,39700000,20,21,22,37,43,55,
revanchita,4026,2025-03-05,41600000,2,7,20,26,28,47,
revanchita,4027,2025-03-07,43700000,8,10,15,36,44,51,
revanchita,4028,2025-03-09,45700000,8,20,28,33,43,47,
revanchita,4029,2025-03-12,47300000,1,11,17,31,49,51,
revanchita,4030,2025-03-14,49100000,7,16,22,27,30,47,
revanchita,4031,2025-03-16,51000000,7,10,12,18,36,53,
revanchita,4032,2025-03-19,52600000,11,15,22,23,28,46,
revanchita,4033,2025-03-21,54500000,7,10,15,34,37,41,
revanchita,4034,2025-03-23,56500000,8,9,21,30,31,32,
revanchita,4035,2025-03-26,58000000,12,26,30,33,40,43,
revanchita,4036,2025-03-28,60000000,5,19,26,37,43,44,
revanchita,4037,2025-03-30,62000000,14,26,32,33,43,48,
revanchita,4038,2025-04-02,63700000,19,20,27,31,41,47,
revanchita,4039,2025-04-04,65900000,10,18,35,38,39,55,
revanchita,4040,2025-04-06,68000000,16,24,37,48,49,53,
revanchita,4041,2025-04-09,69500000,1,5,12,25,37,49,
revanchita,4042,2025-04-11,71800000,13,29,37,38,46,51,
revanchita,4043,2025-04-13,73800000,11,13,17,23,42,50,
revanchita,4044,2025-04-16,75000000,4,18,25,40,41,44,
revanchita,4045,2025-04-18,77000000,9,20,23,25,53,54,
revanchita,4046,2025-04-20,79000000,1,2,20,40,46,48,
revanchita,4047,2025-04-23,80500000,3,9,14,30,32,43,
revanchita,4048,2025-04-25,82500000,14,27,33,39,50,56,
revanchita,4049,2025-04-27,84400000,14,22,28,42,52,55,
revanchita,4050,2025-04-30,86000000,1,10,16,21,29,50,
revanchita,4051,2025-05-02,88100000,23,42,44,47,50,51,
revanchita,4052,2025-05-04,90200000,29,33,36,42,44,46,
revanchita,4053,2025-05-07,92000000,2,14,17,20,21,33,
revanchita,4054,2025-05-09,94100000,8,12,16,46,47,52,
revanchita,4055,2025-05-11,96200000,4,29,35,41,52,55,
revanchita,4056,2025-05-14,98000000,21,27,29,30,45,48,
revanchita,4057,2025-05-16,100000000,18,33,36,40,48,52,
revanchita,4058,2025-05-18,102300000,2,14,40,45,49,53,
revanchita,4059,2025-05-21,104000000,10,21,35,45,48,53,
revanchita,4060,2025-05-23,106000000,3,6,11,36,42,46,
revanchita,4061,2025-05-25,107900000,10,23,29,38,41,50,
revanchita,4062,2025-05-28,109700000,1,7,30,31,49,54,
revanchita,4063,2025-05-30,112100000,9,26,38,40,46,55,
revanchita,4064,2025-06-01,114300000,4,37,40,44,49,56,
revanchita,4065,2025-06-04,116000000,3,6,18,29,48,53,
revanchita,4066,2025-06-06,118300000,1,5,7,23,38,42,
revanchita,4067,2025-06-08,120500000,7,20,27,35,38,48,
revanchita,4068,2025-06-11,122000000,7,27,42,44,55,56,
revanchita,4069,2025-06-13,124100000,20,22,24,33,48,50,
revanchita,4070,2025-06-15,126300000,1,17,18,33,46,49,
revanchita,4071,2025-06-18,128100000,9,15,31,40,45,50,
revanchita,4072,2025-06-20,130200000,24,29,30,31,47,53,
revanchita,4073,2025-06-22,132200000,21,22,36,39,54,55,
revanchita,4074,2025-06-25,133700000,17,24,26,31,39,51,
revanchita,4075,2025-06-27,135900000,1,15,19,35,36,49,
revanchita,4076,2025-06-29,137800000,9,20,37,47,50,52,
revanchita,4077,2025-07-02,139300000,1,19,33,34,36,47,
revanchita,4078,2025-07-04,10000000,1,7,19,32,40,47,
revanchita,4079,2025-07-06,10100000,11,19,32,33,44,46,
revanchita,4080,2025-07-09,10200000,4,6,15,19,38,45,
revanchita,4081,2025-07-11,10300000,8,20,27,30,31,49,
revanchita,4082,2025-07-13,10400000,7,21,35,52,53,56,
revanchita,4083,2025-07-16,10600000,14,26,35,46,50,54,
revanchita,4084,2025-07-18,12700000,11,20,28,43,49,51,
revanchita,4085,2025-07-20,14600000,13,25,26,32,50,55,
revanchita,4086,2025-07-23,16100000,2,33,43,47,51,53,
revanchita,4087,2025-07-25,18000000,1,10,20,41,42,48,
revanchita,4088,2025-07-27,20100000,4,8,24,25,42,43,
revanchita,4089,2025-07-30,21500000,9,10,20,35,37,46,
revanchita,4090,2025-08-01,23300000,2,3,14,38,41,51,
revanchita,4091,2025-08-03,25100000,5,9,13,18,25,39,
revanchita,4092,2025-08-06,26600000,21,28,36,37,40,47,
revanchita,4093,2025-08-08,28500000,6,33,36,49,53,56,
revanchita,4094,2025-08-10,30500000,13,15,17,43,52,55,
revanchita,4095,2025-08-13,32100000,9,15,19,21,25,33,
revanchita,4096,2025-08-15,34000000,8,14,16,26,34,35,
revanchita,4097,2025-08-17,35700000,4,22,33,39,40,54,
revanchita,4098,2025-08-20,37400000,7,10,23,28,37,52,
revanchita,4099,2025-08-22,38800000,1,21,38,47,50,52,
revanchita,4100,2025-08-24,40700000,3,34,35,37,39,40,
revanchita,4101,2025-08-27,42700000,15,26,32,35,47,49,
revanchita,4102,2025-08-29,44500000,7,12,26,28,46,47,
revanchita,4103,2025-08-31,46500000,14,19,21,34,49,52,
revanchita,4104,2025-09-03,48000000,12,16,28,38,44,50,
revanchita,4105,2025-09-05,50200000,7,8,26,38,40,52,
revanchita,4106,2025-09-07,52300000,2,12,17,29,35,55,
revanchita,4107,2025-09-10,53900000,1,5,15,35,42,55,
revanchita,4108,2025-09-12,55900000,8,16,21,28,36,38,
revanchita,4109,2025-09-14,57700000,4,13,21,23,27,31,
revanchita,4110,2025-09-17,59300000,15,22,28,39,51,53,
revanchita,4111,2025-09-19,61300000,3,4,13,22,35,52,
revanchita,4112,2025-09-21,63300000,8,29,38,40,46,51,
revanchita,4113,2025-09-24,64900000,4,12,13,27,39,55,
revanchita,4114,2025-09-26,66900000,4,5,11,26,35,40,
revanchita,4115,2025-09-28,68900000,15,17,25,29,45,47,
revanchita,4116,2025-10-01,70500000,3,16,17,27,29,48,
revanchita,4117,2025-10-03,72600000,19,26,42,47,50,51,
revanchita,4118,2025-10-05,74700000,1,6,9,11,40,53,
revanchita,4119,2025-10-08,76300000,5,26,34,42,49,53,
revanchita,4120,2025-10-10,78300000,3,8,20,29,35,51,
revanchita,4121,2025-10-12,80200000,3,12,20,35,45,46,
revanchita,4122,2025-10-15,81700000,9,10,24,42,44,51,
revanchita,4123,2025-10-17,83800000,8,22,38,43,50,52,
revanchita,4124,2025-10-19,86000000,3,14,22,37,41,48,
revanchita,4125,2025-10-22,87700000,2,6,10,35,44,56,
revanchita,4126,2025-10-24,89900000,3,28,36,41,47,55,
revanchita,4127,2025-10-26,92000000,13,23,28,40,49,50,
revanchita,4128,2025-10-29,93500000,12,33,36,38,43,52,
revanchita,4129,2025-10-31,95500000,13,16,30,31,33,43,
revanchita,4130,2025-11-02,97800000,2,3,18,28,48,56,
revanchita,4131,2025-11-05,99300000,9,20,27,34,42,43,
revanchita,4132,2025-11-07,101700000,15,16,38,41,43,48,
revanchita,4133,2025-11-09,104100000,6,11,17,20,28,46,
revanchita,4134,2025-11-12,105900000,5,16,21,41,45,50,
revanchita,4135,2025-11-14,108100000,3,6,13,37,50,54,
revanchita,4136,2025-11-16,110300000,5,7,11,35,45,54,
revanchita,4137,2025-11-19,112000000,2,3,10,18,28,54,
revanchita,4138,2025-11-21,114200000,2,5,14,38,51,53,
revanchita,4139,2025-11-23,116500000,2,3,22,25,32,51,
revanchita,4140,2025-11-26,118200000,13,14,23,33,38,47,
revanchita,4141,2025-11-28,120500000,7,26,30,31,34,41,
revanchita,4142,2025-11-30,123000000,16,21,31,42,44,52,
revanchita,4143,2025-12-03,124900000,24,32,40,44,45,55,
revanchita,4144,2025-12-05,127400000,5,6,19,45,47,54,
revanchita,4145,2025-12-07,129700000,1,13,22,28,31,56,
revanchita,4146,2025-12-10,131700000,10,30,34,42,46,53,
revanchita,4147,2025-12-12,134000000,7,13,19,23,35,48,
revanchita,4148,2025-12-14,136700000,16,39,47,48,51,56,
revanchita,4149,2025-12-17,138700000,2,31,34,45,46,56,
revanchita,4150,2025-12-19,141400000,9,11,22,28,33,47,
revanchita,4151,2025-12-21,143500000,13,17,23,24,30,43,
revanchita,4152,2025-12-24,145300000,3,5,14,48,54,55,
revanchita,4153,2025-12-26,148700000,14,16,32,48,51,55,
revanchita,4154,2025-12-28,151500000,15,29,33,35,43,46,
revanchita,4155,2025-12-31,153700000,5,16,27,44,45,49,
revanchita,4156,2026-01-02,156800000,8,24,32,42,43,54,
revanchita,4157,2026-01-04,159800000,8,10,27,41,47,50,
revanchita,4158,2026-01-07,161700000,1,16,20,23,25,34,
revanchita,4159,2026-01-09,163900000,9,18,25,32,50,52,
revanchita,4160,2026-01-11,166400000,14,15,16,18,36,50,
revanchita,4161,2026-01-14,168300000,7,10,15,20,40,45,
revanchita,4162,2026-01-16,170600000,31,37,42,45,54,55,
revanchita,4163,2026-01-18,173200000,23,32,35,40,48,54,
revanchita,4164,2026-01-21,175400000,4,22,26,30,35,53,
revanchita,4165,2026-01-23,177700000,9,13,18,21,37,46,
revanchita,4166,2026-01-25,180000000,12,18,20,26,38,51,
revanchita,4167,2026-01-28,182100000,8,19,35,48,51,54,
revanchita,4168,2026-01-30,184000000,6,13,40,43,45,54,
revanchita,4169,2026-02-01,186200000,3,13,29,33,35,50,
revanchita,4170,2026-02-04,188700000,1,4,5,13,43,47,
revanchita,4171,2026-02-06,191000000,9,17,21,25,28,29,
revanchita,4172,2026-02-08,193400000,28,29,30,38,43,50,
revanchita,4173,2026-02-11,195500000,10,18,31,39,53,55,
revanchita,4174,2026-02-13,197800000,6,9,14,20,28,37,
revanchita,4175,2026-02-15,200300000,4,36,38,42,44,48,
revanchita,4176,2026-02-18,202300000,1,10,12,48,49,50,
revanchita,4177,2026-02-20,204900000,6,9,18,22,25,39,
revanchita,4178,2026-02-22,207200000,4,5,9,10,17,33,
revanchita,4179,2026-02-25,208900000,6,17,20,27,47,51,
revanchita,4180,2026-02-27,211300000,4,6,10,24,25,35,
revanchita,4181,2026-03-01,213600000,18,32,34,40,45,51,
revanchita,4182,2026-03-04,215900000,7,27,30,33,50,56,
revanchita,4183,2026-03-06,218000000,11,15,37,40,53,56,
revanchita,4184,2026-03-08,220300000,18,22,25,42,45,52,
revanchita,4185,2026-03-11,222300000,5,7,8,43,46,54,
revanchita,4186,2026-03-13,224800000,16,31,32,36,45,49,
revanchita,4187,2026-03-15,227000000,1,9,14,22,41,56,
revanchita,4188,2026-03-18,228900000,15,17,36,39,48,51,
revanchita,4189,2026-03-20,231200000,13,25,27,31,45,53,
revanchita,4190,2026-03-22,233400000,3,8,15,22,28,53,
revanchita,4191,2026-03-25,235200000,2,7,9,15,22,43,
revanchita,4192,2026-03-27,237600000,2,3,10,22,31,47,
revanchita,4193,2026-03-29,240000000,10,12,19,20,34,44,
revanchita,4194,2026-04-01,10000000,21,32,44,45,53,54,
revanchita,4195,2026-04-03,10100000,1,25,27,44,52,53,
revanchita,4196,2026-04-05,10200000,4,11,15,30,43,54,
revanchita,4197,2026-04-08,10300000,3,11,26,34,38,49,
revanchita,4198,2026-04-10,10400000,4,5,20,38,52,55,
revanchita,4199,2026-04-12,11500000,1,3,8,12,14,36,
revanchita,4200,2026-04-15,13200000,10,25,30,35,38,48,
revanchita,4201,2026-04-17,15400000,8,19,28,33,34,44,
revanchita,4202,2026-04-19,17500000,3,5,28,37,47,55,
revanchita,4203,2026-04-22,19000000,6,9,12,34,47,49,
revanchita,4204,2026-04-24,21200000,7,12,14,17,30,33,
revanchita,4205,2026-04-26,22900000,12,31,42,44,46,50,
revanchita,4206,2026-04-29,24500000,6,26,36,38,39,49,
revanchita,4207,2026-05-01,26500000,5,6,8,10,28,45,
revanchita,4208,2026-05-03,28500000,26,34,40,41,47,56,
revanchita,4209,2026-05-06,30100000,3,6,24,25,38,53,
revanchita,4210,2026-05-08,32300000,5,19,22,23,29,49,
revanchita,4211,2026-05-10,34500000,10,21,22,34,40,45,
revanchita,4212,2026-05-13,36000000,18,25,27,40,42,51,
revanchita,4213,2026-05-15,38100000,25,33,40,45,51,56,
revanchita,4214,2026-05-17,40100000,6,8,32,34,41,48,
revanchita,4215,2026-05-20,42000000,16,32,36,39,44,55,
revanchita,4216,2026-05-22,44200000,7,8,13,36,43,48,
revanchita,4217,2026-05-24,46200000,8,16,17,22,28,46,
revanchita,4218,2026-05-27,47900000,4,12,13,17,22,50,
revanchita,4219,2026-05-29,50000000,3,33,41,44,47,54,
revanchita,4220,2026-05-31,51900000,3,6,7,8,51,54,
revanchita,4221,2026-06-03,53900000,3,7,18,30,33,56,
revanchita,4222,2026-06-05,56100000,3,18,24,32,40,47,
revanchita,4223,2026-06-07,58500000,1,3,11,20,27,30,
revanchita,4224,2026-06-10,60100000,4,13,28,29,43,53,
revanchita,4225,2026-06-12,62200000,8,17,25,47,49,53,
revanchita,4226,2026-06-14,64000000,5,10,13,30,43,45,
revanchita,4227,2026-06-17,65500000,14,24,39,40,47,54,
revanchita,4228,2026-06-19,67300000,13,15,16,22,36,37,
revanchita,4229,2026-06-21,69300000,2,8,11,18,19,21,
revanchita,4230,2026-06-24,71000000,4,18,21,23,39,45,
revanchita,4231,2026-06-26,73000000,4,7,9,36,38,39,
revanchita,4232,2026-06-28,75000000,8,10,20,24,31,56,
revanchita,4233,2026-07-01,76500000,4,15,25,26,27,49,
revanchita,4234,2026-07-03,78500000,2,12,38,52,54,55,
revanchita,4235,2026-07-05,80500000,7,12,14,22,52,55,
revanchita,4236,2026-07-08,82200000,4,8,10,22,27,42,
revanchita,4237,2026-07-10,84300000,10,14,19,38,40,54,
revanchita,4238,2026-07-12,86300000,4,8,21,25,27,40,
revanchita,4239,2026-07-15,87900000,15,17,34,35,41,42,
revanchita,4240,2026-07-17,90000000,1,4,5,33,34,46,
revanchita,4241,2026-07-19,92200000,13,17,29,31,33,54,
revanchita,4242,2026-07-22,93900000,1,5,6,14,18,22,
revanchita,4243,2026-07-24,95700000,18,24,31,41,47,54,
revanchita,4244,2026-07-26,97900000,18,21,26,35,38,45,
revanchita,4245,2026-07-29,99600000,9,13,15,16,22,54,
revanchita,4246,2026-07-31,101600000,1,8,18,26,50,54,
